{"artboards":[{"name":"li","type":"group","bounds":{"width":1440,"height":408,"x":10161,"y":-221.999755859375},"style":{},"id":"53f9ed67-63dd-4212-aae3-4bc93d1006b4","transform":{"a":1,"b":0,"c":0,"d":1,"e":0,"f":127},"children":[{"name":"長方形 1634","type":"rectangle","bounds":{"width":1440,"height":408,"x":10161,"y":-221.999755859375},"style":{"fill":{"type":"color","rgba":"rgba(255, 255, 255, 255)","hex":"#FFFFFF"},"cornerRadii":{"topLeft":5,"topRight":5,"bottomRight":5,"bottomLeft":5}},"id":"62e57bbe-ecc9-43e2-bd9a-efb038c6d1e9","transform":{"a":1,"b":0,"c":0,"d":1,"e":240,"f":2430.964599609375},"children":[]},{"name":"グループ 25011","type":"group","bounds":{"width":280.001953125,"height":136.0029296875,"x":11260.998046875,"y":-68.999755859375},"style":{},"id":"c1b73d57-1886-440c-be1c-0dd44c9ccc1a","transform":{"a":1,"b":0,"c":0,"d":1,"e":489.998046875,"f":120.5003662109375},"children":[{"name":"PDFをブラウザで開く","type":"text","bounds":{"width":146,"height":20,"x":11327.9990234375,"y":47.0029296875},"style":{"fontFamily":"Zen Kaku Gothic New","fontSize":14,"fontStyle":"Medium","textAlign":"center","lineHeight":32,"letterSpacing":60,"fill":{"type":"color","rgba":"rgba(34, 34, 34, 255)","hex":"#222222"}},"id":"c5d5227b-a3c3-4349-82ba-ddf047d00872","transform":{"a":1,"b":0,"c":0,"d":1,"e":990.0009765625,"f":2595.467041015625},"text":"PDFをブラウザで開く","children":[]},{"name":"btn_pdfDL","type":"symbolinstance","bounds":{"width":280.001953125,"height":48.00146484375,"x":11260.998046875,"y":-10.99853515625},"style":{},"id":"b09dd074-a2d6-4cfd-889b-528eda56b1a9","transform":{"a":1,"b":0,"c":0,"d":1,"e":850,"f":2521.465576171875},"children":[{"name":"長方形 1640","type":"rectangle","bounds":{"width":280.001953125,"height":48.00146484375,"x":11260.998046875,"y":-10.99853515625},"style":{"fill":{"type":"color","rgba":"rgba(34, 34, 34, 255)","hex":"#222222"},"cornerRadii":{"topLeft":23,"topRight":23,"bottomRight":23,"bottomLeft":23}},"id":"bef85d78-4d77-45be-b126-87acdf9a160d","transform":{"a":1,"b":0,"c":0,"d":1,"e":0,"f":0},"children":[]},{"name":"グループ 24964","type":"group","bounds":{"width":180.0009765625,"height":28.00146484375,"x":11310.998046875,"y":-0.99853515625},"style":{},"id":"a55941ae-e8de-4e35-8096-db43ab0c6731","transform":{"a":1,"b":0,"c":0,"d":1,"e":-834.9990234375,"f":-2462.96435546875},"children":[{"name":"PDFダウンロード","type":"text","bounds":{"width":150,"height":26,"x":11340.9990234375,"y":0.001953125},"style":{"fontFamily":"Zen Kaku Gothic New","fontSize":18,"fontStyle":"Medium","textAlign":"center","lineHeight":32,"letterSpacing":60,"fill":{"type":"color","rgba":"rgba(255, 255, 255, 255)","hex":"#FFFFFF"}},"id":"95712913-992d-4b45-91c4-0cc0d630ca94","transform":{"a":1,"b":0,"c":0,"d":1,"e":990,"f":2494.964599609375},"text":"PDFダウンロード","children":[]},{"name":"合体 51","type":"booleangroup","bounds":{"width":20.001953125,"height":28.00146484375,"x":11310.9990234375,"y":-0.99853515625},"style":{"fill":{"type":"color","rgba":"rgba(255, 255, 255, 255)","hex":"#FFFFFF"},"stroke":{"color":{"type":"color","rgba":"rgba(0, 0, 0, 0)","hex":"#000000"},"width":1}},"id":"27170eeb-9ec3-4b09-bf64-8e72f195283e","transform":{"a":1,"b":0,"c":0,"d":1,"e":13979,"f":277.96484375},"children":[{"name":"パス 44428","type":"path","bounds":{"width":20,"height":28.000064849853516,"x":11310.9990234375,"y":-0.9980702996253967},"style":{"fill":{"type":"color","rgba":"rgba(255, 255, 255, 255)","hex":"#FFFFFF"},"stroke":{"color":{"type":"color","rgba":"rgba(0, 0, 0, 0)","hex":"#000000"},"width":1}},"id":"b650afc2-8b91-48af-ab45-f01c5d63183e","transform":{"a":1,"b":0,"c":0,"d":1,"e":-13094,"f":2195.000732421875},"children":[]},{"name":"パス 44429","type":"path","bounds":{"width":14.9375,"height":13.313217163085938,"x":11313.529296875,"y":2.7652206420898438},"style":{"fill":{"type":"color","rgba":"rgba(255, 255, 255, 255)","hex":"#FFFFFF"},"stroke":{"color":{"type":"color","rgba":"rgba(0, 0, 0, 0)","hex":"#000000"},"width":1}},"id":"1ac50b3a-4905-401a-bd7c-b8eefcb85dad","transform":{"a":1,"b":0,"c":0,"d":1,"e":-13131.73828125,"f":2139.892822265625},"children":[]},{"name":"パス 44430","type":"path","bounds":{"width":2.7294921875,"height":4.424407958984375,"x":11319.923828125,"y":20.111480712890625},"style":{"fill":{"type":"color","rgba":"rgba(255, 255, 255, 255)","hex":"#FFFFFF"},"stroke":{"color":{"type":"color","rgba":"rgba(0, 0, 0, 0)","hex":"#000000"},"width":1}},"id":"5dfbcfc0-3e93-4423-afcf-0c3a632045c6","transform":{"a":1,"b":0,"c":0,"d":1,"e":-13227.1259765625,"f":1885.894287109375},"children":[]},{"name":"パス 44431","type":"path","bounds":{"width":1.7548828125,"height":2.088714599609375,"x":11314.2802734375,"y":20.052764892578125},"style":{"fill":{"type":"color","rgba":"rgba(255, 255, 255, 255)","hex":"#FFFFFF"},"stroke":{"color":{"type":"color","rgba":"rgba(0, 0, 0, 0)","hex":"#000000"},"width":1}},"id":"c8956405-af2c-4439-9a9e-012d8b765ffe","transform":{"a":1,"b":0,"c":0,"d":1,"e":-13142.9443359375,"f":1886.749267578125},"children":[]}]}]}]},{"name":"グループ 25012","type":"group","bounds":{"width":280.001953125,"height":48.00146484375,"x":11260.998046875,"y":-68.999755859375},"style":{},"id":"e391329f-1c5a-412f-a9cd-f4cf44df56fb","transform":{"a":1,"b":0,"c":0,"d":1,"e":0,"f":0},"children":[{"name":"長方形 1640","type":"rectangle","bounds":{"width":280.001953125,"height":48.00146484375,"x":11260.998046875,"y":-69},"style":{"fill":{"type":"color","rgba":"rgba(34, 34, 34, 255)","hex":"#222222"},"cornerRadii":{"topLeft":23,"topRight":23,"bottomRight":23,"bottomLeft":23}},"id":"a8d80547-a4e8-4a6d-8357-068c0d514ad9","transform":{"a":1,"b":0,"c":0,"d":1,"e":850,"f":2463.464111328125},"children":[]},{"name":"グループ 24964","type":"group","bounds":{"width":179.998046875,"height":28.000732421875,"x":11311.0009765625,"y":-58.9990234375},"style":{},"id":"d700f80a-324f-4162-b68c-6e497e47534d","transform":{"a":1,"b":0,"c":0,"d":1,"e":15.0009765625,"f":0.5},"children":[{"name":"DXFダウンロード","type":"text","bounds":{"width":150,"height":26,"x":11340.9990234375,"y":-57.99951171875},"style":{"fontFamily":"Zen Kaku Gothic New","fontSize":18,"fontStyle":"Medium","textAlign":"center","lineHeight":32,"letterSpacing":60,"fill":{"type":"color","rgba":"rgba(255, 255, 255, 255)","hex":"#FFFFFF"}},"id":"7ab3dfc7-0b97-4284-9c7a-1bda6d764d27","transform":{"a":1,"b":0,"c":0,"d":1,"e":990,"f":2494.964599609375},"text":"DXFダウンロード","children":[]},{"name":"合体 52","type":"booleangroup","bounds":{"width":20.001953125,"height":28.00075912475586,"x":11311.0009765625,"y":-58.9992790222168},"style":{"fill":{"type":"color","rgba":"rgba(255, 255, 255, 255)","hex":"#FFFFFF"}},"id":"6fcd04aa-bdd8-4524-b627-5a3ed53134a1","transform":{"a":1,"b":0,"c":0,"d":1,"e":12204.0029296875,"f":2437.964599609375},"children":[{"name":"パス 44435","type":"path","bounds":{"width":20,"height":28.00006103515625,"x":11311.001953125,"y":-58.999534606933594},"style":{"fill":{"type":"color","rgba":"rgba(255, 255, 255, 255)","hex":"#FFFFFF"}},"id":"027525ea-e16f-43b6-850b-31a75f6f2465","transform":{"a":1,"b":0,"c":0,"d":1,"e":-11319,"f":35.000755310058594},"children":[]},{"name":"パス 44436","type":"path","bounds":{"width":12.1689453125,"height":11.478271484375,"x":11314.9072265625,"y":-54.066139221191406},"style":{"fill":{"type":"color","rgba":"rgba(255, 255, 255, 255)","hex":"#FFFFFF"}},"id":"9e0e063b-5f25-4f98-9e20-e9b93b54d79a","transform":{"a":1,"b":0,"c":0,"d":1,"e":-11377.2392578125,"f":-37.244850158691406},"children":[]},{"name":"パス 44437","type":"path","bounds":{"width":2.5400390625,"height":4.1427001953125,"x":11314.7666015625,"y":-37.767425537109375},"style":{"fill":{"type":"color","rgba":"rgba(255, 255, 255, 255)","hex":"#FFFFFF"}},"id":"95d7a65e-2f55-4594-a761-5dc09db73dc4","transform":{"a":1,"b":0,"c":0,"d":1,"e":-11375.16015625,"f":-275.9049987792969},"children":[]}]}]}]}]},{"name":"グループ 25013","type":"group","bounds":{"width":980,"height":205,"x":10221,"y":-68.999755859375},"style":{},"id":"5c4fcb68-3d3c-418b-8ca6-198d858c3279","transform":{"a":1,"b":0,