{"artboards":[{"name":"グループ 24944","type":"group","bounds":{"width":1520,"height":544.000244140625,"x":12111,"y":-3815.999755859375},"style":{},"id":"35263dd2-3aef-4196-9359-1ba623573f29","transform":{"a":1,"b":0,"c":0,"d":1,"e":0,"f":-140.00048828125},"children":[{"name":"グループ 24096","type":"group","bounds":{"width":1520,"height":494,"x":12111,"y":-3815.999755859375},"style":{},"id":"f4345a2c-85b4-4924-ba5c-b88e4154e30a","transform":{"a":1,"b":0,"c":0,"d":1,"e":200,"f":1052.29345703125},"children":[{"name":"グループ 24100","type":"group","bounds":{"width":740,"height":494,"x":12891,"y":-3815.999755859375},"style":{},"id":"2744cad5-f303-4251-9550-482e65187fbb","transform":{"a":1,"b":0,"c":0,"d":1,"e":780,"f":0},"children":[{"name":"グループ 24069","type":"group","bounds":{"width":740,"height":494,"x":12891,"y":-3815.999755859375},"style":{},"id":"882e8dc7-a88a-4eb8-a791-e3714b019dcc","transform":{"a":1,"b":0,"c":0,"d":1,"e":-0.0980224609375,"f":0},"children":[{"name":"グループ 24098","type":"group","bounds":{"width":740,"height":494,"x":12891,"y":-3815.999755859375},"style":{},"id":"17029d53-e561-48bc-b9cf-48d63632f9da","transform":{"a":1,"b":0,"c":0,"d":1,"e":0,"f":0},"children":[{"name":"長方形 1410","type":"rectangle","bounds":{"width":740,"height":494,"x":12891,"y":-3815.999755859375},"style":{"fill":{"type":"color","rgba":"rgba(255, 255, 255, 255)","hex":"#FFFFFF"},"stroke":{"color":{"type":"color","rgba":"rgba(55, 175, 50, 255)","hex":"#37AF32"},"width":2},"cornerRadii":{"topLeft":10,"topRight":10,"bottomRight":10,"bottomLeft":10}},"id":"b61009cf-1bf1-4b71-bca5-5f3dfd6cc307","transform":{"a":1,"b":0,"c":0,"d":1,"e":0.09804534912109375,"f":18.671092987060547},"children":[]},{"name":"耐震試験","type":"text","bounds":{"width":172,"height":58,"x":12951.001953125,"y":-3716.99951171875},"style":{"fontFamily":"ZenKakuGothicNew-Bold","fontSize":40,"textAlign":"left","lineHeight":56,"letterSpacing":100,"fill":{"type":"color","rgba":"rgba(26, 19, 17, 255)","hex":"#1A1311"}},"id":"1d80f7c2-d427-4560-9ed8-39788035e0a7","transform":{"a":1,"b":0,"c":0,"d":1,"e":60.1002197265625,"f":163.67138671875},"text":"耐震試験","children":[]},{"name":"棟瓦","type":"text","bounds":{"width":42,"height":29,"x":12950.998046875,"y":-3755.99951171875},"style":{"fontFamily":"ZenKakuGothicNew-Bold","fontSize":20,"textAlign":"left","lineHeight":32,"letterSpacing":100,"fill":{"type":"color","rgba":"rgba(73, 164, 63, 255)","hex":"#49A43F"}},"id":"cb03338f-6fce-487e-b0dd-911eedf4cef9","transform":{"a":1,"b":0,"c":0,"d":1,"e":60.0965576171875,"f":101.67138671875},"text":"棟瓦","children":[]},{"name":"長方形 1431","type":"rectangle","bounds":{"width":660,"height":1,"x":12931,"y":-3549.99951171875},"style":{"fill":{"type":"color","rgba":"rgba(34, 34, 34, 255)","hex":"#222222"}},"id":"8e489642-bd2d-4c8e-82f8-2ead7ba24fe8","transform":{"a":1,"b":0,"c":0,"d":1,"e":40.09808349609375,"f":284.67138671875},"children":[]},{"name":"棟瓦を施工した状態で回転試験機の回転台にセットします。試験機の回転台を引き起こして直立させます。地面に対して90度の状態のまま棟を回転させることで、棟から見て水平方向に重力加速度1Gの力が作用します。10回転した後、棟に脱落、浮き上がりや異常なずれ等が見られなければ合格となります。","type":"text","bounds":{"width":620,"height":157,"x":12951,"y":-3518.99951171875},"style":{"fontFamily":"Zen Kaku Gothic New","fontSize":20,"fontStyle":"Medium","textAlign":"left","lineHeight":32,"letterSpacing":60,"fill":{"type":"color","rgba":"rgba(34, 34, 34, 255)","hex":"#222222"}},"id":"3eced627-4a03-4b10-87e4-9124cdfdda90","transform":{"a":1,"b":0,"c":0,"d":1,"e":60.0980224609375,"f":315.67138671875},"text":"棟瓦を施工した状態で回転試験機の回転台にセットします。試験機の回転台を引き起こして直立させます。地面に対して90度の状態のまま棟を回転させることで、棟から見て水平方向に重力加速度1Gの力が作用します。10回転した後、棟に脱落、浮き上がりや異常なずれ等が見られなければ合格となります。","children":[]}]}]},{"name":"NoPath - コピー (2)","type":"rectangle","bounds":{"width":407,"height":196,"x":13184,"y":-3775.99951171875},"style":{"fill":{"type":"image"},"shadow":[{"x":60,"y":60,"blur":30,"spread":0,"color":{"type":"color","rgba":"rgba(0, 0, 0, 128)","hex":"#000000"}}],"cornerRadii":{"topLeft":20,"topRight":20,"bottomRight":20,"bottomLeft":20}},"id":"382ab103-1285-4cca-b8bd-f775e47ce66f","transform":{"a":1,"b":0,"c":0,"d":1,"e":293,"f":58.67138671875},"children":[]}]},{"name":"グループ 24099","type":"group","bounds":{"width":740,"height":494,"x":12111,"y":-3815.999755859375},"style":{},"id":"0ee1c78e-d789-4245-8512-42378ff996eb","transform":{"a":1,"b":0,"c":0,"d":1,"e":0,"f":0},"children":[{"name":"グループ 24069","type":"group","bounds":{"width":740,"height":494,"x":12111,"y":-3815.999755859375},"style":{},"id":"2b12da9e-9766-4ce4-8188-7e83043a17aa","transform":{"a":1,"b":0,"c":0,"d":1,"e":-0.0980224609375,"f":0},"children":[{"name":"グループ 24098","type":"group","bounds":{"width":740,"height":494,"x":12111,"y":-3815.999755859375},"style":{},"id":"10efba2d-2e7c-40fe-9398-d6140006aa2c","transform":{"a":1,"b":0,"c":0,"d":1,"e":0,"f":0},"children":[{"name":"長方形 1410","type":"rectangle","bounds":{"width":740,"height":494,"x":12111,"y":-3815.999755859375},"style":{"fill":{"type":"color","rgba":"rgba(255, 255, 255, 255)","hex":"#FFFFFF"},"stroke":{"color":{"type":"color","rgba":"rgba(55, 175, 50, 255)","hex":"#37AF32"},"width":2},"cornerRadii":{"topLeft":10,"topRight":10,"bottomRight":10,"bottomLeft":10}},"id":"eb04f621-2902-40bf-91a1-99f9777c2b71","transform":{"a":1,"b":0,"c":0,"d":1,"e":0.09804534912109375,"f":18.671092987060547},"children":[]},{"name":"耐風圧力\n試験","type":"text","bounds":{"width":172,"height":114,"x":12171.001953125,"y":-3716.99951171875},"style":{"fontFamily":"ZenKakuGothicNew-Bold","fontSize":40,"textAlign":"left","lineHeight":56,"letterSpacing":100,"fill":{"type":"color","rgba":"rgba(26, 19, 17, 255)","hex":"#1A1311"}},"id":"1500bb30-66b7-445f-9561-5e6b53508cd3","transform":{"a":1,"b":0,"c":0,"d":1,"e":60.1002197265625,"f":163.67138671875},"text":"耐風圧力\n試験","children":[]},{"name":"桟瓦/袖瓦/軒瓦 等","type":"text","bounds":{"width":185,"height":29,"x":12170.998046875,"y":-3755.99951171875},"style":{"fontFamily":"ZenKakuGothicNew-Bold","fontSize":20,"textAlign":"left","lineHeight":32,"letterSpacing":100,"fill":{"type":"color","rgba":"rgba(73, 164, 63, 255)","hex":"#49A43F"}},"id":"f2b035f9-b455-4046-8abe-2a789b91dec8","transform":{"a":1,"b":0,"c":0,"d":1,"e":60.0965576171875,"f":101.67138671875},"text":"桟瓦/袖瓦/軒瓦 等","children":[]},{"name":"長方形 1431","type":"rectangle","bounds":{"width":660,"height":1,"x":12151,"y":-3549.99951171875},"style":{"fill":{"type":"color","rgba":"rgba(34, 34, 34, 255)","hex":"#222222"}},"id":"cf647316-55a9-4721-a3b9-0c4f568a9a49","transform":{"a":1,"b":0,"c":0,"d":1,"e":40.09808349609375,"f":284.67138671875},"children":[]},{"name":"瓦に引上げ用のナットを取り付け、引上げ試験機に接続します。試験機に引上げ加力を設定し、引上げ動作を一定間隔で150回繰り返します。\n繰り返し動作中に原状復帰しない等の不具合が発生しなければ設定した加力相当の耐風圧力を有すると判定します。","type":"text","bounds":{"width":620,"height":157,"x":12171,"y":-3518.99951171875},"style":{"fontFamily":"Zen Kaku Gothic New","fontSize":20,"fontStyle":"Medium","textAlign":"left","lineHeight":32,"letterSpacing":60,"fill":{"type":"color","rgba":"rgba(34, 34, 34, 255)","hex":"#222222"}},"id":"7a55dfe6-32ec-4be0-9449-0cec85fd1796","transform":{"a":1,"b":0,"c":0,"d":1,"e":60.0980224609375,"f":315.67138671875},"text":"瓦に引上げ用のナットを取り付け、引上げ試験機に接続します。試験機に引上げ加力を設定し、引上げ動作を一定間隔で150回繰り返します。\n繰り返し動作中に原状復帰しない等の不具合が発生しなければ設定した加力相当の耐風圧力を有すると判定します。","children":[]}]}]},{"name":"NoPath - コピー","type":"rectangle","bounds":{"width":407,"height":196,"x":12404,"y":-3775.99951171875},"style":{"fill":{"type":"image"},"shadow":[{"x":60,"y":60,"blur":30,"spread":0,"color":{"type":"color","rgba":"rgba(0, 0, 0, 128)","hex":"#000000"}}],"cornerRadii":{"topLeft":20,"topRight":20,"bottomRight":20,"bottomLeft":20}},"id":"a941fe12-7762-4c57-b298-09f93c2f42ef","transform":{"a":1,"b":0,"c":0,"d":1,"e":293,"f":58.67138671875},"children":[]}]}]},{"name":"※詳細は「瓦屋根標準設計・施工ガイドライン 第Ⅱ編 第2章 標準試験」を参照","type":"text","bounds":{"width":525,"height":20,"x":13106,"y":-3291.99951171875},"style":{"fontFamily":"ZenKakuGothicNew-Bold","fontSize":14,"fontStyle":"Medium","textAlign":"right","lineHeight":40,"letterSpacing":60,"fill":{"type":"color","rgba":"rgba(34, 34, 34, 255)",