  0
SECTION
  2
HEADER
  9
$ACADVER
  1
AC1009
  9
$INSBASE
 10
0
 20
0
 30
0
  9
$EXTMIN
 10
0
 20
0
  9
$EXTMAX
 10
1485
 20
1050
  9
$LIMMIN
 10
0
 20
0
  9
$LIMMAX
 10
1485
 20
1050
  9
$LTSCALE
 40
5
  0
ENDSEC
  0
SECTION
  2
TABLES
  0
TABLE
  2
LTYPE
 70
     9
  0
LTYPE
  2
CONTINUOUS
 70
    64
  3
実線
 72
    65
 73
     0
 40
0.0
  0
LTYPE
  2
DASHED1
 70
    64
  3
--  --  --  --  --  --  --  --  
 72
    65
 73
     2
 40
2.5
 49
1.25
 49
-1.25
  0
LTYPE
  2
DASHED2
 70
    64
  3
----    ----    ----    ----    
 72
    65
 73
     2
 40
5.0
 49
2.5
 49
-2.5
  0
LTYPE
  2
DASHED3
 70
    64
  3
------  ------  ------  ------  
 72
    65
 73
     2
 40
5.0
 49
3.75
 49
-1.25
  0
LTYPE
  2
CENTER1
 70
    64
  3
----- - ----- - ----- - ----- - 
 72
    65
 73
     4
 40
10.0
 49
6.25
 49
-1.25
 49
1.25
 49
-1.25
  0
LTYPE
  2
CENTER2
 70
    64
  3
----------  --  ----------  --  
 72
    65
 73
     4
 40
20.0
 49
12.5
 49
-2.5
 49
2.5
 49
-2.5
  0
LTYPE
  2
PHANTOM1
 70
    64
  3
--- - - --- - - --- - - --- - - 
 72
    65
 73
     6
 40
10.0
 49
3.25
 49
-1.25
 49
1.25
 49
-1.25
 49
1.25
 49
-1.25
  0
LTYPE
  2
PHANTOM2
 70
    64
  3
--------  -  -  --------  -  -  
 72
    65
 73
     6
 40
20.0
 49
10.0
 49
-2.5
 49
1.25
 49
-2.5
 49
1.25
 49
-2.5
  0
LTYPE
  2
DOT
 70
    64
  3
-   -   -   -   -   -   -   -   
 72
    65
 73
     2
 40
2.5
 49
0.625
 49
-1.875
  0
LTYPE
  2
DUMMY
 70
    64
  3
ダミー
 72
    65
 73
     0
 40
0.0
  0
LTYPE
  2
RAND1
 70
    64
  3
ランダム線1
 72
    65
 73
     4
 40
10.0
 49
1.0
 49
-2.0
 49
3.0
 49
-4.0
  0
LTYPE
  2
RAND2
 70
    64
  3
ランダム線2
 72
    65
 73
     4
 40
14.0
 49
2.0
 49
-3.0
 49
4.0
 49
-5.0
  0
LTYPE
  2
RAND3
 70
    64
  3
ランダム線3
 72
    65
 73
     4
 40
18.0
 49
3.0
 49
-4.0
 49
5.0
 49
-6.0
  0
LTYPE
  2
RAND4
 70
    64
  3
ランダム線4
 72
    65
 73
     4
 40
22.0
 49
4.0
 49
-5.0
 49
6.0
 49
-7.0
  0
LTYPE
  2
RAND5
 70
    64
  3
ランダム線5
 72
    65
 73
     4
 40
26.0
 49
5.0
 49
-6.0
 49
7.0
 49
-8.0
  0
LTYPE
  2
LONG1
 70
    64
  3
----------  --  ----------  --  
 72
    65
 73
     4
 40
40.0
 49
32.5
 49
-2.5
 49
2.5
 49
-2.5
  0
LTYPE
  2
LONG2
 70
    64
  3
--------  -  -  --------  -  -  
 72
    65
 73
     6
 40
40.0
 49
30.0
 49
-2.5
 49
1.25
 49
-2.5
 49
1.25
 49
-2.5
  0
LTYPE
  2
LONG3
 70
    64
  3
+++++++++++++++..+++++++++++++++
 72
    65
 73
     2
 40
40.0
 49
37.5
 49
-2.5
  0
LTYPE
  2
LONG4
 70
    64
  3
+++++++++++++++..+++++++++++++++
 72
    65
 73
     2
 40
80.0
 49
75.0
 49
-5.0
  0
LTYPE
  2
LONG5
 70
    64
  3
----------  --  ----------  --  
 72
    65
 73
     4
 40
60.0
 49
37.5
 49
-7.5
 49
7.5
 49
-7.5
  0
LTYPE
  2
dashed
 70
   64
  3
-------   -------------   ------
 72
   65
 73
    2
 40
7.5
 49
6
 49
-1.5
  0
LTYPE
  2
dashed_spaced
 70
   64
  3
----        --------        ----
 72
   65
 73
    2
 40
12
 49
6
 49
-6
  0
LTYPE
  2
long_dashed_dotted
 70
   64
  3
------------- --- --------------
 72
   65
 73
    4
 40
15.25
 49
12
 49
-1.5
 49
0.25
 49
-1.5
  0
LTYPE
  2
long_dashed_double-dotted
 70
   64
  3
----------- --- --- ------------
 72
   65
 73
    6
 40
17
 49
12
 49
-1.5
 49
0.25
 49
-1.5
 49
0.25
 49
-1.5
  0
LTYPE
  2
long_dashed_triplicate-dotted
 70
   64
  3
--------- --- --- --- ----------
 72
   65
 73
    8
 40
18.75
 49
12
 49
-1.5
 49
0.25
 49
-1.5
 49
0.25
 49
-1.5
 49
0.25
 49
-1.5
  0
LTYPE
  2
dotted
 70
   64
  3
   -       -       -       -    
 72
   65
 73
    2
 40
1.75
 49
0.25
 49
-1.5
  0
LTYPE
  2
chain
 70
   64
  3
-------------- -- --------------
 72
   65
 73
    4
 40
18.5
 49
12
 49
-1.5
 49
3.5
 49
-1.5
  0
LTYPE
  2
chain_double_dash
 70
   64
  3
------------ -- -- -------------
 72
   65
 73
    6
 40
23.5
 49
12
 49
-1.5
 49
3.5
 49
-1.5
 49
3.5
 49
-1.5
  0
LTYPE
  2
dashed_dotted
 70
   64
  3
-----------     -     ----------
 72
   65
 73
    4
 40
9.25
 49
6
 49
-1.5
 49
0.25
 49
-1.5
  0
LTYPE
  2
double-dashed_dotted
 70
   64
  3
------   -----------   -   -----
 72
   65
 73
    6
 40
16.75
 49
6
 49
-1.5
 49
6
 49
-1.5
 49
0.25
 49
-1.5
  0
LTYPE
  2
dashed_double-dotted
 70
   64
  3
---------    -    -    ---------
 72
   65
 73
    6
 40
11
 49
6
 49
-1.5
 49
0.25
 49
-1.5
 49
0.25
 49
-1.5
  0
LTYPE
  2
double-dashed_double-dotted
 70
   64
  3
-----   ---------   -   -   ----
 72
   65
 73
    8
 40
18.5
 49
6
 49
-1.5
 49
6
 49
-1.5
 49
0.25
 49
-1.5
 49
0.25
 49
-1.5
  0
LTYPE
  2
dashed_triplicate-dotted
 70
   64
  3
-------    -    -    -    ------
 72
   65
 73
    8
 40
12.75
 49
6
 49
-1.5
 49
0.25
 49
-1.5
 49
0.25
 49
-1.5
 49
0.25
 49
-1.5
  0
LTYPE
  2
double-dashed_triplicate-dotted
 70
   64
  3
-----  ---------  -  -  -  -----
 72
   65
 73
   10
 40
20.25
 49
6
 49
-1.5
 49
6
 49
-1.5
 49
0.25
 49
-1.5
 49
0.25
 49
-1.5
 49
0.25
 49
-1.5
  0
LTYPE
  2
undefined
 70
   64
  3
--------------------------------
 72
   65
 73
    0
 40
0
  0
ENDTAB
  0
TABLE
  2
STYLE
  5
3
100
AcDbSymbolTable
 70
     1
  0
STYLE
  5
10
100
AcDbSymbolTableRecord
100
AcDbTextStyleTableRecord
  2
STANDARD
 70
     0
 40
0.0
 41
1.0
 50
0.0
 71
     0
 42
0.2
  3
txt
  4
bigfont.shx
  0
STYLE
  5
26
100
AcDbSymbolTableRecord
100
AcDbTextStyleTableRecord
  2
TATEGAKI
 70
    68
 40
0.0
 41
1.0
 50
0.0
 71
     0
 42
1.0
  3
txt
  4
bigfont.shx
  0
ENDTAB
  0
TABLE
  2
LAYER
 70
    9
  0
LAYER
  2
_0-0_用紙枠
 70
   64
 62
    7
  6
CONTINUOUS
  0
LAYER
  2
_0-1_補助線
 70
   64
 62
    7
  6
CONTINUOUS
  0
LAYER
  2
_0-2_タイトル
 70
   64
 62
    7
  6
CONTINUOUS
  0
LAYER
  2
_0-3_文字
 70
   64
 62
    7
  6
CONTINUOUS
  0
LAYER
  2
_0-4_寸法
 70
   64
 62
    7
  6
CONTINUOUS
  0
LAYER
  2
_0-5_躯体
 70
   64
 62
    7
  6
CONTINUOUS
  0
LAYER
  2
_0-6_副資材
 70
   64
 62
    7
  6
CONTINUOUS
  0
LAYER
  2
_0-7_瓦
 70
   64
 62
    7
  6
CONTINUOUS
  0
LAYER
  2
ADD_LINE
 70
   64
 62
    7
  6
CONTINUOUS
  0
ENDTAB
  0
ENDSEC
  0
SECTION
  2
BLOCKS
  0
BLOCK
  2
-000-防災大熨斗_断面_
 70
   64
 10
0
 20
0
 30
0
  0
ARC
  8
_0-7_瓦
  6
CONTINUOUS
 62
    2
 10
63.81210125000004
 20
-892.01611885416673
 40
1389.4166250000001
 50
104.09675
 51
120.56289899999999
  0
LINE
  8
_0-7_瓦
  6
CONTINUOUS
 62
    2
 10
-274.59419374999999
 20
455.55938614583317
 11
-234.42663374999998
 21
518.25306114583339
  0
LINE
  8
_0-7_瓦
  6
CONTINUOUS
 62
    2
 10
-642.68394375000003
 20
304.37089614583334
 11
-649.86434874999998
 21
189.79501114583337
  0
ARC
  8
_0-7_瓦
  6
CONTINUOUS
 62
    2
 10
9.1238462499999642
 20
-447.69603385416667
 40
996.17994999999996
 50
90.54392
 51
104.15136699999999
  0
LINE
  8
_0-7_瓦
  6
CONTINUOUS
 62
    2
 10
-540.29524375000005
 20
261.51045114583331
 11
-581.70872374999999
 21
210.55457114583328
  0
LINE
  8
_0-7_瓦
  6
CONTINUOUS
 62
    2
 10
-638.94063875000006
 20
183.71219614583333
 11
-581.70872374999999
 21
210.55457114583328
  0
ARC
  8
_0-7_瓦
  6
CONTINUOUS
 62
    2
 10
10.354506250000048
 20
-464.05055385416665
 40
928.68142000000012
 50
90.656223999999995
 51
99.605187999999998
  0
ARC
  8
_0-7_瓦
  6
CONTINUOUS
 62
    2
 10
-149.01315375000001
 20
333.82667614583335
 40
117.86746000000001
 50
87.855919999999998
 51
151.68971500000001
  0
ARC
  8
_0-7_瓦
  6
CONTINUOUS
 62
    2
 10
-284.56615875
 20
414.26376114583326
 40
40.153974999999996
 50
281.15207700000002
 51
322.329498
  0
ARC
  8
_0-7_瓦
  6
CONTINUOUS
 62
    2
 10
74.190541249999967
 20
-803.91746385416673
 40
1229.9306550000001
 50
106.58121199999998
 51
120.007126
  0
LINE
  8
_0-7_瓦
  6
CONTINUOUS
 62
    2
 10
-649.86434874999998
 20
189.79501114583337
 11
-638.94063875000006
 21
183.71219614583333
  0
ARC
  8
_0-7_瓦
  6
CONTINUOUS
 62
    2
 10
-8.5724837500000248
 20
-447.70684385416666
 40
996.17994999999996
 50
75.918647000000007
 51
89.526093000000003
  0
ARC
  8
_0-7_瓦
  6
CONTINUOUS
 62
    2
 10
-9.7831637499999644
 20
-464.06285885416673
 40
928.68142000000012
 50
80.464826000000002
 51
89.413789000000008
  0
ARC
  8
_0-7_瓦
  6
CONTINUOUS
 62
    2
 10
148.60940124999993
 20
334.00852114583336
 40
117.86746000000001
 50
28.380298
 51
92.214093000000005
  0
ARC
  8
_0-7_瓦
  6
CONTINUOUS
 62
    2
 10
284.06401124999996
 20
414.61118614583319
 40
40.153974999999996
 50
217.74051599999999
 51
258.917936
  0
ARC
  8
_0-7_瓦
  6
CONTINUOUS
 62
    2
 10
-73.203843749999947
 20
-804.00751885416662
 40
1229.9306550000001
 50
60.062887000000011
 51
73.488800999999995
  0
LINE
  8
_0-7_瓦
  6
CONTINUOUS
 62
    2
 10
539.97956625000006
 20
262.17047614583328
 11
581.45528625000009
 21
211.26524114583327
  0
LINE
  8
_0-7_瓦
  6
CONTINUOUS
 62
    2
 10
638.71995624999988
 20
184.49282114583332
 11
581.45528625000009
 21
211.26524114583327
  0
ARC
  8
_0-7_瓦
  6
CONTINUOUS
 62
    2
 10
-62.717758749999945
 20
-892.09342385416676
 40
1389.4166250000001
 50
59.507114999999992
 51
75.973263999999986
  0
LINE
  8
_0-7_瓦
  6
CONTINUOUS
 62
    2
 10
642.31581625000001
 20
305.15601114583325
 11
649.63622625000016
 21
190.58898614583336
  0
LINE
  8
_0-7_瓦
  6
CONTINUOUS
 62
    2
 10
649.63622625000016
 20
190.58898614583336
 11
638.71995624999988
 21
184.49282114583332
  0
LINE
  8
_0-7_瓦
  6
CONTINUOUS
 62
    2
 10
274.04159625
 20
455.89459114583326
 11
233.7974562500001
 21
518.53914114583324
  0
LINE
  8
_0-7_瓦
  6
DASHED2
 62
    2
 10
-62.831393749999961
 20
545.88181114583347
 11
-62.831393749999961
 21
461.7426211458332
  0
LINE
  8
_0-7_瓦
  6
DASHED2
 62
    2
 10
62.16858124999996
 20
545.95818614583334
 11
62.16858124999996
 21
461.82705614583318
  0
ENDBLK
  0
BLOCK
  2
-001-防災小熨斗_断面_
 70
   64
 10
0
 20
0
 30
0
  0
LINE
  8
_0-7_瓦
  6
CONTINUOUS
 62
    2
 10
-994.77383000000009
 20
605.61616416666664
 11
-997.55021000000011
 21
367.75453416666676
  0
ARC
  8
_0-7_瓦
  6
CONTINUOUS
 62
    2
 10
53.825150000000015
 20
-1653.4561158333331
 40
2490.5757100000001
 50
103.83663799999998
 51
114.89942699999997
  0
LINE
  8
_0-7_瓦
  6
CONTINUOUS
 62
    2
 10
-541.80702000000008
 20
764.84694416666639
 11
-470.97075000000007
 21
891.67655416666673
  0
LINE
  8
_0-7_瓦
  6
CONTINUOUS
 62
    2
 10
-895.49123000000009
 20
396.71317416666636
 11
-988.69979000000001
 21
362.77599416666658
  0
LINE
  8
_0-7_瓦
  6
CONTINUOUS
 62
    2
 10
-895.49123000000009
 20
396.71317416666636
 11
-798.36732999999992
 21
498.83778416666655
  0
LINE
  8
_0-7_瓦
  6
CONTINUOUS
 62
    2
 10
-798.36732999999992
 20
498.83778416666655
 11
-535.07433000000003
 21
599.04448416666651
  0
LINE
  8
_0-7_瓦
  6
CONTINUOUS
 62
    2
 10
-535.07433000000003
 20
599.04448416666651
 11
-446.75705000000005
 21
700.10412416666679
  0
ARC
  8
_0-7_瓦
  6
CONTINUOUS
 62
    2
 10
-7.7477000000000054
 20
-965.73762583333337
 40
1914.30484
 50
89.757502000000017
 51
104.003418
  0
ARC
  8
_0-7_瓦
  6
CONTINUOUS
 62
    2
 10
-282.52874000000003
 20
514.59666416666676
 40
247.75785999999999
 50
102.82120399999999
 51
131.51821599999997
  0
ARC
  8
_0-7_瓦
  6
CONTINUOUS
 62
    2
 10
29.93738999999994
 20
-2458.6616758333339
 40
3235.7697400000002
 50
90.524968999999999
 51
96.520431000000002
  0
LINE
  8
_0-7_瓦
  6
CONTINUOUS
 62
    2
 10
-997.55021000000011
 20
367.75453416666676
 11
-988.69979000000001
 21
362.77599416666658
  0
LINE
  8
_0-7_瓦
  6
CONTINUOUS
 62
    2
 10
535.52175999999986
 20
598.64453416666674
 11
447.28000999999995
 21
699.77013416666648
  0
ARC
  8
_0-7_瓦
  6
CONTINUOUS
 62
    2
 10
-55.060509999999958
 20
-1653.4154458333337
 40
2490.5757100000001
 50
65.057765000000003
 51
76.120553000000001
  0
LINE
  8
_0-7_瓦
  6
CONTINUOUS
 62
    2
 10
798.73981000000003
 20
498.24114416666657
 11
535.52175999999986
 21
598.64453416666674
  0
LINE
  8
_0-7_瓦
  6
CONTINUOUS
 62
    2
 10
895.78737999999998
 20
396.04400416666647
 11
798.73981000000003
 21
498.24114416666657
  0
LINE
  8
_0-7_瓦
  6
CONTINUOUS
 62
    2
 10
995.22602999999992
 20
604.8727541666666
 11
997.82470000000001
 21
367.00911416666668
  0
LINE
  8
_0-7_瓦
  6
CONTINUOUS
 62
    2
 10
895.78737999999998
 20
396.04400416666647
 11
988.97057000000007
 21
362.03719416666684
  0
LINE
  8
_0-7_瓦
  6
CONTINUOUS
 62
    2
 10
997.82470000000001
 20
367.00911416666668
 11
988.97057000000007
 21
362.03719416666684
  0
ARC
  8
_0-7_瓦
  6
CONTINUOUS
 62
    2
 10
7.0261499999999764
 20
-965.7431458333333
 40
1914.30484
 50
75.953773999999996
 51
90.199689000000006
  0
ARC
  8
_0-7_瓦
  6
CONTINUOUS
 62
    2
 10
282.91313999999988
 20
514.38542416666689
 40
247.75785999999999
 50
48.438975999999997
 51
77.135987999999998
  0
LINE
  8
_0-7_瓦
  6
CONTINUOUS
 62
    2
 10
542.3783199999998
 20
764.44192416666635
 11
471.63683000000003
 21
891.32441416666677
  0
ARC
  8
_0-7_瓦
  6
CONTINUOUS
 62
    2
 10
-31.774370000000086
 20
-2458.6386258333332
 40
3235.7697400000002
 50
83.436761000000004
 51
89.432221999999996
  0
LINE
  8
_0-7_瓦
  6
DASHED2
 62
    2
 10
-125.34241000000006
 20
773.38009416666648
 11
-125.27831000000003
 21
944.95585416666654
  0
LINE
  8
_0-7_瓦
  6
DASHED2
 62
    2
 10
125.92020000000008
 20
773.28622416666644
 11
125.98429999999996
 21
944.8619841666665
  0
ENDBLK
  0
BLOCK
  2
-002-5寸丸紐付_正面_
 70
   64
 10
0
 20
0
 30
0
  0
ARC
  8
_0-7_瓦
  6
CONTINUOUS
 62
    2
 10
0.0035991545188096
 20
-4.9819416401917493
 40
122.25475
 50
4.517000000000019
 51
175.48300000000003
  0
ARC
  8
_0-7_瓦
  6
CONTINUOUS
 62
    2
 10
0.0035991545188096
 20
-4.9819416401917493
 40
94.129750000000001
 50
7.9159604527822713
 51
172.00158440618929
  0
LINE
  8
_0-7_瓦
  6
CONTINUOUS
 62
    2
 10
121.87859915451881
 20
4.6461833598083047
 11
75.033469180302319
 21
10.10143497936717
  0
ARC
  8
_0-7_瓦
  6
CONTINUOUS
 62
    2
 10
-0.016275845481033
 20
-4.8918166401917063
 40
76.532749999999993
 50
11.297674826636502
 51
168.53725040305955
  0
LINE
  8
_0-7_瓦
  6
CONTINUOUS
 62
    2
 10
-121.87140084548119
 20
4.6461833598083047
 11
-75.022512416453395
 21
10.317598142166773
  0
ENDBLK
  0
BLOCK
  2
-003-押さえ木
 70
   64
 10
0
 20
0
 30
0
  0
LINE
  8
_0-6_副資材
  6
CONTINUOUS
 62
    4
 10
-20.000027500000002
 20
-7.499987499999996
 11
-20.000027500000002
 21
7.4999874999999605
  0
LINE
  8
_0-6_副資材
  6
CONTINUOUS
 62
    4
 10
-20.000027500000002
 20
7.4999874999999605
 11
20.000027500000002
 21
7.4999874999999605
  0
LINE
  8
_0-6_副資材
  6
CONTINUOUS
 62
    4
 10
20.000027500000002
 20
7.4999874999999605
 11
20.000027500000002
 21
-7.499987499999996
  0
LINE
  8
_0-6_副資材
  6
CONTINUOUS
 62
    4
 10
20.000027500000002
 20
-7.499987499999996
 11
-20.000027500000002
 21
-7.499987499999996
  0
LINE
  8
_0-6_副資材
  6
CONTINUOUS
 62
    4
 10
-20.000027500000002
 20
7.4999874999999605
 11
20.000027500000002
 21
-7.499987499999996
  0
ENDBLK
  0
BLOCK
  2
-004-らくちんスリムビス180mm
 70
   64
 10
0
 20
0
 30
0
  0
LINE
  8
_0-6_副資材
  6
CONTINUOUS
 62
    4
 10
-275
 20
125
 11
275
 21
125
  0
LINE
  8
_0-6_副資材
  6
CONTINUOUS
 62
    4
 10
-125
 20
275
 11
125
 21
275
  0
LINE
  8
_0-6_副資材
  6
CONTINUOUS
 62
    4
 10
-250
 20
0
 11
250
 21
0
  0
LINE
  8
_0-6_副資材
  6
CONTINUOUS
 62
    4
 10
250
 20
125
 11
250
 21
0
  0
LINE
  8
_0-6_副資材
  6
CONTINUOUS
 62
    4
 10
-250
 20
0
 11
-250
 21
125
  0
LINE
  8
_0-6_副資材
  6
CONTINUOUS
 62
    4
 10
-181.25
 20
200
 11
-125
 21
275
  0
LINE
  8
_0-6_副資材
  6
CONTINUOUS
 62
    4
 10
125
 20
275
 11
181.25
 21
200
  0
LINE
  8
_0-6_副資材
  6
CONTINUOUS
 62
    4
 10
82.499999999999929
 20
0
 11
82.499999999999929
 21
-8650
  0
LINE
  8
_0-6_副資材
  6
CONTINUOUS
 62
    4
 10
-82.499999999999929
 20
0
 11
-82.499999999999929
 21
-8650
  0
LINE
  8
_0-6_副資材
  6
CONTINUOUS
 62
    4
 10
0
 20
-8900
 11
82.499999999999929
 21
-8650
  0
LINE
  8
_0-6_副資材
  6
CONTINUOUS
 62
    4
 10
-82.499999999999929
 20
-8650
 11
0
 21
-8900
  0
LINE
  8
_0-6_副資材
  6
CONTINUOUS
 62
    4
 10
-112.5
 20
-5937.5
 11
112.5
 21
-5862.5
  0
LINE
  8
_0-6_副資材
  6
CONTINUOUS
 62
    4
 10
-112.5
 20
-6082.5
 11
112.5
 21
-6007.5
  0
LINE
  8
_0-6_副資材
  6
CONTINUOUS
 62
    4
 10
-112.5
 20
-6227.5
 11
112.5
 21
-6152.5
  0
LINE
  8
_0-6_副資材
  6
CONTINUOUS
 62
    4
 10
-112.5
 20
-6372.5
 11
112.5
 21
-6297.5
  0
LINE
  8
_0-6_副資材
  6
CONTINUOUS
 62
    4
 10
-112.5
 20
-6517.5
 11
112.5
 21
-6442.5
  0
LINE
  8
_0-6_副資材
  6
CONTINUOUS
 62
    4
 10
-112.5
 20
-6662.5
 11
112.5
 21
-6587.5
  0
LINE
  8
_0-6_副資材
  6
CONTINUOUS
 62
    4
 10
-112.5
 20
-6807.5
 11
112.5
 21
-6732.5
  0
LINE
  8
_0-6_副資材
  6
CONTINUOUS
 62
    4
 10
-112.5
 20
-6952.5
 11
112.5
 21
-6877.5
  0
LINE
  8
_0-6_副資材
  6
CONTINUOUS
 62
    4
 10
-112.5
 20
-7097.5
 11
112.5
 21
-7022.5
  0
LINE
  8
_0-6_副資材
  6
CONTINUOUS
 62
    4
 10
-112.5
 20
-7242.5
 11
112.5
 21
-7167.5
  0
LINE
  8
_0-6_副資材
  6
CONTINUOUS
 62
    4
 10
-112.5
 20
-7387.5
 11
112.5
 21
-7312.5
  0
LINE
  8
_0-6_副資材
  6
CONTINUOUS
 62
    4
 10
-112.5
 20
-7532.5
 11
112.5
 21
-7457.5
  0
LINE
  8
_0-6_副資材
  6
CONTINUOUS
 62
    4
 10
-112.5
 20
-7677.5
 11
112.5
 21
-7602.5
  0
LINE
  8
_0-6_副資材
  6
CONTINUOUS
 62
    4
 10
-112.5
 20
-7822.5
 11
112.5
 21
-7747.5
  0
LINE
  8
_0-6_副資材
  6
CONTINUOUS
 62
    4
 10
-112.5
 20
-7967.5
 11
112.5
 21
-7892.5
  0
LINE
  8
_0-6_副資材
  6
CONTINUOUS
 62
    4
 10
-112.5
 20
-8112.5
 11
112.5
 21
-8037.5
  0
LINE
  8
_0-6_副資材
  6
CONTINUOUS
 62
    4
 10
-112.5
 20
-8257.5
 11
112.5
 21
-8182.5
  0
LINE
  8
_0-6_副資材
  6
CONTINUOUS
 62
    4
 10
-112.5
 20
-8402.5
 11
112.5
 21
-8327.5
  0
LINE
  8
_0-6_副資材
  6
CONTINUOUS
 62
    4
 10
-112.5
 20
-8547.5
 11
112.5
 21
-8472.5
  0
LINE
  8
_0-6_副資材
  6
CONTINUOUS
 62
    4
 10
-112.5
 20
-8692.5
 11
112.5
 21
-8617.5
  0
LINE
  8
_0-6_副資材
  6
CONTINUOUS
 62
    4
 10
-112.5
 20
-8837.5
 11
112.5
 21
-8762.5
  0
LINE
  8
_0-6_副資材
  6
CONTINUOUS
 62
    4
 10
-275
 20
125
 11
-275
 21
200
  0
LINE
  8
_0-6_副資材
  6
CONTINUOUS
 62
    4
 10
275
 20
125
 11
275
 21
200
  0
LINE
  8
_0-6_副資材
  6
CONTINUOUS
 62
    4
 10
-275
 20
200
 11
275
 21
200
  0
ENDBLK
  0
BLOCK
  2
-005-らくちんスリムビス55mm
 70
   64
 10
0
 20
0
 30
0
  0
LINE
  8
_0-6_副資材
  6
CONTINUOUS
 62
    4
 10
-275
 20
1078.3870967741937
 11
275
 21
1078.3870967741937
  0
LINE
  8
_0-6_副資材
  6
CONTINUOUS
 62
    4
 10
-125
 20
1228.3870967741937
 11
125
 21
1228.3870967741937
  0
LINE
  8
_0-6_副資材
  6
CONTINUOUS
 62
    4
 10
-250
 20
953.38709677419365
 11
250
 21
953.38709677419365
  0
LINE
  8
_0-6_副資材
  6
CONTINUOUS
 62
    4
 10
250
 20
1078.3870967741937
 11
250
 21
953.38709677419365
  0
LINE
  8
_0-6_副資材
  6
CONTINUOUS
 62
    4
 10
-250
 20
953.38709677419365
 11
-250
 21
1078.3870967741937
  0
LINE
  8
_0-6_副資材
  6
CONTINUOUS
 62
    4
 10
-181.25
 20
1153.3870967741937
 11
-125
 21
1228.3870967741937
  0
LINE
  8
_0-6_副資材
  6
CONTINUOUS
 62
    4
 10
125
 20
1228.3870967741937
 11
181.25
 21
1153.3870967741937
  0
LINE
  8
_0-6_副資材
  6
CONTINUOUS
 62
    4
 10
82.499999999999929
 20
953.38709677419365
 11
82.499999999999929
 21
-1446.6129032258063
  0
LINE
  8
_0-6_副資材
  6
CONTINUOUS
 62
    4
 10
-82.499999999999929
 20
953.38709677419365
 11
-82.499999999999929
 21
-1446.6129032258063
  0
LINE
  8
_0-6_副資材
  6
CONTINUOUS
 62
    4
 10
0
 20
-1696.6129032258063
 11
82.499999999999929
 21
-1446.6129032258063
  0
LINE
  8
_0-6_副資材
  6
CONTINUOUS
 62
    4
 10
-82.499999999999929
 20
-1446.6129032258063
 11
0
 21
-1696.6129032258063
  0
LINE
  8
_0-6_副資材
  6
CONTINUOUS
 62
    4
 10
-112.5
 20
685.88709677419388
 11
112.5
 21
760.88709677419388
  0
LINE
  8
_0-6_副資材
  6
CONTINUOUS
 62
    4
 10
-112.5
 20
540.88709677419354
 11
112.5
 21
615.88709677419354
  0
LINE
  8
_0-6_副資材
  6
CONTINUOUS
 62
    4
 10
-112.5
 20
395.88709677419325
 11
112.5
 21
470.88709677419325
  0
LINE
  8
_0-6_副資材
  6
CONTINUOUS
 62
    4
 10
-112.5
 20
250.88709677419297
 11
112.5
 21
325.88709677419297
  0
LINE
  8
_0-6_副資材
  6
CONTINUOUS
 62
    4
 10
-112.5
 20
105.88709677419409
 11
112.5
 21
180.88709677419411
  0
LINE
  8
_0-6_副資材
  6
CONTINUOUS
 62
    4
 10
-112.5
 20
-39.112903225806193
 11
112.5
 21
35.887096774193807
  0
LINE
  8
_0-6_副資材
  6
CONTINUOUS
 62
    4
 10
-112.5
 20
-184.11290322580646
 11
112.5
 21
-109.11290322580648
  0
LINE
  8
_0-6_副資材
  6
CONTINUOUS
 62
    4
 10
-112.5
 20
-329.11290322580675
 11
112.5
 21
-254.11290322580675
  0
LINE
  8
_0-6_副資材
  6
CONTINUOUS
 62
    4
 10
-112.5
 20
-474.11290322580703
 11
112.5
 21
-399.11290322580703
  0
LINE
  8
_0-6_副資材
  6
CONTINUOUS
 62
    4
 10
-112.5
 20
-619.11290322580589
 11
112.5
 21
-544.11290322580589
  0
LINE
  8
_0-6_副資材
  6
CONTINUOUS
 62
    4
 10
-112.5
 20
-764.11290322580612
 11
112.5
 21
-689.11290322580612
  0
LINE
  8
_0-6_副資材
  6
CONTINUOUS
 62
    4
 10
-112.5
 20
-909.11290322580635
 11
112.5
 21
-834.11290322580635
  0
LINE
  8
_0-6_副資材
  6
CONTINUOUS
 62
    4
 10
-112.5
 20
-1054.1129032258068
 11
112.5
 21
-979.11290322580669
  0
LINE
  8
_0-6_副資材
  6
CONTINUOUS
 62
    4
 10
-112.5
 20
-1199.112903225807
 11
112.5
 21
-1124.112903225807
  0
LINE
  8
_0-6_副資材
  6
CONTINUOUS
 62
    4
 10
-112.5
 20
-1344.1129032258059
 11
112.5
 21
-1269.1129032258059
  0
LINE
  8
_0-6_副資材
  6
CONTINUOUS
 62
    4
 10
-112.5
 20
-1489.1129032258061
 11
112.5
 21
-1414.1129032258061
  0
LINE
  8
_0-6_副資材
  6
CONTINUOUS
 62
    4
 10
-112.5
 20
-1634.1129032258063
 11
112.5
 21
-1559.1129032258063
  0
LINE
  8
_0-6_副資材
  6
CONTINUOUS
 62
    4
 10
-275
 20
1078.3870967741937
 11
-275
 21
1153.3870967741937
  0
LINE
  8
_0-6_副資材
  6
CONTINUOUS
 62
    4
 10
275
 20
1078.3870967741937
 11
275
 21
1153.3870967741937
  0
LINE
  8
_0-6_副資材
  6
CONTINUOUS
 62
    4
 10
-275
 20
1153.3870967741937
 11
275
 21
1153.3870967741937
  0
ENDBLK
  0
BLOCK
  2
-006-棟一番自在受けF90_前面_
 70
   64
 10
0
 20
0
 30
0
  0
LINE
  8
_0-6_副資材
  6
CONTINUOUS
 62
    4
 10
-55
 20
14.999999999999858
 11
55
 21
15.000000000000142
  0
LINE
  8
_0-6_副資材
  6
CONTINUOUS
 62
    4
 10
11.25
 20
-0.0000000000001421
 11
11.25
 21
-142.49999999999983
  0
LINE
  8
_0-6_副資材
  6
CONTINUOUS
 62
    4
 10
-11.25
 20
-0.0000000000001421
 11
-11.25
 21
-142.5
  0
LINE
  8
_0-6_副資材
  6
CONTINUOUS
 62
    4
 10
-13.75
 20
-102.50000000000014
 11
13.75
 21
-97.500000000000142
  0
LINE
  8
_0-6_副資材
  6
CONTINUOUS
 62
    4
 10
-5.625
 20
-150
 11
5.625
 21
-150
  0
LINE
  8
_0-6_副資材
  6
CONTINUOUS
 62
    4
 10
-13.75
 20
-107.50000000000014
 11
13.75
 21
-102.50000000000014
  0
LINE
  8
_0-6_副資材
  6
CONTINUOUS
 62
    4
 10
-13.75
 20
-112.50000000000014
 11
13.75
 21
-107.50000000000014
  0
LINE
  8
_0-6_副資材
  6
CONTINUOUS
 62
    4
 10
-13.75
 20
-117.50000000000014
 11
13.75
 21
-112.50000000000014
  0
LINE
  8
_0-6_副資材
  6
CONTINUOUS
 62
    4
 10
-13.75
 20
-122.5
 11
13.75
 21
-117.50000000000014
  0
LINE
  8
_0-6_副資材
  6
CONTINUOUS
 62
    4
 10
-13.75
 20
-127.5
 11
13.75
 21
-122.5
  0
LINE
  8
_0-6_副資材
  6
CONTINUOUS
 62
    4
 10
-13.75
 20
-132.5
 11
13.75
 21
-127.5
  0
LINE
  8
_0-6_副資材
  6
CONTINUOUS
 62
    4
 10
-13.75
 20
-137.5
 11
13.75
 21
-132.5
  0
LINE
  8
_0-6_副資材
  6
CONTINUOUS
 62
    4
 10
-13.75
 20
-142.5
 11
13.75
 21
-137.5
  0
LINE
  8
_0-6_副資材
  6
CONTINUOUS
 62
    4
 10
-11.25
 20
-142.5
 11
11.25
 21
-142.5
  0
LINE
  8
_0-6_副資材
  6
CONTINUOUS
 62
    4
 10
-11.25
 20
-142.5
 11
-5.625
 21
-150
  0
LINE
  8
_0-6_副資材
  6
CONTINUOUS
 62
    4
 10
11.25
 20
-142.5
 11
5.625
 21
-150
  0
LINE
  8
_0-6_副資材
  6
CONTINUOUS
 62
    4
 10
-57.5
 20
12.499999999999858
 11
57.5
 21
12.499999999999858
  0
LINE
  8
_0-6_副資材
  6
CONTINUOUS
 62
    4
 10
-55
 20
14.999999999999858
 11
-55
 21
77.499999999999858
  0
LINE
  8
_0-6_副資材
  6
CONTINUOUS
 62
    4
 10
-57.5
 20
12.499999999999858
 11
-57.5
 21
77.499999999999858
  0
LINE
  8
_0-6_副資材
  6
CONTINUOUS
 62
    4
 10
-57.5
 20
77.499999999999858
 11
-55
 21
77.499999999999858
  0
LINE
  8
_0-6_副資材
  6
CONTINUOUS
 62
    4
 10
55
 20
15.000000000000142
 11
55
 21
77.499999999999858
  0
LINE
  8
_0-6_副資材
  6
CONTINUOUS
 62
    4
 10
57.5
 20
12.499999999999858
 11
57.5
 21
77.499999999999858
  0
LINE
  8
_0-6_副資材
  6
CONTINUOUS
 62
    4
 10
-13.75
 20
-37.500000000000142
 11
13.75
 21
-32.500000000000142
  0
LINE
  8
_0-6_副資材
  6
CONTINUOUS
 62
    4
 10
-13.75
 20
-42.500000000000142
 11
13.75
 21
-37.500000000000142
  0
LINE
  8
_0-6_副資材
  6
CONTINUOUS
 62
    4
 10
-13.75
 20
-47.500000000000142
 11
13.75
 21
-42.500000000000142
  0
LINE
  8
_0-6_副資材
  6
CONTINUOUS
 62
    4
 10
-13.75
 20
-52.500000000000142
 11
13.75
 21
-47.500000000000142
  0
LINE
  8
_0-6_副資材
  6
CONTINUOUS
 62
    4
 10
-13.75
 20
-57.500000000000142
 11
13.75
 21
-52.500000000000142
  0
LINE
  8
_0-6_副資材
  6
CONTINUOUS
 62
    4
 10
-13.75
 20
-62.500000000000142
 11
13.75
 21
-57.500000000000142
  0
LINE
  8
_0-6_副資材
  6
CONTINUOUS
 62
    4
 10
-13.75
 20
-67.500000000000142
 11
13.75
 21
-62.500000000000142
  0
LINE
  8
_0-6_副資材
  6
CONTINUOUS
 62
    4
 10
-13.75
 20
-72.500000000000142
 11
13.75
 21
-67.500000000000142
  0
LINE
  8
_0-6_副資材
  6
CONTINUOUS
 62
    4
 10
-13.75
 20
-77.500000000000142
 11
13.75
 21
-72.500000000000142
  0
LINE
  8
_0-6_副資材
  6
CONTINUOUS
 62
    4
 10
-13.75
 20
-82.500000000000142
 11
13.75
 21
-77.500000000000142
  0
LINE
  8
_0-6_副資材
  6
CONTINUOUS
 62
    4
 10
-13.75
 20
-87.500000000000142
 11
13.75
 21
-82.500000000000142
  0
LINE
  8
_0-6_副資材
  6
CONTINUOUS
 62
    4
 10
-13.75
 20
-92.500000000000142
 11
13.75
 21
-87.500000000000142
  0
LINE
  8
_0-6_副資材
  6
CONTINUOUS
 62
    4
 10
-13.75
 20
-97.500000000000142
 11
13.75
 21
-92.500000000000142
  0
LINE
  8
_0-6_副資材
  6
CONTINUOUS
 62
    4
 10
-12.5
 20
19.999999999999858
 11
12.5
 21
19.999999999999645
  0
LINE
  8
_0-6_副資材
  6
CONTINUOUS
 62
    4
 10
-18.75
 20
0.0000000000001421
 11
18.75
 21
-0.0000000000001421
  0
LINE
  8
_0-6_副資材
  6
CONTINUOUS
 62
    4
 10
-13.75
 20
-7.5000000000001421
 11
13.75
 21
-2.5000000000001421
  0
LINE
  8
_0-6_副資材
  6
CONTINUOUS
 62
    4
 10
-13.75
 20
-12.500000000000142
 11
13.75
 21
-7.5000000000001421
  0
LINE
  8
_0-6_副資材
  6
CONTINUOUS
 62
    4
 10
-13.75
 20
-17.500000000000142
 11
13.75
 21
-12.500000000000142
  0
LINE
  8
_0-6_副資材
  6
CONTINUOUS
 62
    4
 10
-13.75
 20
-22.500000000000142
 11
13.75
 21
-17.500000000000142
  0
LINE
  8
_0-6_副資材
  6
CONTINUOUS
 62
    4
 10
-13.75
 20
-27.500000000000142
 11
13.75
 21
-22.500000000000142
  0
LINE
  8
_0-6_副資材
  6
CONTINUOUS
 62
    4
 10
-13.75
 20
-32.500000000000142
 11
13.75
 21
-27.500000000000142
  0
LINE
  8
_0-6_副資材
  6
CONTINUOUS
 62
    4
 10
-18.75
 20
12.499999999999858
 11
-18.75
 21
0.0000000000001421
  0
LINE
  8
_0-6_副資材
  6
CONTINUOUS
 62
    4
 10
-12.5
 20
14.999999999999858
 11
-12.5
 21
19.999999999999858
  0
LINE
  8
_0-6_副資材
  6
CONTINUOUS
 62
    4
 10
18.75
 20
12.499999999999858
 11
18.75
 21
0.0000000000001421
  0
LINE
  8
_0-6_副資材
  6
CONTINUOUS
 62
    4
 10
12.5
 20
14.999999999999858
 11
12.5
 21
19.999999999999858
  0
LINE
  8
_0-6_副資材
  6
CONTINUOUS
 62
    4
 10
55
 20
77.499999999999858
 11
57.5
 21
77.499999999999858
  0
ENDBLK
  0
BLOCK
  2
-007-のし受け台座通気穴なし_断面_
 70
   64
 10
0
 20
0
 30
0
  0
LINE
  8
_0-6_副資材
  6
CONTINUOUS
 62
    4
 10
-2.0087794702319428
 20
4.7415204548918677
 11
2.0079789792921332
 21
4.7415204548918677
  0
LINE
  8
_0-6_副資材
  6
CONTINUOUS
 62
    4
 10
-2.0005349216751256
 20
4.7065662383100015
 11
1.9997821319159215
 21
4.7065662383100015
  0
LINE
  8
_0-6_副資材
  6
CONTINUOUS
 62
    4
 10
-11.418880071447594
 20
-2.0018590282817761
 11
-8.3152386236505347
 21
-0.6056725426931763
  0
LINE
  8
_0-6_副資材
  6
CONTINUOUS
 62
    4
 10
-11.387628636404898
 20
-1.9497783452286299
 11
-8.3348887440556432
 21
-0.5764901438046798
  0
LINE
  8
_0-6_副資材
  6
CONTINUOUS
 62
    4
 10
-7.1557351243435807
 20
1.6070407364620158
 11
-8.3348887440556432
 21
-0.5764901438046798
  0
LINE
  8
_0-6_副資材
  6
CONTINUOUS
 62
    4
 10
-2.0118719053437579
 20
4.7406432487286301
 11
-7.1557351243435807
 21
1.6070407364620158
  0
LINE
  8
_0-6_副資材
  6
CONTINUOUS
 62
    4
 10
-2.0005349216751256
 20
4.7065662383100015
 11
-7.1273297212053937
 21
1.594071178627775
  0
LINE
  8
_0-6_副資材
  6
CONTINUOUS
 62
    4
 10
-7.1273297212053937
 20
1.594071178627775
 11
-8.3152386236505347
 21
-0.6056725426931763
  0
LINE
  8
_0-6_副資材
  6
CONTINUOUS
 62
    4
 10
-7.9722949302672719
 20
-5.0244288058049857
 11
-9.6832040793605465
 21
-1.2210346409614337
  0
LINE
  8
_0-6_副資材
  6
CONTINUOUS
 62
    4
 10
-9.6832040793605465
 20
-1.2210346409614337
 11
-8.3152386236505347
 21
-0.6056725426931763
  0
LINE
  8
_0-6_副資材
  6
CONTINUOUS
 62
    4
 10
-8.3152386236505347
 20
-0.6056725426931763
 11
-8.3008801746909562
 21
-0.637591736660783
  0
LINE
  8
_0-6_副資材
  6
CONTINUOUS
 62
    4
 10
-8.3008801746909562
 20
-0.637591736660783
 11
-9.6369264364339884
 21
-1.2385953859682408
  0
LINE
  8
_0-6_副資材
  6
CONTINUOUS
 62
    4
 10
-7.94037573630062
 20
-5.0100703568451488
 11
-9.6369264364339884
 21
-1.2385953859682408
  0
LINE
  8
_0-6_副資材
  6
CONTINUOUS
 62
    4
 10
-7.9722949302672719
 20
-5.0244288058049857
 11
-7.94037573630062
 21
-5.0100703568451488
  0
LINE
  8
_0-6_副資材
  6
CONTINUOUS
 62
    4
 10
-11.418833799847043
 20
-2.0018382128020962
 11
-11.5604909154662
 21
-0.0824669274572742
  0
LINE
  8
_0-6_副資材
  6
CONTINUOUS
 62
    4
 10
-11.372255823710585
 20
-0.5950023410944838
 11
-11.410897780410995
 21
-0.0714263683999111
  0
LINE
  8
_0-6_副資材
  6
CONTINUOUS
 62
    4
 10
-11.407160888556218
 20
-0.5975784715412213
 11
-11.445802845256621
 21
-0.0740024988467197
  0
ARC
  8
_0-6_副資材
  6
CONTINUOUS
 62
    4
 10
-11.485694347937997
 20
-0.076946647929173
 40
0.0399999999999804
 50
4.2210000000407009
 51
184.22100000004068
  0
ARC
  8
_0-6_副資材
  6
CONTINUOUS
 62
    4
 10
-11.485694347937997
 20
-0.076946647929173
 40
0.0749999999999805
 50
4.2210000000407009
 51
184.22100000004068
  0
LINE
  8
_0-6_副資材
  6
CONTINUOUS
 62
    4
 10
-11.38758236480423
 20
-1.9497575297500791
 11
-11.52558585061942
 21
-0.0798907970105583
  0
LINE
  8
_0-6_副資材
  6
CONTINUOUS
 62
    4
 10
-11.407160888556218
 20
-0.5975784715412213
 11
-11.372255823615856
 21
-0.5950023410875993
  0
ARC
  8
_0-6_副資材
  6
CONTINUOUS
 62
    4
 10
-8.990697782369617
 20
-1.1142367415736865
 40
0.2965627827616736
 50
352.18396347453756
 51
54.9850691964673
  0
ARC
  8
_0-6_副資材
  6
CONTINUOUS
 62
    4
 10
-8.3644996923818198
 20
-3.3887834112864224
 40
2.720680512718499
 50
95.919072334449524
 51
101.38647429077862
  0
LINE
  8
_0-6_副資材
  6
CONTINUOUS
 62
    4
 10
-8.6968901223651063
 20
-1.1545671648535649
 11
-8.8421346068337421
 21
-1.2199035740088093
  0
LINE
  8
_0-6_副資材
  6
CONTINUOUS
 62
    4
 10
-8.9873790913034775
 20
-1.2852399831651695
 11
-8.8421346068337421
 21
-1.2199035740088093
  0
LINE
  8
_0-6_副資材
  6
CONTINUOUS
 62
    4
 10
-9.1172735526094471
 20
-1.0048360555508673
 11
-8.8205330585154744
 21
-0.8713510670783675
  0
ARC
  8
_0-6_副資材
  6
CONTINUOUS
 62
    4
 10
-8.8226436171948635
 20
-1.0386396837142997
 40
0.2965627827616736
 50
173.45493080338517
 51
236.25603652565965
  0
LINE
  8
_0-6_副資材
  6
CONTINUOUS
 62
    4
 10
-8.6326141741791425
 20
-0.7102892023664786
 11
-8.9974049623684529
 21
-0.8743857619050121
  0
LINE
  8
_0-6_副資材
  6
CONTINUOUS
 62
    4
 10
-8.6450661777946856
 20
-0.6826080844559789
 11
-8.6326141741791425
 21
-0.7102892023664786
  0
LINE
  8
_0-6_副資材
  6
CONTINUOUS
 62
    4
 10
-9.3746477541734254
 20
-1.0108012035319136
 11
-9.3621957505577633
 21
-1.0384823214435446
  0
ARC
  8
_0-6_副資材
  6
CONTINUOUS
 62
    4
 10
-7.5358500974334399
 20
-3.0160257869266505
 40
2.720680512718499
 50
127.05352570926809
 51
132.52092766558607
  0
LINE
  8
_0-6_副資材
  6
CONTINUOUS
 62
    4
 10
-9.3621957505577633
 20
-1.0384823214435446
 11
-8.9974049623684529
 21
-0.8743857619050121
  0
LINE
  8
_0-6_副資材
  6
CONTINUOUS
 62
    4
 10
-9.1752256478245027
 20
-0.8447242746844818
 11
-9.0384291022528949
 21
-0.7831880648584854
  0
LINE
  8
_0-6_副資材
  6
CONTINUOUS
 62
    4
 10
-8.901632556680779
 20
-0.7216518550305073
 11
-9.0384291022528949
 21
-0.7831880648584854
  0
LINE
  8
_0-6_副資材
  6
CONTINUOUS
 62
    4
 10
11.41812728168839
 20
-2.0018590282817761
 11
8.3144858338916841
 21
-0.605672542693213
  0
LINE
  8
_0-6_副資材
  6
CONTINUOUS
 62
    4
 10
11.386875846645577
 20
-1.9497783452297601
 11
8.3341359542965083
 21
-0.5764901438046876
  0
LINE
  8
_0-6_副資材
  6
CONTINUOUS
 62
    4
 10
7.1549823345855064
 20
1.6070407364618973
 11
8.3341359542965083
 21
-0.5764901438046876
  0
LINE
  8
_0-6_副資材
  6
CONTINUOUS
 62
    4
 10
2.0111191155845538
 20
4.7406432487286301
 11
7.1549823345855064
 21
1.6070407364618973
  0
LINE
  8
_0-6_副資材
  6
CONTINUOUS
 62
    4
 10
1.9997821319159215
 20
4.7065662383100015
 11
7.1265769314465421
 21
1.594071178627738
  0
LINE
  8
_0-6_副資材
  6
CONTINUOUS
 62
    4
 10
7.1265769314465421
 20
1.594071178627738
 11
8.3144858338916841
 21
-0.605672542693213
  0
LINE
  8
_0-6_副資材
  6
CONTINUOUS
 62
    4
 10
7.9775726277789882
 20
-5.0248926980111968
 11
9.6832897853051136
 21
-1.2191672391614539
  0
LINE
  8
_0-6_副資材
  6
CONTINUOUS
 62
    4
 10
9.6832897853051136
 20
-1.2191672391614539
 11
8.3144858338916841
 21
-0.605672542693213
  0
LINE
  8
_0-6_副資材
  6
CONTINUOUS
 62
    4
 10
8.3144858338916841
 20
-0.605672542693213
 11
8.3001709576407663
 21
-0.6376113015606865
  0
LINE
  8
_0-6_副資材
  6
CONTINUOUS
 62
    4
 10
8.3001709576407663
 20
-0.6376113015606865
 11
9.6370361501877451
 21
-1.2367911217771155
  0
LINE
  8
_0-6_副資材
  6
CONTINUOUS
 62
    4
 10
7.9456338689124557
 20
-5.0105778217601626
 11
9.6370361501877451
 21
-1.2367911217771155
  0
LINE
  8
_0-6_副資材
  6
CONTINUOUS
 62
    4
 10
7.9775726277789882
 20
-5.0248926980111968
 11
7.9456338689124557
 21
-5.0105778217601626
  0
LINE
  8
_0-6_副資材
  6
CONTINUOUS
 62
    4
 10
11.418081010087839
 20
-2.0018382128020962
 11
11.559738125707348
 21
-0.0824669274573108
  0
LINE
  8
_0-6_副資材
  6
CONTINUOUS
 62
    4
 10
11.371503033951381
 20
-0.5950023410944838
 11
11.410144990652213
 21
-0.071426368399956
  0
LINE
  8
_0-6_副資材
  6
CONTINUOUS
 62
    4
 10
11.406408098797014
 20
-0.5975784715412213
 11
11.445050055497841
 21
-0.0740024988467641
  0
ARC
  8
_0-6_副資材
  6
CONTINUOUS
 62
    4
 10
11.484941558179148
 20
-0.0769466479292102
 40
0.0399999999999804
 50
355.77899999996089
 51
175.77899999996089
  0
ARC
  8
_0-6_副資材
  6
CONTINUOUS
 62
    4
 10
11.484941558179148
 20
-0.0769466479292102
 40
0.0749999999999805
 50
355.77899999996089
 51
175.77899999996089
  0
LINE
  8
_0-6_副資材
  6
CONTINUOUS
 62
    4
 10
11.38682957504432
 20
-1.9497575297500047
 11
11.524833060860637
 21
-0.0798907970106027
  0
LINE
  8
_0-6_副資材
  6
CONTINUOUS
 62
    4
 10
11.406408098797014
 20
-0.5975784715412213
 11
11.371503033856651
 21
-0.5950023410875993
  0
ARC
  8
_0-6_副資材
  6
CONTINUOUS
 62
    4
 10
8.9906383886907033
 20
-1.1133144855222432
 40
0.2965627827616736
 50
125.0931209681676
 51
187.89422669019709
  0
ARC
  8
_0-6_副資材
  6
CONTINUOUS
 62
    4
 10
8.3675448996660844
 20
-3.3887135943695537
 40
2.720680512718499
 50
78.691715873787899
 51
84.159117830146414
  0
LINE
  8
_0-6_副資材
  6
CONTINUOUS
 62
    4
 10
8.6968860402077777
 20
-1.1540458233312634
 11
8.8422195524185465
 21
-1.2191839600735921
  0
LINE
  8
_0-6_副資材
  6
CONTINUOUS
 62
    4
 10
8.9875530646299655
 20
-1.2843220968158464
 11
8.8422195524185465
 21
-1.2191839600735921
  0
LINE
  8
_0-6_副資材
  6
CONTINUOUS
 62
    4
 10
9.1170647446430735
 20
-1.0037411665319829
 11
8.8201423631862355
 21
-0.8706612568056892
  0
ARC
  8
_0-6_副資材
  6
CONTINUOUS
 62
    4
 10
8.8224812145574845
 20
-1.0379468374404632
 40
0.2965627827616736
 50
303.82215363893818
 51
6.6232593611998958
  0
LINE
  8
_0-6_副資材
  6
CONTINUOUS
 62
    4
 10
8.6320038566707797
 20
-0.7098559903472345
 11
8.9970182437143205
 21
-0.8734545760726708
  0
LINE
  8
_0-6_副資材
  6
CONTINUOUS
 62
    4
 10
8.6444180729512059
 20
-0.6821579052694626
 11
8.6320038566707797
 21
-0.7098559903472345
  0
LINE
  8
_0-6_副資材
  6
CONTINUOUS
 62
    4
 10
9.3744468470387616
 20
-1.0093550767185278
 11
9.3620326307582484
 21
-1.0370531617971468
  0
ARC
  8
_0-6_副資材
  6
CONTINUOUS
 62
    4
 10
7.5383873831743822
 20
-3.0170871548209499
 40
2.720680512718499
 50
47.557262499026095
 51
53.024664455349992
  0
LINE
  8
_0-6_副資材
  6
CONTINUOUS
 62
    4
 10
9.3620326307582484
 20
-1.0370531617971468
 11
8.9970182437143205
 21
-0.8734545760726708
  0
LINE
  8
_0-6_副資材
  6
CONTINUOUS
 62
    4
 10
9.1747982852873271
 20
-0.8435504489586698
 11
9.0379178901460762
 21
-0.7822009793122564
  0
LINE
  8
_0-6_副資材
  6
CONTINUOUS
 62
    4
 10
8.9010374950039601
 20
-0.7208515096638934
 11
9.0379178901460762
 21
-0.7822009793122564
  0
ENDBLK
  0
BLOCK
  2
-008-棟芯材
 70
   64
 10
0
 20
0
 30
0
  0
LINE
  8
_0-6_副資材
  6
CONTINUOUS
 62
    4
 10
-20
 20
0
 11
20
 21
0
  0
LINE
  8
_0-6_副資材
  6
CONTINUOUS
 62
    4
 10
20
 20
0
 11
20
 21
40
  0
LINE
  8
_0-6_副資材
  6
CONTINUOUS
 62
    4
 10
20
 20
40
 11
-20
 21
40
  0
LINE
  8
_0-6_副資材
  6
CONTINUOUS
 62
    4
 10
-20
 20
40
 11
-20
 21
0
  0
LINE
  8
_0-6_副資材
  6
CONTINUOUS
 62
    4
 10
-20
 20
40
 11
20
 21
0
  0
ENDBLK
  0
BLOCK
  2
-009-SS850
 70
   64
 10
0
 20
0
 30
0
  0
LINE
  8
_0-6_副資材
  6
CONTINUOUS
 62
    4
 10
-118.75005937500021
 20
-27.52869250000003
 11
-118.75005937500021
 21
117.47115749999992
  0
LINE
  8
_0-6_副資材
  6
CONTINUOUS
 62
    4
 10
-108.75000937500019
 20
-2.5288924999998796
 11
-108.75000937500019
 21
-27.52869250000003
  0
LINE
  8
_0-6_副資材
  6
CONTINUOUS
 62
    4
 10
-118.75005937500021
 20
117.47115749999992
 11
118.7500406249999
 21
117.47115749999992
  0
LINE
  8
_0-6_副資材
  6
CONTINUOUS
 62
    4
 10
118.7500406249999
 20
117.47115749999992
 11
118.7500406249999
 21
-27.52869250000003
  0
LINE
  8
_0-6_副資材
  6
CONTINUOUS
 62
    4
 10
108.74996562499994
 20
-27.52869250000003
 11
108.74996562499994
 21
-2.5288924999998796
  0
LINE
  8
_0-6_副資材
  6
CONTINUOUS
 62
    4
 10
-55.000009375000054
 20
115.72118250000003
 11
54.999965625000151
 21
115.72118250000003
  0
LINE
  8
_0-6_副資材
  6
CONTINUOUS
 62
    4
 10
-55.000009375000054
 20
-71.778867499999834
 11
-321.79513437500026
 21
-191.68134250000014
  0
LINE
  8
_0-6_副資材
  6
CONTINUOUS
 62
    4
 10
54.999965625000151
 20
-71.778867499999834
 11
321.79509062499994
 21
-191.68134250000014
  0
LINE
  8
_0-6_副資材
  6
CONTINUOUS
 62
    4
 10
-116.99998437499985
 20
-27.52869250000003
 11
-116.99998437499985
 21
115.72118250000003
  0
LINE
  8
_0-6_副資材
  6
CONTINUOUS
 62
    4
 10
-110.49998437500008
 20
-2.5288924999998796
 11
-110.49998437500008
 21
-27.52869250000003
  0
LINE
  8
_0-6_副資材
  6
CONTINUOUS
 62
    4
 10
-116.99998437499985
 20
115.72118250000003
 11
117.000065625
 21
115.72118250000003
  0
LINE
  8
_0-6_副資材
  6
CONTINUOUS
 62
    4
 10
110.50006562499988
 20
-27.52869250000003
 11
110.50006562499988
 21
-2.5288924999998796
  0
LINE
  8
_0-6_副資材
  6
CONTINUOUS
 62
    4
 10
117.000065625
 20
115.72118250000003
 11
117.000065625
 21
-27.52869250000003
  0
LINE
  8
_0-6_副資材
  6
CONTINUOUS
 62
    4
 10
-110.49998437500008
 20
-2.5288924999998796
 11
-108.75000937500019
 21
-2.5288924999998796
  0
LINE
  8
_0-6_副資材
  6
CONTINUOUS
 62
    4
 10
108.74996562499994
 20
-2.5288924999998796
 11
110.50006562499988
 21
-2.5288924999998796
  0
LINE
  8
_0-6_副資材
  6
CONTINUOUS
 62
    4
 10
-53.201909375000163
 20
-72.889292500000082
 11
-321.07773437499998
 21
-193.27754249999998
  0
LINE
  8
_0-6_副資材
  6
CONTINUOUS
 62
    4
 10
-53.249934375000059
 20
113.97120750000013
 11
53.249990625000258
 21
113.97120750000013
  0
LINE
  8
_0-6_副資材
  6
CONTINUOUS
 62
    4
 10
53.201890625000196
 20
-72.889292500000082
 11
321.07769062500006
 21
-193.27754249999998
  0
LINE
  8
_0-6_副資材
  6
CONTINUOUS
 62
    4
 10
-321.07773437499998
 20
-193.27754249999998
 11
-321.79513437500026
 21
-191.68134250000014
  0
LINE
  8
_0-6_副資材
  6
CONTINUOUS
 62
    4
 10
321.07769062500006
 20
-193.27754249999998
 11
321.79509062499994
 21
-191.68134250000014
  0
LINE
  8
_0-6_副資材
  6
CONTINUOUS
 62
    4
 10
-55.000009375000054
 20
40.72108249999993
 11
-55.000009375000054
 21
-71.778867499999834
  0
LINE
  8
_0-6_副資材
  6
CONTINUOUS
 62
    4
 10
54.999965625000151
 20
40.72108249999993
 11
54.999965625000151
 21
-71.778867499999834
  0
LINE
  8
_0-6_副資材
  6
CONTINUOUS
 62
    4
 10
-53.249934375000059
 20
40.72108249999993
 11
-53.249934375000059
 21
-72.963667499999886
  0
LINE
  8
_0-6_副資材
  6
CONTINUOUS
 62
    4
 10
53.249990625000258
 20
40.72108249999993
 11
53.249990625000258
 21
-72.963667499999886
  0
LINE
  8
_0-6_副資材
  6
CONTINUOUS
 62
    4
 10
-55.000009375000054
 20
115.72118250000003
 11
-53.249934375000059
 21
113.97120750000013
  0
LINE
  8
_0-6_副資材
  6
CONTINUOUS
 62
    4
 10
53.249990625000258
 20
113.97120750000013
 11
54.999965625000151
 21
115.72118250000003
  0
LINE
  8
_0-6_副資材
  6
CONTINUOUS
 62
    4
 10
-55.000009375000054
 20
40.72108249999993
 11
-53.249934375000059
 21
40.72108249999993
  0
LINE
  8
_0-6_副資材
  6
CONTINUOUS
 62
    4
 10
54.999965625000151
 20
40.72108249999993
 11
53.249990625000258
 21
40.72108249999993
  0
ARC
  8
_0-6_副資材
  6
CONTINUOUS
 62
    4
 10
-113.75003437499984
 20
-27.52869250000003
 40
5
 50
180
 51
270
  0
ARC
  8
_0-6_副資材
  6
CONTINUOUS
 62
    4
 10
-113.75003437499984
 20
-27.52869250000003
 40
5
 50
270
 51
0
  0
ARC
  8
_0-6_副資材
  6
CONTINUOUS
 62
    4
 10
113.75001562499989
 20
-27.52869250000003
 40
5
 50
180
 51
270
  0
ARC
  8
_0-6_副資材
  6
CONTINUOUS
 62
    4
 10
113.75001562499989
 20
-27.52869250000003
 40
5
 50
270
 51
0
  0
ARC
  8
_0-6_副資材
  6
CONTINUOUS
 62
    4
 10
-113.75003437499984
 20
-27.52869250000003
 40
3.25
 50
180
 51
270
  0
ARC
  8
_0-6_副資材
  6
CONTINUOUS
 62
    4
 10
-113.75003437499984
 20
-27.52869250000003
 40
3.25
 50
270
 51
0
  0
ARC
  8
_0-6_副資材
  6
CONTINUOUS
 62
    4
 10
113.75001562499989
 20
-27.52869250000003
 40
3.25
 50
180
 51
270
  0
ARC
  8
_0-6_副資材
  6
CONTINUOUS
 62
    4
 10
113.75001562499989
 20
-27.52869250000003
 40
3.25
 50
270
 51
0
  0
LINE
  8
_0-6_副資材
  6
DASHED1
 62
    4
 10
-53.249934375000059
 20
40.72108249999993
 11
-53.249934375000059
 21
113.97120750000013
  0
LINE
  8
_0-6_副資材
  6
DASHED1
 62
    4
 10
-55.000009375000054
 20
40.72108249999993
 11
-55.000009375000054
 21
115.72118250000003
  0
LINE
  8
_0-6_副資材
  6
DASHED1
 62
    4
 10
54.999965625000151
 20
40.72108249999993
 11
54.999965625000151
 21
115.72118250000003
  0
LINE
  8
_0-6_副資材
  6
DASHED1
 62
    4
 10
53.249990625000258
 20
40.72108249999993
 11
53.249990625000258
 21
113.97120750000013
  0
ENDBLK
  0
BLOCK
  2
-010-のし受け台座通気穴あり_断面_
 70
   64
 10
0
 20
0
 30
0
  0
LINE
  8
_0-6_副資材
  6
CONTINUOUS
 62
    4
 10
-2.0088697834755465
 20
4.7181067133233867
 11
2.0078886660485296
 21
4.7181067133233867
  0
LINE
  8
_0-6_副資材
  6
CONTINUOUS
 62
    4
 10
-2.0006252349187292
 20
4.6831524967415206
 11
1.9996918186723178
 21
4.6831524967415206
  0
LINE
  8
_0-6_副資材
  6
DASHED2
 62
    4
 10
-7.2342562624933171
 20
0.9782761887480701
 11
-7.5520384587358187
 21
1.1498856705922895
  0
LINE
  8
_0-6_副資材
  6
DASHED2
 62
    4
 10
-7.8790785575634406
 20
-0.2077755425441391
 11
-8.1968607538058453
 21
-0.0361660607008373
  0
LINE
  8
_0-6_副資材
  6
DASHED2
 62
    4
 10
-9.8305428071789009
 20
-1.5239802512663736
 11
-9.9787095228540572
 21
-1.1946142498754675
  0
LINE
  8
_0-6_副資材
  6
DASHED2
 62
    4
 10
-11.06326623602429
 20
-2.0743505352554612
 11
-11.211432951699889
 21
-1.7449845338637449
  0
LINE
  8
_0-6_副資材
  6
CONTINUOUS
 62
    4
 10
-8.8975826362772441
 20
-0.7438911698631267
 11
-9.0343791818493617
 21
-0.805427379691106
  0
LINE
  8
_0-6_副資材
  6
CONTINUOUS
 62
    4
 10
-9.1711757274209695
 20
-0.8669635895171024
 11
-9.0343791818493617
 21
-0.805427379691106
  0
LINE
  8
_0-6_副資材
  6
CONTINUOUS
 62
    4
 10
-9.3581458301542302
 20
-1.0607216362761651
 11
-8.993355041964918
 21
-0.8966250767376315
  0
ARC
  8
_0-6_副資材
  6
CONTINUOUS
 62
    4
 10
-7.5318001770299068
 20
-3.0382651017592721
 40
2.720680512718499
 50
127.05352570926809
 51
132.52092766558607
  0
LINE
  8
_0-6_副資材
  6
CONTINUOUS
 62
    4
 10
-9.3705978337698923
 20
-1.0330405183645341
 11
-9.3581458301542302
 21
-1.0607216362761651
  0
LINE
  8
_0-6_副資材
  6
CONTINUOUS
 62
    4
 10
-8.6410162573911524
 20
-0.7048473992885995
 11
-8.6285642537756075
 21
-0.7325285171990991
  0
LINE
  8
_0-6_副資材
  6
CONTINUOUS
 62
    4
 10
-8.6285642537756075
 20
-0.7325285171990991
 11
-8.993355041964918
 21
-0.8966250767376315
  0
ARC
  8
_0-6_副資材
  6
CONTINUOUS
 62
    4
 10
-8.8185936967913303
 20
-1.0608789985469191
 40
0.2965627827616736
 50
173.45493080338517
 51
236.25603652565965
  0
LINE
  8
_0-6_副資材
  6
CONTINUOUS
 62
    4
 10
-9.1132236322059139
 20
-1.0270753703834878
 11
-8.8164831381119413
 21
-0.8935903819109891
  0
LINE
  8
_0-6_副資材
  6
CONTINUOUS
 62
    4
 10
-8.9833291708999443
 20
-1.3074792979977901
 11
-8.8380846864302107
 21
-1.2421428888414288
  0
LINE
  8
_0-6_副資材
  6
CONTINUOUS
 62
    4
 10
-8.6928402019615731
 20
-1.1768064796861855
 11
-8.8380846864302107
 21
-1.2421428888414288
  0
ARC
  8
_0-6_副資材
  6
CONTINUOUS
 62
    4
 10
-8.3604497719782884
 20
-3.4110227261190418
 40
2.720680512718499
 50
95.919072334449524
 51
101.38647429077862
  0
ARC
  8
_0-6_副資材
  6
CONTINUOUS
 62
    4
 10
-8.9866478619660839
 20
-1.136476056406307
 40
0.2965627827616736
 50
352.18396347453756
 51
54.9850691964673
  0
LINE
  8
_0-6_副資材
  6
CONTINUOUS
 62
    4
 10
-11.403110968152683
 20
-0.6198177863738418
 11
-11.368205903212322
 21
-0.6172416559202198
  0
LINE
  8
_0-6_副資材
  6
CONTINUOUS
 62
    4
 10
-11.383532444400696
 20
-1.9719968445826996
 11
-11.521535930215885
 21
-0.1021301118431788
  0
ARC
  8
_0-6_副資材
  6
CONTINUOUS
 62
    4
 10
-11.481644427534468
 20
-0.099185962761793
 40
0.0749999999999805
 50
4.2210000000407009
 51
184.22100000004068
  0
ARC
  8
_0-6_副資材
  6
CONTINUOUS
 62
    4
 10
-11.481644427534468
 20
-0.099185962761793
 40
0.0399999999999804
 50
4.2210000000407009
 51
184.22100000004068
  0
LINE
  8
_0-6_副資材
  6
CONTINUOUS
 62
    4
 10
-11.403110968152683
 20
-0.6198177863738418
 11
-11.441752924853088
 21
-0.0962418136793402
  0
LINE
  8
_0-6_副資材
  6
CONTINUOUS
 62
    4
 10
-11.36820590330705
 20
-0.6172416559271032
 11
-11.40684786000746
 21
-0.0936656832325316
  0
LINE
  8
_0-6_副資材
  6
CONTINUOUS
 62
    4
 10
-11.414783879443512
 20
-2.0240775276347165
 11
-11.556440995062665
 21
-0.1047062422898936
  0
LINE
  8
_0-6_副資材
  6
CONTINUOUS
 62
    4
 10
-7.9682450098637378
 20
-5.0466681206376061
 11
-7.9363258158970869
 21
-5.0323096716777709
  0
LINE
  8
_0-6_副資材
  6
CONTINUOUS
 62
    4
 10
-7.9363258158970869
 20
-5.0323096716777709
 11
-9.6328765160304535
 21
-1.2608347008008614
  0
LINE
  8
_0-6_副資材
  6
CONTINUOUS
 62
    4
 10
-8.296830254287423
 20
-0.6598310514934036
 11
-9.6328765160304535
 21
-1.2608347008008614
  0
LINE
  8
_0-6_副資材
  6
CONTINUOUS
 62
    4
 10
-8.3111887032470015
 20
-0.6279118575257969
 11
-8.296830254287423
 21
-0.6598310514934036
  0
LINE
  8
_0-6_副資材
  6
CONTINUOUS
 62
    4
 10
-9.6791541589570116
 20
-1.2432739557940531
 11
-8.3111887032470015
 21
-0.6279118575257969
  0
LINE
  8
_0-6_副資材
  6
CONTINUOUS
 62
    4
 10
-7.9682450098637378
 20
-5.0466681206376061
 11
-9.6791541589570116
 21
-1.2432739557940531
  0
LINE
  8
_0-6_副資材
  6
CONTINUOUS
 62
    4
 10
-7.1232798008018605
 20
1.5718318637951545
 11
-8.3111887032470015
 21
-0.6279118575257969
  0
LINE
  8
_0-6_副資材
  6
CONTINUOUS
 62
    4
 10
-1.9964850012715927
 20
4.6843269234773812
 11
-7.1232798008018605
 21
1.5718318637951545
  0
LINE
  8
_0-6_副資材
  6
CONTINUOUS
 62
    4
 10
-2.0078219849402248
 20
4.7184039338960098
 11
-7.1516852039400476
 21
1.5848014216293955
  0
LINE
  8
_0-6_副資材
  6
CONTINUOUS
 62
    4
 10
-7.1516852039400476
 20
1.5848014216293955
 11
-8.3308388236521083
 21
-0.5987294586373004
  0
LINE
  8
_0-6_副資材
  6
CONTINUOUS
 62
    4
 10
-11.383578716001367
 20
-1.9720176600612493
 11
-8.3308388236521083
 21
-0.5987294586373004
  0
LINE
  8
_0-6_副資材
  6
CONTINUOUS
 62
    4
 10
-11.414830151044061
 20
-2.0240983431143977
 11
-8.3111887032470015
 21
-0.6279118575257969
  0
LINE
  8
_0-6_副資材
  6
CONTINUOUS
 62
    4
 10
11.413944174666197
 20
-2.0241033292455022
 11
8.3103027268694909
 21
-0.6279168436569382
  0
LINE
  8
_0-6_副資材
  6
CONTINUOUS
 62
    4
 10
11.382692739623383
 20
-1.9720226461934842
 11
8.3299528472743152
 21
-0.5987344447684128
  0
LINE
  8
_0-6_副資材
  6
CONTINUOUS
 62
    4
 10
7.1507992275633132
 20
1.5847964354981721
 11
8.3299528472743152
 21
-0.5987344447684128
  0
LINE
  8
_0-6_副資材
  6
CONTINUOUS
 62
    4
 10
2.0069360085623607
 20
4.7183989477649053
 11
7.1507992275633132
 21
1.5847964354981721
  0
LINE
  8
_0-6_副資材
  6
CONTINUOUS
 62
    4
 10
1.9955990248937283
 20
4.6843219373462759
 11
7.122393824424349
 21
1.5718268776640127
  0
LINE
  8
_0-6_副資材
  6
CONTINUOUS
 62
    4
 10
7.122393824424349
 20
1.5718268776640127
 11
8.3103027268694909
 21
-0.6279168436569382
  0
LINE
  8
_0-6_副資材
  6
CONTINUOUS
 62
    4
 10
7.9733895207567951
 20
-5.0471369989749215
 11
9.6791066782829205
 21
-1.2414115401251791
  0
LINE
  8
_0-6_副資材
  6
CONTINUOUS
 62
    4
 10
9.6791066782829205
 20
-1.2414115401251791
 11
8.3103027268694909
 21
-0.6279168436569382
  0
LINE
  8
_0-6_副資材
  6
CONTINUOUS
 62
    4
 10
8.3103027268694909
 20
-0.6279168436569382
 11
8.2959878506185731
 21
-0.6598556025244117
  0
LINE
  8
_0-6_副資材
  6
CONTINUOUS
 62
    4
 10
8.2959878506185731
 20
-0.6598556025244117
 11
9.6328530431655519
 21
-1.2590354227408418
  0
LINE
  8
_0-6_副資材
  6
CONTINUOUS
 62
    4
 10
7.9414507618902626
 20
-5.0328221227238865
 11
9.6328530431655519
 21
-1.2590354227408418
  0
LINE
  8
_0-6_副資材
  6
CONTINUOUS
 62
    4
 10
7.9733895207567951
 20
-5.0471369989749215
 11
7.9414507618902626
 21
-5.0328221227238865
  0
LINE
  8
_0-6_副資材
  6
CONTINUOUS
 62
    4
 10
11.413897903065646
 20
-2.0240825137658214
 11
11.555555018685155
 21
-0.104711228421036
  0
LINE
  8
_0-6_副資材
  6
CONTINUOUS
 62
    4
 10
11.367319926929188
 20
-0.6172466420582078
 11
11.40596188363002
 21
-0.0936706693636812
  0
LINE
  8
_0-6_副資材
  6
CONTINUOUS
 62
    4
 10
11.402224991774821
 20
-0.6198227725049465
 11
11.440866948475648
 21
-0.0962467998104893
  0
ARC
  8
_0-6_副資材
  6
CONTINUOUS
 62
    4
 10
11.480758451156955
 20
-0.0991909488929348
 40
0.0399999999999804
 50
355.77899999996089
 51
175.77899999996089
  0
ARC
  8
_0-6_副資材
  6
CONTINUOUS
 62
    4
 10
11.480758451156955
 20
-0.0991909488929348
 40
0.0749999999999805
 50
355.77899999996089
 51
175.77899999996089
  0
LINE
  8
_0-6_副資材
  6
CONTINUOUS
 62
    4
 10
11.382646468022127
 20
-1.972001830713731
 11
11.520649953838443
 21
-0.1021350979743279
  0
LINE
  8
_0-6_副資材
  6
CONTINUOUS
 62
    4
 10
11.402224991774821
 20
-0.6198227725049465
 11
11.367319926834458
 21
-0.6172466420513245
  0
ARC
  8
_0-6_副資材
  6
CONTINUOUS
 62
    4
 10
8.9864552816685119
 20
-1.1355587864859684
 40
0.2965627827616736
 50
125.0931209681676
 51
187.89422669019709
  0
ARC
  8
_0-6_副資材
  6
CONTINUOUS
 62
    4
 10
8.3633617926438912
 20
-3.4109578953332775
 40
2.720680512718499
 50
78.691715873787899
 51
84.159117830146414
  0
LINE
  8
_0-6_副資材
  6
CONTINUOUS
 62
    4
 10
8.6927029331855845
 20
-1.1762901242949886
 11
8.8380364453963534
 21
-1.2414282610373162
  0
LINE
  8
_0-6_副資材
  6
CONTINUOUS
 62
    4
 10
8.9833699576077741
 20
-1.3065663977795716
 11
8.8380364453963534
 21
-1.2414282610373162
  0
LINE
  8
_0-6_副資材
  6
CONTINUOUS
 62
    4
 10
9.1128816376208821
 20
-1.0259854674957081
 11
8.8159592561640423
 21
-0.8929055577694144
  0
ARC
  8
_0-6_副資材
  6
CONTINUOUS
 62
    4
 10
8.8182981075352913
 20
-1.0601911384041884
 40
0.2965627827616736
 50
303.82215363893818
 51
6.6232593611998958
  0
LINE
  8
_0-6_副資材
  6
CONTINUOUS
 62
    4
 10
8.6278207496485866
 20
-0.7321002913109597
 11
8.9928351366921273
 21
-0.895698877036396
  0
LINE
  8
_0-6_副資材
  6
CONTINUOUS
 62
    4
 10
8.6402349659290127
 20
-0.7044022062331878
 11
8.6278207496485866
 21
-0.7321002913109597
  0
LINE
  8
_0-6_副資材
  6
CONTINUOUS
 62
    4
 10
9.3702637400165685
 20
-1.031599377682253
 11
9.3578495237360553
 21
-1.059297462760872
  0
ARC
  8
_0-6_副資材
  6
CONTINUOUS
 62
    4
 10
7.534204276152189
 20
-3.0393314557846751
 40
2.720680512718499
 50
47.557262499026095
 51
53.024664455349992
  0
LINE
  8
_0-6_副資材
  6
CONTINUOUS
 62
    4
 10
9.3578495237360553
 20
-1.059297462760872
 11
8.9928351366921273
 21
-0.895698877036396
  0
LINE
  8
_0-6_副資材
  6
CONTINUOUS
 62
    4
 10
9.1706151782651339
 20
-0.865794749922395
 11
9.033734783123883
 21
-0.8044452802759805
  0
LINE
  8
_0-6_副資材
  6
CONTINUOUS
 62
    4
 10
8.896854387981767
 20
-0.7430958106276186
 11
9.033734783123883
 21
-0.8044452802759805
  0
LINE
  8
_0-6_副資材
  6
DASHED2
 62
    4
 10
7.2387064302677846
 20
0.988137320072594
 11
7.5562541393632499
 21
1.1601803116617297
  0
LINE
  8
_0-6_副資材
  6
DASHED2
 62
    4
 10
7.8851467005099609
 20
-0.197033333685842
 11
8.202694409604609
 21
-0.0249903420976921
  0
LINE
  8
_0-6_副資材
  6
DASHED2
 62
    4
 10
9.8296093908639364
 20
-1.523980251368694
 11
9.9777761065434021
 21
-1.1946142499782431
  0
LINE
  8
_0-6_副資材
  6
DASHED2
 62
    4
 10
11.062332819704274
 20
-2.0743505353704697
 11
11.210499535383743
 21
-1.7449845339800163
  0
ENDBLK
  0
BLOCK
  2
-011-棟一番自在台_前面__1__1_
 70
   64
 10
0
 20
0
 30
0
  0
LINE
  8
_0-6_副資材
  6
CONTINUOUS
 62
    4
 10
-37.5
 20
3.75
 11
37.5
 21
3.75
  0
LINE
  8
_0-6_副資材
  6
CONTINUOUS
 62
    4
 10
-21.25
 20
3.75
 11
-21.25
 21
78.75
  0
LINE
  8
_0-6_副資材
  6
CONTINUOUS
 62
    4
 10
21.25
 20
78.75
 11
21.25
 21
3.75
  0
LINE
  8
_0-6_副資材
  6
CONTINUOUS
 62
    4
 10
-21.25
 20
78.75
 11
21.249999999999716
 21
78.75
  0
LINE
  8
_0-6_副資材
  6
CONTINUOUS
 62
    4
 10
-33.75
 20
-73.287108012225019
 11
-33.75
 21
0
  0
LINE
  8
_0-6_副資材
  6
CONTINUOUS
 62
    4
 10
-33.75
 20
0
 11
33.75
 21
0
  0
LINE
  8
_0-6_副資材
  6
CONTINUOUS
 62
    4
 10
33.75
 20
0
 11
33.75
 21
-73.287108012225019
  0
LINE
  8
_0-6_副資材
  6
CONTINUOUS
 62
    4
 10
-33.74999999999978
 20
-73.287108012224749
 11
-275.37180764710979
 21
-146.40469149619054
  0
LINE
  8
_0-6_副資材
  6
CONTINUOUS
 62
    4
 10
-276.48488010719387
 20
-142.82357982476364
 11
-275.37180764710979
 21
-146.40469149619054
  0
LINE
  8
_0-6_副資材
  6
CONTINUOUS
 62
    4
 10
-37.5
 20
-70.503961439307133
 11
-37.5
 21
3.75
  0
LINE
  8
_0-6_副資材
  6
CONTINUOUS
 62
    4
 10
-37.5
 20
-70.503961439307133
 11
-276.48488010719387
 21
-142.82357982476364
  0
LINE
  8
_0-6_副資材
  6
CONTINUOUS
 62
    4
 10
33.753607282934716
 20
-73.286903175855528
 11
275.37541493004494
 21
-146.40448665982032
  0
LINE
  8
_0-6_副資材
  6
CONTINUOUS
 62
    4
 10
276.48848739012925
 20
-142.82337498839337
 11
275.37541493004494
 21
-146.40448665982032
  0
LINE
  8
_0-6_副資材
  6
CONTINUOUS
 62
    4
 10
37.5
 20
-70.502664996953428
 11
276.48848739012925
 21
-142.82337498839337
  0
LINE
  8
_0-6_副資材
  6
CONTINUOUS
 62
    4
 10
37.5
 20
3.75
 11
37.5
 21
-70.502664996953428
  0
ENDBLK
  0
BLOCK
  2
-012-らくちんスリムビス125mm
 70
   64
 10
0
 20
0
 30
0
  0
LINE
  8
_0-6_副資材
  6
CONTINUOUS
 62
    4
 10
0
 20
-2449.7821905118053
 11
32.999999999999972
 21
-2349.7821905118053
  0
LINE
  8
_0-6_副資材
  6
CONTINUOUS
 62
    4
 10
-32.999999999999972
 20
-2349.7821905118053
 11
0
 21
-2449.7821905118053
  0
LINE
  8
_0-6_副資材
  6
CONTINUOUS
 62
    4
 10
-45
 20
-1496.7821905118053
 11
45
 21
-1466.7821905118053
  0
LINE
  8
_0-6_副資材
  6
CONTINUOUS
 62
    4
 10
-45
 20
-1554.7821905118053
 11
45
 21
-1524.7821905118053
  0
LINE
  8
_0-6_副資材
  6
CONTINUOUS
 62
    4
 10
-45
 20
-1612.7821905118053
 11
45
 21
-1582.7821905118053
  0
LINE
  8
_0-6_副資材
  6
CONTINUOUS
 62
    4
 10
-45
 20
-1670.7821905118055
 11
45
 21
-1640.7821905118055
  0
LINE
  8
_0-6_副資材
  6
CONTINUOUS
 62
    4
 10
-45
 20
-1728.7821905118051
 11
45
 21
-1698.7821905118051
  0
LINE
  8
_0-6_副資材
  6
CONTINUOUS
 62
    4
 10
-45
 20
-1786.7821905118053
 11
45
 21
-1756.7821905118053
  0
LINE
  8
_0-6_副資材
  6
CONTINUOUS
 62
    4
 10
-45
 20
-1844.7821905118053
 11
45
 21
-1814.7821905118053
  0
LINE
  8
_0-6_副資材
  6
CONTINUOUS
 62
    4
 10
-45
 20
-1902.7821905118053
 11
45
 21
-1872.7821905118053
  0
LINE
  8
_0-6_副資材
  6
CONTINUOUS
 62
    4
 10
-45
 20
-1960.7821905118053
 11
45
 21
-1930.7821905118053
  0
LINE
  8
_0-6_副資材
  6
CONTINUOUS
 62
    4
 10
-45
 20
-2018.7821905118053
 11
45
 21
-1988.7821905118053
  0
LINE
  8
_0-6_副資材
  6
CONTINUOUS
 62
    4
 10
-45
 20
-2076.7821905118053
 11
45
 21
-2046.7821905118053
  0
LINE
  8
_0-6_副資材
  6
CONTINUOUS
 62
    4
 10
-45
 20
-2134.7821905118053
 11
45
 21
-2104.7821905118053
  0
LINE
  8
_0-6_副資材
  6
CONTINUOUS
 62
    4
 10
-45
 20
-2192.7821905118053
 11
45
 21
-2162.7821905118053
  0
LINE
  8
_0-6_副資材
  6
CONTINUOUS
 62
    4
 10
-45
 20
-2250.7821905118053
 11
45
 21
-2220.7821905118053
  0
LINE
  8
_0-6_副資材
  6
CONTINUOUS
 62
    4
 10
-45
 20
-2308.7821905118053
 11
45
 21
-2278.7821905118053
  0
LINE
  8
_0-6_副資材
  6
CONTINUOUS
 62
    4
 10
-45
 20
-2366.7821905118053
 11
45
 21
-2336.7821905118053
  0
LINE
  8
_0-6_副資材
  6
CONTINUOUS
 62
    4
 10
-45
 20
-2424.7821905118053
 11
45
 21
-2394.7821905118053
  0
LINE
  8
_0-6_副資材
  6
CONTINUOUS
 62
    4
 10
-110
 20
50
 11
110
 21
50
  0
LINE
  8
_0-6_副資材
  6
CONTINUOUS
 62
    4
 10
-50
 20
110
 11
50
 21
110
  0
LINE
  8
_0-6_副資材
  6
CONTINUOUS
 62
    4
 10
-100
 20
0
 11
100
 21
0
  0
LINE
  8
_0-6_副資材
  6
CONTINUOUS
 62
    4
 10
100
 20
50
 11
100
 21
0
  0
LINE
  8
_0-6_副資材
  6
CONTINUOUS
 62
    4
 10
-100
 20
0
 11
-100
 21
50
  0
LINE
  8
_0-6_副資材
  6
CONTINUOUS
 62
    4
 10
-72.5
 20
80
 11
-50
 21
110
  0
LINE
  8
_0-6_副資材
  6
CONTINUOUS
 62
    4
 10
50
 20
110
 11
72.5
 21
80
  0
LINE
  8
_0-6_副資材
  6
CONTINUOUS
 62
    4
 10
-110
 20
50
 11
-110
 21
80
  0
LINE
  8
_0-6_副資材
  6
CONTINUOUS
 62
    4
 10
110
 20
50
 11
110
 21
80
  0
LINE
  8
_0-6_副資材
  6
CONTINUOUS
 62
    4
 10
-110
 20
80
 11
110
 21
80
  0
LINE
  8
_0-6_副資材
  6
CONTINUOUS
 62
    4
 10
-32.999999999999972
 20
0
 11
-32.999999999999972
 21
-2349.7821905118053
  0
LINE
  8
_0-6_副資材
  6
CONTINUOUS
 62
    4
 10
32.999999999999972
 20
0
 11
32.999999999999972
 21
-2349.7821905118053
  0
ENDBLK
  0
BLOCK
  2
-013-のし受け台座隅棟用_断面_
 70
   64
 10
0
 20
0
 30
0
  0
LINE
  8
_0-6_副資材
  6
CONTINUOUS
 62
    4
 10
-50.210055588669071
 20
83.478264880402548
 11
50.20890564945514
 21
83.478264880402548
  0
LINE
  8
_0-6_副資材
  6
CONTINUOUS
 62
    4
 10
-279.34650766418008
 20
-93.184255265401248
 11
-203.02089297331591
 21
-55.592967990969591
  0
LINE
  8
_0-6_副資材
  6
CONTINUOUS
 62
    4
 10
-278.61113746702068
 20
-91.855764858869193
 11
-203.53730800122636
 21
-54.880996929769225
  0
LINE
  8
_0-6_副資材
  6
CONTINUOUS
 62
    4
 10
-175.98152844045052
 20
0.7028180730727839
 11
-203.53730800122636
 21
-54.880996929769225
  0
LINE
  8
_0-6_副資材
  6
CONTINUOUS
 62
    4
 10
-50.197314291307777
 20
83.483114166402629
 11
-175.98152844045052
 21
0.7028180730727839
  0
LINE
  8
_0-6_副資材
  6
CONTINUOUS
 62
    4
 10
-175.26051018108171
 20
0.4035600016590734
 11
-203.02089297331591
 21
-55.592967990969591
  0
LINE
  8
_0-6_副資材
  6
CONTINUOUS
 62
    4
 10
-279.34650766418008
 20
-93.184255265401248
 11
-285.91508960769767
 21
-32.925144617951254
  0
LINE
  8
_0-6_副資材
  6
CONTINUOUS
 62
    4
 10
-280.76489830764626
 20
-45.566491641654295
 11
-282.1871721825774
 21
-32.518780653698407
  0
LINE
  8
_0-6_副資材
  6
CONTINUOUS
 62
    4
 10
-281.63474570684974
 20
-45.661309899978448
 11
-283.05701958175712
 21
-32.613598912028401
  0
ARC
  8
_0-6_副資材
  6
CONTINUOUS
 62
    4
 10
-284.05113089512338
 20
-32.721962635827424
 40
0.9999999999995122
 50
6.2210000000391892
 51
186.22100000003923
  0
ARC
  8
_0-6_副資材
  6
CONTINUOUS
 62
    4
 10
-284.05113089512338
 20
-32.721962635827424
 40
1.8749999999995126
 50
6.2210000000391892
 51
186.22100000003923
  0
LINE
  8
_0-6_副資材
  6
CONTINUOUS
 62
    4
 10
-278.61113746702068
 20
-91.855764858869193
 11
-285.0452422084897
 21
-32.830326359626483
  0
LINE
  8
_0-6_副資材
  6
CONTINUOUS
 62
    4
 10
-281.63474570684974
 20
-45.661309899978448
 11
-280.76489830528607
 21
-45.566491641391465
  0
LINE
  8
_0-6_副資材
  6
CONTINUOUS
 62
    4
 10
-49.941028358907921
 20
82.604409465855042
 11
-175.26051018108171
 21
0.4035600016590734
  0
LINE
  8
_0-6_副資材
  6
CONTINUOUS
 62
    4
 10
279.34599936175283
 20
-93.186075704170861
 11
203.02038467088869
 21
-55.594788429739182
  0
LINE
  8
_0-6_副資材
  6
CONTINUOUS
 62
    4
 10
278.61062916459281
 20
-91.857585297643283
 11
203.53679969879465
 21
-54.882817368538177
  0
LINE
  8
_0-6_副資材
  6
CONTINUOUS
 62
    4
 10
175.98102013805033
 20
0.7009976342993873
 11
203.53679969879465
 21
-54.882817368538177
  0
LINE
  8
_0-6_副資材
  6
CONTINUOUS
 62
    4
 10
50.196805988880541
 20
83.48129372763303
 11
175.98102013805033
 21
0.7009976342993873
  0
LINE
  8
_0-6_副資材
  6
CONTINUOUS
 62
    4
 10
175.26000187864994
 20
0.4017395628901177
 11
203.02038467088869
 21
-55.594788429739182
  0
LINE
  8
_0-6_副資材
  6
CONTINUOUS
 62
    4
 10
279.34599936175283
 20
-93.186075704170861
 11
285.91458130527047
 21
-32.926965056720846
  0
LINE
  8
_0-6_副資材
  6
CONTINUOUS
 62
    4
 10
280.76439000524152
 20
-45.568312080427056
 11
282.18666388015015
 21
-32.52060109246802
  0
LINE
  8
_0-6_副資材
  6
CONTINUOUS
 62
    4
 10
281.63423740442249
 20
-45.663130338748026
 11
283.05651127932992
 21
-32.615419350797993
  0
ARC
  8
_0-6_副資材
  6
CONTINUOUS
 62
    4
 10
284.05062259269619
 20
-32.723783074597037
 40
0.9999999999995122
 50
353.77899999996077
 51
173.77899999996075
  0
ARC
  8
_0-6_副資材
  6
CONTINUOUS
 62
    4
 10
284.05062259269619
 20
-32.723783074597037
 40
1.8749999999995126
 50
353.77899999996077
 51
173.77899999996075
  0
LINE
  8
_0-6_副資材
  6
CONTINUOUS
 62
    4
 10
278.61062916459343
 20
-91.857585297638764
 11
285.04473390606245
 21
-32.832146798396082
  0
LINE
  8
_0-6_副資材
  6
CONTINUOUS
 62
    4
 10
281.63423740442249
 20
-45.663130338748026
 11
280.76439000285882
 21
-45.568312080161064
  0
LINE
  8
_0-6_副資材
  6
CONTINUOUS
 62
    4
 10
-49.941028358907921
 20
82.604409465855042
 11
49.937744702639677
 21
82.604409465855042
  0
LINE
  8
_0-6_副資材
  6
CONTINUOUS
 62
    4
 10
49.937744702639677
 20
82.604409465855042
 11
175.26000187864994
 21
0.4017395628901177
  0
ENDBLK
  0
BLOCK
  2
-014-タイトル枠
 70
   64
 10
0
 20
0
 30
0
  0
TEXT
  8
_0-2_タイトル
 62
    7
 10
-5.046391543209694
 20
26.112475277777847
 40
12.5
 41
1
 50
0
  1
物に心を
  0
TEXT
  8
_0-2_タイトル
 62
    7
 10
66.195753456790243
 20
-5.2384197222221474
 40
20
 41
1
 50
0
  1
株式会社
  0
TEXT
  8
_0-2_タイトル
 62
    7
 10
158.51703345679027
 20
-6.7007497222221701
 40
30
 41
1
 50
0
  1
丸 惣
  0
LINE
  8
_0-2_タイトル
  6
CONTINUOUS
 62
    7
 10
-13.733306543209665
 20
11.326970277777875
 11
-313.73330654320966
 21
11.326970277777875
  0
LINE
  8
_0-2_タイトル
  6
CONTINUOUS
 62
    7
 10
286.26669345679034
 20
44.660305277777823
 11
-313.73330654320966
 21
44.660305277777823
  0
LINE
  8
_0-2_タイトル
  6
CONTINUOUS
 62
    7
 10
-313.73330654320966
 20
44.660305277777823
 11
-313.73330654320966
 21
-55.339694722222177
  0
LINE
  8
_0-2_タイトル
  6
CONTINUOUS
 62
    7
 10
-313.73330654320966
 20
-55.339694722222177
 11
286.26669345679034
 21
-55.339694722222177
  0
LINE
  8
_0-2_タイトル
  6
CONTINUOUS
 62
    7
 10
286.26669345679034
 20
44.660305277777823
 11
286.26669345679034
 21
-55.339694722222177
  0
LINE
  8
_0-2_タイトル
  6
CONTINUOUS
 62
    7
 10
-13.733306543209665
 20
44.660305277777823
 11
-13.733306543209665
 21
-55.339694722222177
  0
LINE
  8
_0-2_タイトル
  6
CONTINUOUS
 62
    7
 10
-163.73330654320966
 20
-22.006359722222157
 11
-163.73330654320966
 21
-55.339694722222177
  0
LINE
  8
_0-2_タイトル
  6
CONTINUOUS
 62
    7
 10
-13.733306543209665
 20
-22.006359722222157
 11
-313.73330654320966
 21
-22.006359722222157
  0
LINE
  8
_0-2_タイトル
  6
CONTINUOUS
 62
    7
 10
-238.73330654320966
 20
-22.006359722222157
 11
-238.73330654320966
 21
-55.339694722222177
  0
TEXT
  8
_0-2_タイトル
 62
    7
 10
-5.8308944943008534
 20
-31.036456087773352
 40
7
 41
0.9285714285714287
 50
0
  1
本 　 　社/〒695-0024 島根県江津市二宮町神主1820番地5  TEL(0855)53-0811 FAX(0855)53-3623
  0
TEXT
  8
_0-2_タイトル
 62
    7
 10
-6.221515904030479
 20
-40.801991331015593
 40
7
 41
0.9285714285714287
 50
0
  1
福井営業所/〒918-8016 福井県福井市江端町5番地11　　    TEL(0776)34-8613 FAX(0776)34-8614
  0
LINE
  8
_0-2_タイトル
  6
CONTINUOUS
 62
    7
 10
31.203313287250257
 20
-10.783638854103126
 11
35.008103287249753
 21
-6.9787388541032023
  0
LINE
  8
_0-2_タイトル
  6
CONTINUOUS
 62
    7
 10
32.863873287249291
 20
-8.6749388541030008
 11
36.0241732872501
 21
-5.514638854102901
  0
LINE
  8
_0-2_タイトル
  6
CONTINUOUS
 62
    7
 10
29.739213287249953
 20
-11.799708854102997
 11
32.786103287249617
 21
-8.7527088541029094
  0
LINE
  8
_0-2_タイトル
  6
CONTINUOUS
 62
    7
 10
32.843963287249849
 20
-8.2469288541031425
 11
36.661623287249682
 21
-4.4292688541030758
  0
LINE
  8
_0-2_タイトル
  6
CONTINUOUS
 62
    7
 10
28.653733287249938
 20
-12.4370488541031
 11
32.338073287249188
 21
-8.7527088541029094
  0
LINE
  8
_0-2_タイトル
  6
CONTINUOUS
 62
    7
 10
32.823943287249755
 20
-7.8189188541030505
 11
37.133303287249497
 21
-3.5095588541030729
  0
LINE
  8
_0-2_タイトル
  6
CONTINUOUS
 62
    7
 10
27.734023287249702
 20
-12.908728854102907
 11
31.8900432872497
 21
-8.7527088541029094
  0
LINE
  8
_0-2_タイトル
  6
CONTINUOUS
 62
    7
 10
32.803923287249653
 20
-7.390798854103001
 11
37.505103287249646
 21
-2.6897288541029631
  0
LINE
  8
_0-2_タイトル
  6
CONTINUOUS
 62
    7
 10
26.914193287249589
 20
-13.280528854103292
 11
31.442013287249743
 21
-8.7527088541029094
  0
LINE
  8
_0-2_タイトル
  6
CONTINUOUS
 62
    7
 10
32.783903287249544
 20
-6.9627888541031426
 11
37.807713287250031
 21
-1.9390888541030871
  0
LINE
  8
_0-2_タイトル
  6
CONTINUOUS
 62
    7
 10
26.163663287249904
 20
-13.583138854102973
 11
30.993983287249776
 21
-8.7527088541029094
  0
LINE
  8
_0-2_タイトル
  6
CONTINUOUS
 62
    7
 10
32.76399328724964
 20
-6.534778854103048
 11
38.058513287249916
 21
-1.240258854103008
  0
LINE
  8
_0-2_タイトル
  6
CONTINUOUS
 62
    7
 10
25.464833287250062
 20
-13.833938854103094
 11
30.545953287249819
 21
-8.7527088541029094
  0
LINE
  8
_0-2_タイトル
  6
CONTINUOUS
 62
    7
 10
32.743973287250007
 20
-6.1067688541031915
 11
38.268503287249665
 21
-0.5822388541030643
  0
LINE
  8
_0-2_タイトル
  6
CONTINUOUS
 62
    7
 10
24.806813287249415
 20
-14.043928854103074
 11
30.097923287249859
 21
-8.7527088541029094
  0
LINE
  8
_0-2_タイトル
  6
CONTINUOUS
 62
    7
 10
32.723953287249429
 20
-5.6787588541030978
 11
38.445053287249429
 21
0.0424511458968512
  0
LINE
  8
_0-2_タイトル
  6
CONTINUOUS
 62
    7
 10
24.1821232872495
 20
-14.220588854103031
 11
29.649893287249899
 21
-8.7527088541029094
  0
LINE
  8
_0-2_タイトル
  6
CONTINUOUS
 62
    7
 10
32.589753287249664
 20
-5.3649288541031384
 11
38.593663287249854
 21
0.6389811458970517
  0
LINE
  8
_0-2_タイトル
  6
CONTINUOUS
 62
    7
 10
23.585483287249577
 20
-14.369088854103037
 11
29.20186328724947
 21
-8.7527088541029094
  0
LINE
  8
_0-2_タイトル
  6
CONTINUOUS
 62
    7
 10
32.141723287249235
 20
-5.3649288541031384
 11
38.718293287249864
 21
1.211641145896788
  0
LINE
  8
_0-2_タイトル
  6
CONTINUOUS
 62
    7
 10
23.012933287249801
 20
-14.493718854103047
 11
28.753943287249697
 21
-8.7527088541029094
  0
LINE
  8
_0-2_タイトル
  6
CONTINUOUS
 62
    7
 10
31.693803287249938
 20
-5.3649288541031384
 11
38.821803287249736
 21
1.7631811458968549
  0
LINE
  8
_0-2_タイトル
  6
CONTINUOUS
 62
    7
 10
22.461283287249778
 20
-14.597228854103154
 11
28.305803287250018
 21
-8.7527088541029094
  0
LINE
  8
_0-2_タイトル
  6
CONTINUOUS
 62
    7
 10
31.245773287249978
 20
-5.3649288541031384
 11
38.906943287249561
 21
2.2962411458969179
  0
LINE
  8
_0-2_タイトル
  6
CONTINUOUS
 62
    7
 10
21.928223287249715
 20
-14.682368854102981
 11
27.857773287250058
 21
-8.7527088541029094
  0
LINE
  8
_0-2_タイトル
  6
CONTINUOUS
 62
    7
 10
31.597663287249279
 20
-4.5648988541029825
 11
38.975363287249863
 21
2.8128011458969016
  0
LINE
  8
_0-2_タイトル
  6
CONTINUOUS
 62
    7
 10
30.797633287249827
 20
-5.3649288541031384
 11
31.303303287249634
 21
-4.859148854103136
  0
LINE
  8
_0-2_タイトル
  6
CONTINUOUS
 62
    7
 10
21.411773287249449
 20
-14.750898854103003
 11
27.409853287249351
 21
-8.7527088541029094
  0
LINE
  8
_0-2_タイトル
  6
CONTINUOUS
 62
    7
 10
31.496683287249585
 20
-4.2178488541031847
 11
39.028823287249949
 21
3.3142911458969482
  0
LINE
  8
_0-2_タイトル
  6
CONTINUOUS
 62
    7
 10
30.349713287249589
 20
-5.3649288541031384
 11
30.855383287249868
 21
-4.859148854103136
  0
LINE
  8
_0-2_タイトル
  6
CONTINUOUS
 62
    7
 10
20.91017328724968
 20
-14.804358854103089
 11
26.961823287249391
 21
-8.7527088541029094
  0
LINE
  8
_0-2_タイトル
  6
CONTINUOUS
 62
    7
 10
31.395813287249613
 20
-3.8707988541031533
 11
39.0687532872495
 21
3.8022511458969213
  0
LINE
  8
_0-2_タイトル
  6
CONTINUOUS
 62
    7
 10
29.901683287249629
 20
-5.3649288541031384
 11
30.407353287249911
 21
-4.859148854103136
  0
LINE
  8
_0-2_タイトル
  6
CONTINUOUS
 62
    7
 10
20.422323287249895
 20
-14.844178854103145
 11
26.513793287249896
 21
-8.7527088541029094
  0
LINE
  8
_0-2_タイトル
  6
CONTINUOUS
 62
    7
 10
31.29483328724945
 20
-3.5237488541031228
 11
39.096143287249745
 21
4.2776711458968997
  0
LINE
  8
_0-2_タイトル
  6
CONTINUOUS
 62
    7
 10
29.453653287249672
 20
-5.3649288541031384
 11
29.959323287249944
 21
-4.859148854103136
  0
LINE
  8
_0-2_タイトル
  6
CONTINUOUS
 62
    7
 10
19.946903287249686
 20
-14.871568854102929
 11
26.06576328724994
 21
-8.7527088541029094
  0
LINE
  8
_0-2_タイトル
  6
CONTINUOUS
 62
    7
 10
31.193853287249755
 20
-3.1766988541030905
 11
39.111983287250084
 21
4.7414311458970069
  0
LINE
  8
_0-2_タイトル
  6
CONTINUOUS
 62
    7
 10
29.005623287249705
 20
-5.3649288541031384
 11
29.511293287249522
 21
-4.859148854103136
  0
LINE
  8
_0-2_タイトル
  6
CONTINUOUS
 62
    7
 10
19.483033287249857
 20
-14.887408854103032
 11
25.61773328724998
 21
-8.7527088541029094
  0
LINE
  8
_0-2_タイトル
  6
CONTINUOUS
 62
    7
 10
3.6417132872497748
 20
18.105661145896875
 11
6.11880328724975
 21
20.58286114589681
  0
LINE
  8
_0-2_タイトル
  6
CONTINUOUS
 62
    7
 10
2.30730328724984
 20
16.323221145896984
 11
7.9012432872496463
 21
21.917271145896745
  0
LINE
  8
_0-2_タイトル
  6
CONTINUOUS
 62
    7
 10
1.585043287250063
 20
15.152931145896776
 11
9.0715332872498529
 21
22.639531145896996
  0
LINE
  8
_0-2_タイトル
  6
CONTINUOUS
 62
    7
 10
1.0689232872499055
 20
14.188891145897085
 11
10.03568328724997
 21
23.155651145896915
  0
LINE
  8
_0-2_タイトル
  6
CONTINUOUS
 62
    7
 10
6.3335232872497516
 20
19.005461145896973
 11
10.884003287249431
 21
23.555941145896885
  0
LINE
  8
_0-2_タイトル
  6
CONTINUOUS
 62
    7
 10
0.6686332872494671
 20
13.34057114589692
 11
6.2094432872502274
 21
18.881381145896743
  0
LINE
  8
_0-2_タイトル
  6
CONTINUOUS
 62
    7
 10
6.7815532872497108
 20
19.005461145896973
 11
11.655103287249705
 21
23.87901114589696
  0
LINE
  8
_0-2_タイトル
  6
CONTINUOUS
 62
    7
 10
0.3455632872496217
 20
12.56947114589688
 11
6.0352032872497885
 21
18.259111145897048
  0
LINE
  8
_0-2_タイトル
  6
CONTINUOUS
 62
    7
 10
7.2295832872496701
 20
19.005461145896973
 11
12.369553287249506
 21
24.145431145896804
  0
LINE
  8
_0-2_タイトル
  6
CONTINUOUS
 62
    7
 10
0.079143287249781
 20
11.855021145896846
 11
5.8609632872493522
 21
17.636841145896884
  0
LINE
  8
_0-2_タイトル
  6
CONTINUOUS
 62
    7
 10
7.6776132872496312
 20
19.005461145896973
 11
13.040003287249721
 21
24.367961145897013
  0
LINE
  8
_0-2_タイトル
  6
CONTINUOUS
 62
    7
 10
-0.1433867127501953
 20
11.184461145896908
 11
5.6867232872498512
 21
17.014571145896955
  0
LINE
  8
_0-2_タイトル
  6
CONTINUOUS
 62
    7
 10
8.1256432872495914
 20
19.005461145896973
 11
13.675033287250262
 21
24.554851145896702
  0
LINE
  8
_0-2_タイトル
  6
CONTINUOUS
 62
    7
 10
-0.3302767127501171
 20
10.549541145896793
 11
5.512483287249883
 21
16.392301145896791
  0
LINE
  8
_0-2_タイトル
  6
CONTINUOUS
 62
    7
 10
8.5736732872500205
 20
19.005461145896973
 11
14.280363287249816
 21
24.712151145896762
  0
LINE
  8
_0-2_タイトル
  6
CONTINUOUS
 62
    7
 10
-0.4876867127503703
 20
9.9441011458968127
 11
5.3382432872494441
 21
15.770141145897053
  0
LINE
  8
_0-2_タイトル
  6
CONTINUOUS
 62
    7
 10
9.0217032872499807
 20
19.005461145896973
 11
14.860503287250129
 21
24.844261145896883
  0
LINE
  8
_0-2_タイトル
  6
CONTINUOUS
 62
    7
 10
-0.6197967127502535
 20
9.3639611458967345
 11
5.1640032872499431
 21
15.14787114589689
  0
LINE
  8
_0-2_タイトル
  6
CONTINUOUS
 62
    7
 10
9.4697332872499409
 20
19.005461145896973
 11
15.418753287249434
 21
24.954481145896928
  0
LINE
  8
_0-2_タイトル
  6
CONTINUOUS
 62
    7
 10
-0.7300167127500678
 20
8.8058211458969176
 11
4.9897632872499749
 21
14.52560114589696
  0
LINE
  8
_0-2_タイトル
  6
CONTINUOUS
 62
    7
 10
9.9177632872494321
 20
19.005461145896973
 11
15.957753287249975
 21
25.045451145897047
  0
LINE
  8
_0-2_タイトル
  6
CONTINUOUS
 62
    7
 10
-0.8208767127499871
 20
8.266821145896845
 11
4.8155232872500058
 21
13.903331145896797
  0
LINE
  8
_0-2_タイトル
  6
CONTINUOUS
 62
    7
 10
9.9926732872502306
 20
18.63234114589687
 11
16.479483287249568
 21
25.119151145896911
  0
LINE
  8
_0-2_タイトル
  6
CONTINUOUS
 62
    7
 10
-0.8946867127502811
 20
7.745091145896783
 11
4.6413932872497599
 21
13.281061145897102
  0
LINE
  8
_0-2_タイトル
  6
CONTINUOUS
 62
    7
 10
9.8308632872498301
 20
18.022611145896697
 11
16.985813287250057
 21
25.17745114589674
  0
LINE
  8
_0-2_タイトル
  6
CONTINUOUS
 62
    7
 10
-0.9529867127498725
 20
7.2387611458967633
 11
4.4671532872493209
 21
12.658791145896938
  0
LINE
  8
_0-2_タイトル
  6
CONTINUOUS
 62
    7
 10
11.154933287250078
 20
18.898651145896991
 11
17.478063287249515
 21
25.221781145896895
  0
LINE
  8
_0-2_タイトル
  6
CONTINUOUS
 62
    7
 10
9.6690532872498984
 20
17.412771145896812
 11
10.839783287249933
 21
18.58339114589689
  0
LINE
  8
_0-2_タイトル
  6
CONTINUOUS
 62
    7
 10
-0.997206712750307
 20
6.7464011458968791
 11
4.5023532872495515
 21
12.246071145896931
  0
LINE
  8
_0-2_タイトル
  6
CONTINUOUS
 62
    7
 10
11.602963287249569
 20
18.898651145896991
 11
17.957443287250047
 21
25.253131145896766
  0
LINE
  8
_0-2_タイトル
  6
CONTINUOUS
 62
    7
 10
9.5073532872496891
 20
16.802931145896917
 11
10.839783287249933
 21
18.135361145896923
  0
LINE
  8
_0-2_タイトル
  6
CONTINUOUS
 62
    7
 10
-1.0285567127504125
 20
6.2670211458968161
 11
4.7786732872497195
 21
12.074251145896714
  0
LINE
  8
_0-2_タイトル
  6
CONTINUOUS
 62
    7
 10
12.050993287249529
 20
18.898651145896991
 11
18.425053287249813
 21
25.272711145897038
  0
LINE
  8
_0-2_タイトル
  6
CONTINUOUS
 62
    7
 10
9.3455432872497575
 20
16.193201145896747
 11
10.839783287249933
 21
17.687441145896923
  0
LINE
  8
_0-2_タイトル
  6
CONTINUOUS
 62
    7
 10
-1.0481367127506847
 20
5.7995211458970068
 11
5.054883287249698
 21
11.902541145896922
  0
LINE
  8
_0-2_タイトル
  6
CONTINUOUS
 62
    7
 10
12.499023287249489
 20
18.898651145896991
 11
18.881663287250152
 21
25.281181145896756
  0
LINE
  8
_0-2_タイトル
  6
CONTINUOUS
 62
    7
 10
9.1837332872493569
 20
15.583361145896856
 11
10.839783287249933
 21
17.239411145896728
  0
LINE
  8
_0-2_タイトル
  6
CONTINUOUS
 62
    7
 10
-1.0567167127501254
 20
5.3429111458969025
 11
5.331203287249398
 21
11.730831145896897
  0
LINE
  8
_0-2_タイトル
  6
CONTINUOUS
 62
    7
 10
12.947053287249918
 20
18.898651145896991
 11
19.327933287249866
 21
25.279531145896939
  0
LINE
  8
_0-2_タイトル
  6
CONTINUOUS
 62
    7
 10
9.0219232872498942
 20
14.973521145896962
 11
10.839783287249933
 21
16.791381145897006
  0
LINE
  8
_0-2_タイトル
  6
CONTINUOUS
 62
    7
 10
-1.0549567127503501
 20
4.8965311458969971
 11
5.6074132872498446
 21
11.559011145896914
  0
LINE
  8
_0-2_タイトル
  6
CONTINUOUS
 62
    7
 10
13.395083287249879
 20
18.898651145896991
 11
19.764743287249548
 21
25.268311145896895
  0
LINE
  8
_0-2_タイトル
  6
CONTINUOUS
 62
    7
 10
8.8601132872494937
 20
14.363681145896837
 11
10.839783287249933
 21
16.343351145896811
  0
LINE
  8
_0-2_タイトル
  6
CONTINUOUS
 62
    7
 10
-1.0438467127502626
 20
4.4597211458968467
 11
5.8837332872495445
 21
11.387301145896886
  0
LINE
  8
_0-2_タイトル
  6
CONTINUOUS
 62
    7
 10
13.843113287249839
 20
18.898651145896991
 11
20.192533287249962
 21
25.248071145896876
  0
LINE
  8
_0-2_タイトル
  6
CONTINUOUS
 62
    7
 10
8.713153287250055
 20
13.76869114589697
 11
10.839783287249933
 21
15.895321145896846
  0
LINE
  8
_0-2_タイトル
  6
CONTINUOUS
 62
    7
 10
-1.0236067127502491
 20
4.0320411458968586
 11
6.1600532872497133
 21
11.215591145897097
  0
LINE
  8
_0-2_タイトル
  6
CONTINUOUS
 62
    7
 10
14.291143287249799
 20
18.898651145896991
 11
20.611853287250188
 21
25.219361145896908
  0
LINE
  8
_0-2_タイトル
  6
CONTINUOUS
 62
    7
 10
9.1611832872500152
 20
13.76869114589697
 11
10.839783287249933
 21
15.447291145896887
  0
LINE
  8
_0-2_タイトル
  6
CONTINUOUS
 62
    7
 10
-0.9948967127505126
 20
3.6126111458969095
 11
6.4921432872497631
 21
11.099651145896953
  0
LINE
  8
_0-2_タイトル
  6
CONTINUOUS
 62
    7
 10
14.739173287249759
 20
18.898651145896991
 11
21.023143287249585
 21
25.182621145896814
  0
LINE
  8
_0-2_タイトル
  6
CONTINUOUS
 62
    7
 10
9.6091032872493152
 20
13.76869114589697
 11
10.839783287249933
 21
14.999261145896927
  0
LINE
  8
_0-2_タイトル
  6
CONTINUOUS
 62
    7
 10
-0.9581567127504175
 20
3.2014311458967661
 11
6.9494132872498433
 21
11.108891145897072
  0
LINE
  8
_0-2_タイトル
  6
CONTINUOUS
 62
    7
 10
14.900983287249691
 20
18.612431145896725
 11
21.426733287249668
 21
25.138291145896893
  0
LINE
  8
_0-2_タイトル
  6
CONTINUOUS
 62
    7
 10
10.057133287249744
 20
13.76869114589697
 11
10.839783287249933
 21
14.551231145896732
  0
LINE
  8
_0-2_タイトル
  6
CONTINUOUS
 62
    7
 10
-0.9137167127500678
 20
2.7977311458969645
 11
7.4067932872496449
 21
11.118241145896913
  0
LINE
  8
_0-2_タイトル
  6
CONTINUOUS
 62
    7
 10
14.900983287249691
 20
18.164401145896999
 11
21.823173287249507
 21
25.086591145896815
  0
LINE
  8
_0-2_タイトル
  6
CONTINUOUS
 62
    7
 10
10.505273287249427
 20
13.76869114589697
 11
10.839783287249933
 21
14.103201145897007
  0
LINE
  8
_0-2_タイトル
  6
CONTINUOUS
 62
    7
 10
-0.8621267127504195
 20
2.4014011458968443
 11
7.8640632872492544
 21
11.127481145896798
  0
LINE
  8
_0-2_タイトル
  6
CONTINUOUS
 62
    7
 10
14.900983287249691
 20
17.716371145896805
 11
22.212573287249306
 21
25.028071145896842
  0
LINE
  8
_0-2_タイトル
  6
CONTINUOUS
 62
    7
 10
-0.8034967127502579
 20
2.0118911458968576
 11
8.3214432872495259
 21
11.136831145897109
  0
LINE
  8
_0-2_タイトル
  6
CONTINUOUS
 62
    7
 10
14.900983287249691
 20
17.268341145896848
 11
22.595373287249348
 21
24.962841145896924
  0
LINE
  8
_0-2_タイトル
  6
CONTINUOUS
 62
    7
 10
-0.7382667127498709
 20
1.6290911458968116
 11
8.7787132872496052
 21
11.146071145896993
  0
LINE
  8
_0-2_タイトル
  6
CONTINUOUS
 62
    7
 10
17.139593287249628
 20
19.058921145896825
 11
22.971793287249554
 21
24.891231145896946
  0
LINE
  8
_0-2_タイトル
  6
CONTINUOUS
 62
    7
 10
14.900983287249691
 20
16.820421145896841
 11
16.546803287249833
 21
18.466131145897027
  0
LINE
  8
_0-2_タイトル
  6
CONTINUOUS
 62
    7
 10
-0.6666567127501199
 20
1.2526711458968371
 11
9.2359832872496845
 21
11.155311145896878
  0
LINE
  8
_0-2_タイトル
  6
CONTINUOUS
 62
    7
 10
17.587513287249397
 20
19.058921145896825
 11
23.342163287249566
 21
24.813461145897033
  0
LINE
  8
_0-2_タイトル
  6
CONTINUOUS
 62
    7
 10
14.900983287249691
 20
16.372391145896881
 11
16.273563287249861
 21
17.744861145897094
  0
LINE
  8
_0-2_タイトル
  6
CONTINUOUS
 62
    7
 10
-0.5888867127499786
 20
0.8824111458970196
 11
9.6932532872497639
 21
11.164661145896954
  0
LINE
  8
_0-2_タイトル
  6
CONTINUOUS
 62
    7
 10
18.035543287249826
 20
19.058921145896825
 11
23.706483287249842
 21
24.729751145896877
  0
LINE
  8
_0-2_タイトル
  6
CONTINUOUS
 62
    7
 10
14.900983287249691
 20
15.924251145896729
 11
16.00043328724961
 21
17.023701145896879
  0
LINE
  8
_0-2_タイトル
  6
CONTINUOUS
 62
    7
 10
-0.5052867127500171
 20
0.5180911458967435
 11
10.150633287249565
 21
11.173901145897073
  0
LINE
  8
_0-2_タイトル
  6
CONTINUOUS
 62
    7
 10
18.483683287249978
 20
19.058921145896825
 11
24.065083287250026
 21
24.640431145896823
  0
LINE
  8
_0-2_タイトル
  6
CONTINUOUS
 62
    7
 10
14.900983287249691
 20
15.476331145896962
 11
15.741713287249556
 21
16.31706114589706
  0
LINE
  8
_0-2_タイトル
  6
CONTINUOUS
 62
    7
 10
-0.4158567127502377
 20
0.1593811458968408
 11
10.607903287250114
 21
11.183251145896914
  0
LINE
  8
_0-2_タイトル
  6
CONTINUOUS
 62
    7
 10
18.931603287249747
 20
19.058921145896825
 11
24.418293287250211
 21
24.545611145896817
  0
LINE
  8
_0-2_タイトル
  6
CONTINUOUS
 62
    7
 10
14.900983287249691
 20
15.028301145896767
 11
15.453953287249664
 21
15.581271145896975
  0
LINE
  8
_0-2_タイトル
  6
CONTINUOUS
 62
    7
 10
-0.3210367127504665
 20
-0.1937188541031564
 11
10.839783287249933
 21
10.967101145896772
  0
LINE
  8
_0-2_タイトル
  6
CONTINUOUS
 62
    7
 10
19.379633287249707
 20
19.058921145896825
 11
24.76611328724994
 21
24.445401145897058
  0
LINE
  8
_0-2_タイトル
  6
CONTINUOUS
 62
    7
 10
14.900983287249691
 20
14.58027114589704
 11
15.653163287249431
 21
15.332451145897013
  0
LINE
  8
_0-2_タイトル
  6
CONTINUOUS
 62
    7
 10
6.1119832872500872
 20
5.7912711458969666
 11
10.839783287249933
 21
10.519071145897048
  0
LINE
  8
_0-2_タイトル
  6
CONTINUOUS
 62
    7
 10
-0.220826712750235
 20
-0.5415388541031196
 11
5.6029032872495073
 21
5.2821911458970909
  0
LINE
  8
_0-2_タイトル
  6
CONTINUOUS
 62
    7
 10
19.827663287249667
 20
19.058921145896825
 11
25.108653287249865
 21
24.339911145897023
  0
LINE
  8
_0-2_タイトル
  6
CONTINUOUS
 62
    7
 10
14.900983287249691
 20
14.132241145896845
 11
15.886913287249687
 21
15.118171145896842
  0
LINE
  8
_0-2_タイトル
  6
CONTINUOUS
 62
    7
 10
6.7386532872501625
 20
5.9699111458968481
 11
10.839783287249933
 21
10.071041145896853
  0
LINE
  8
_0-2_タイトル
  6
CONTINUOUS
 62
    7
 10
-0.115336712750671
 20
-0.8841888541030051
 11
5.6029032872495073
 21
4.8341611458968963
  0
LINE
  8
_0-2_タイトル
  6
CONTINUOUS
 62
    7
 10
20.275693287249624
 20
19.058921145896825
 11
25.446243287249636
 21
24.229471145897065
  0
LINE
  8
_0-2_タイトル
  6
CONTINUOUS
 62
    7
 10
14.985463287249775
 20
13.76869114589697
 11
16.161033287249783
 21
14.944261145896975
  0
LINE
  8
_0-2_タイトル
  6
CONTINUOUS
 62
    7
 10
7.3652132872495768
 20
6.1484411458970065
 11
10.839783287249933
 21
9.6230111458968928
  0
LINE
  8
_0-2_タイトル
  6
CONTINUOUS
 62
    7
 10
-0.0048967127500065
 20
-1.2216688541030474
 11
5.6029032872495073
 21
4.3861311458969361
  0
LINE
  8
_0-2_タイトル
  6
CONTINUOUS
 62
    7
 10
20.723723287249591
 20
19.058921145896825
 11
25.778883287249702
 21
24.114081145896936
  0
LINE
  8
_0-2_タイトル
  6
CONTINUOUS
 62
    7
 10
15.433493287249267
 20
13.76869114589697
 11
16.609063287249743
 21
14.944261145896975
  0
LINE
  8
_0-2_タイトル
  6
CONTINUOUS
 62
    7
 10
7.991883287249653
 20
6.3270811458968872
 11
10.839783287249933
 21
9.1749811458969326
  0
LINE
  8
_0-2_タイトル
  6
CONTINUOUS
 62
    7
 10
0.1104932872498842
 20
-1.5543088541031158
 11
5.6029032872495073
 21
3.9381011458969755
  0
LINE
  8
_0-2_タイトル
  6
CONTINUOUS
 62
    7
 10
20.693693287249431
 20
18.580861145896943
 11
26.106683287249798
 21
23.993851145896837
  0
LINE
  8
_0-2_タイトル
  6
CONTINUOUS
 62
    7
 10
15.881523287249696
 20
13.76869114589697
 11
17.057093287250172
 21
14.944261145896975
  0
LINE
  8
_0-2_タイトル
  6
CONTINUOUS
 62
    7
 10
8.6184432872495371
 20
6.5056111458970456
 11
10.839783287249933
 21
8.7269511458969724
  0
LINE
  8
_0-2_タイトル
  6
CONTINUOUS
 62
    7
 10
0.2306132872500255
 20
-1.8822188541031692
 11
5.6029032872495073
 21
3.4900711458970157
  0
LINE
  8
_0-2_タイトル
  6
CONTINUOUS
 62
    7
 10
20.510433287250194
 20
17.949571145896812
 11
26.429863287249834
 21
23.869001145896913
  0
LINE
  8
_0-2_タイトル
  6
CONTINUOUS
 62
    7
 10
16.329553287250125
 20
13.76869114589697
 11
17.505123287249663
 21
14.944261145896975
  0
LINE
  8
_0-2_タイトル
  6
CONTINUOUS
 62
    7
 10
9.2451132872496125
 20
6.6842511458969263
 11
10.839783287249933
 21
8.2789211458967777
  0
LINE
  8
_0-2_タイトル
  6
CONTINUOUS
 62
    7
 10
0.3554632872499508
 20
-2.2053988541029703
 11
5.7371032872502115
 21
3.1762411458968209
  0
LINE
  8
_0-2_タイトル
  6
CONTINUOUS
 62
    7
 10
20.411213287249343
 20
17.402321145896931
 11
26.748533287250002
 21
23.73964114589689
  0
LINE
  8
_0-2_タイトル
  6
CONTINUOUS
 62
    7
 10
16.777583287250085
 20
13.76869114589697
 11
17.953153287249624
 21
14.944261145896975
  0
LINE
  8
_0-2_タイトル
  6
CONTINUOUS
 62
    7
 10
9.8716732872494966
 20
6.8627811458968502
 11
10.839783287249933
 21
7.830891145897052
  0
LINE
  8
_0-2_タイトル
  6
CONTINUOUS
 62
    7
 10
0.4849332872494649
 20
-2.5239588541031823
 11
6.3864332872498197
 21
3.377541145896938
  0
LINE
  8
_0-2_タイトル
  6
CONTINUOUS
 62
    7
 10
20.859243287249775
 20
17.402321145896931
 11
27.062693287249363
 21
23.605661145897034
  0
LINE
  8
_0-2_タイトル
  6
CONTINUOUS
 62
    7
 10
16.878123287249483
 20
13.421311145896833
 11
18.401183287249584
 21
14.944261145896975
  0
LINE
  8
_0-2_タイトル
  6
CONTINUOUS
 62
    7
 10
10.498343287249572
 20
7.0414211458967308
 11
10.839783287249933
 21
7.3828611458968574
  0
LINE
  8
_0-2_タイトル
  6
CONTINUOUS
 62
    7
 10
0.6188032872495941
 20
-2.838118854103012
 11
7.0357632872498961
 21
3.5788411458968206
  0
LINE
  8
_0-2_タイトル
  6
CONTINUOUS
 62
    7
 10
21.307273287250197
 20
17.402321145896931
 11
27.372453287249986
 21
23.467501145896954
  0
LINE
  8
_0-2_タイトル
  6
CONTINUOUS
 62
    7
 10
16.878123287249483
 20
12.973281145896873
 11
18.849213287250013
 21
14.944261145896975
  0
LINE
  8
_0-2_タイトル
  6
CONTINUOUS
 62
    7
 10
14.900983287249691
 20
10.99603114589689
 11
15.181043287249796
 21
11.276091145896761
  0
LINE
  8
_0-2_タイトル
  6
CONTINUOUS
 62
    7
 10
0.7570732872498697
 20
-3.1478788541031655
 11
7.6850932872495044
 21
3.7801411458969376
  0
LINE
  8
_0-2_タイトル
  6
CONTINUOUS
 62
    7
 10
21.755303287250165
 20
17.402321145896931
 11
27.677813287249524
 21
23.324941145896958
  0
LINE
  8
_0-2_タイトル
  6
CONTINUOUS
 62
    7
 10
16.878123287249483
 20
12.525251145896913
 11
19.176793287249726
 21
14.823811145896965
  0
LINE
  8
_0-2_タイトル
  6
CONTINUOUS
 62
    7
 10
14.900983287249691
 20
10.548001145896929
 11
15.638313287249407
 21
11.285331145897114
  0
LINE
  8
_0-2_タイトル
  6
CONTINUOUS
 62
    7
 10
0.8996332872496326
 20
-3.4533488541031296
 11
8.3343132872498593
 21
3.9814411458968202
  0
LINE
  8
_0-2_タイトル
  6
CONTINUOUS
 62
    7
 10
22.203333287249652
 20
17.402321145896931
 11
27.979103287249959
 21
23.178091145897003
  0
LINE
  8
_0-2_タイトル
  6
CONTINUOUS
 62
    7
 10
16.878123287249483
 20
12.077221145896718
 11
19.04193328725022
 21
14.241031145896986
  0
LINE
  8
_0-2_タイトル
  6
CONTINUOUS
 62
    7
 10
14.900983287249691
 20
10.099971145896969
 11
16.095583287249955
 21
11.294681145896956
  0
LINE
  8
_0-2_タイトル
  6
CONTINUOUS
 62
    7
 10
1.0463732872496267
 20
-3.7545288541031399
 11
8.9836432872499365
 21
4.1827411458969372
  0
LINE
  8
_0-2_タイトル
  6
CONTINUOUS
 62
    7
 10
22.651363287249609
 20
17.402321145896931
 11
28.276213287250162
 21
23.027171145896776
  0
LINE
  8
_0-2_タイトル
  6
CONTINUOUS
 62
    7
 10
16.878123287249483
 20
11.629191145896991
 11
18.907073287249776
 21
13.658031145896858
  0
LINE
  8
_0-2_タイトル
  6
CONTINUOUS
 62
    7
 10
14.900983287249691
 20
9.6519411458967745
 11
16.552963287249757
 21
11.30392114589684
  0
LINE
  8
_0-2_タイトル
  6
CONTINUOUS
 62
    7
 10
1.1974032872495743
 20
-4.051638854103107
 11
9.6329732872500138
 21
4.3840411458968198
  0
LINE
  8
_0-2_タイトル
  6
CONTINUOUS
 62
    7
 10
23.099393287249576
 20
17.402321145896931
 11
28.569143287249659
 21
22.872181145896981
  0
LINE
  8
_0-2_タイトル
  6
CONTINUOUS
 62
    7
 10
14.900983287249691
 20
9.2040211458970056
 11
18.772213287249802
 21
13.07525114589688
  0
LINE
  8
_0-2_タイトル
  6
CONTINUOUS
 62
    7
 10
1.3523932872498423
 20
-4.3446788541030337
 11
10.282303287249622
 21
4.5852311458969801
  0
LINE
  8
_0-2_タイトル
  6
CONTINUOUS
 62
    7
 10
23.547423287249998
 20
17.402321145896931
 11
28.858223287249977
 21
22.713121145896903
  0
LINE
  8
_0-2_タイトル
  6
CONTINUOUS
 62
    7
 10
14.900983287249691
 20
8.7559911458968109
 11
18.637353287249827
 21
12.492361145896947
  0
LINE
  8
_0-2_タイトル
  6
CONTINUOUS
 62
    7
 10
1.5113432872499599
 20
-4.6336488541029199
 11
10.839783287249933
 21
4.6946811458968618
  0
LINE
  8
_0-2_タイトル
  6
CONTINUOUS
 62
    7
 10
23.995453287249966
 20
17.402321145896931
 11
29.143233287249775
 21
22.550211145896935
  0
LINE
  8
_0-2_タイトル
  6
CONTINUOUS
 62
    7
 10
14.900983287249691
 20
8.3079611458968508
 11
18.502493287249852
 21
11.909471145897012
  0
LINE
  8
_0-2_タイトル
  6
CONTINUOUS
 62
    7
 10
1.6743632872501202
 20
-4.9186588541029543
 11
10.839783287249933
 21
4.2466511458969016
  0
LINE
  8
_0-2_タイトル
  6
CONTINUOUS
 62
    7
 10
24.443483287249922
 20
17.402321145896931
 11
29.424393287249448
 21
22.383231145896929
  0
LINE
  8
_0-2_タイトル
  6
CONTINUOUS
 62
    7
 10
15.511153287249218
 20
8.4699911458969304
 11
18.367633287249877
 21
11.326581145896842
  0
LINE
  8
_0-2_タイトル
  6
CONTINUOUS
 62
    7
 10
1.8412332872499393
 20
-5.1998188541028609
 11
10.839783287249933
 21
3.7987311458968982
  0
LINE
  8
_0-2_タイトル
  6
CONTINUOUS
 62
    7
 10
24.891513287249882
 20
17.402321145896931
 11
29.701593287249743
 21
22.212511145896979
  0
LINE
  8
_0-2_タイトル
  6
CONTINUOUS
 62
    7
 10
22.334563287249878
 20
14.845481145896887
 11
22.433343287249976
 21
14.944261145896975
  0
LINE
  8
_0-2_タイトル
  6
CONTINUOUS
 62
    7
 10
16.137713287249571
 20
8.648631145896811
 11
18.232773287249902
 21
10.74358114589695
  0
LINE
  8
_0-2_タイトル
  6
CONTINUOUS
 62
    7
 10
2.0120632872496058
 20
-5.4771288541031113
 11
10.839783287249933
 21
3.3507011458969376
  0
LINE
  8
_0-2_タイトル
  6
CONTINUOUS
 62
    7
 10
25.339543287249843
 20
17.402321145896931
 11
29.975053287249626
 21
22.037941145896905
  0
LINE
  8
_0-2_タイトル
  6
CONTINUOUS
 62
    7
 10
22.199703287249438
 20
14.26259114589695
 11
22.881373287249463
 21
14.944261145896975
  0
LINE
  8
_0-2_タイトル
  6
CONTINUOUS
 62
    7
 10
16.290393287250044
 20
8.3531711458968978
 11
18.097913287249927
 21
10.160801145896972
  0
LINE
  8
_0-2_タイトル
  6
CONTINUOUS
 62
    7
 10
2.1866332872496796
 20
-5.7504788541030392
 11
10.839783287249933
 21
2.9026711458967429
  0
LINE
  8
_0-2_タイトル
  6
CONTINUOUS
 62
    7
 10
25.787573287249334
 20
17.402321145896931
 11
30.244773287250048
 21
21.859631145896895
  0
LINE
  8
_0-2_タイトル
  6
CONTINUOUS
 62
    7
 10
22.064843287249932
 20
13.679701145897017
 11
23.32940328724942
 21
14.944261145896975
  0
LINE
  8
_0-2_タイトル
  6
CONTINUOUS
 62
    7
 10
16.290393287250044
 20
7.9051411458969367
 11
17.963053287249483
 21
9.5779111458968025
  0
LINE
  8
_0-2_タイトル
  6
CONTINUOUS
 62
    7
 10
2.3649432872496901
 20
-6.0201988541032234
 11
10.839783287249933
 21
2.4546411458970177
  0
LINE
  8
_0-2_タイトル
  6
CONTINUOUS
 62
    7
 10
26.235493287250044
 20
17.402321145896931
 11
30.510753287250058
 21
21.677471145896988
  0
LINE
  8
_0-2_タイトル
  6
CONTINUOUS
 62
    7
 10
21.929983287249961
 20
13.096811145897082
 11
23.777433287249853
 21
14.944261145896975
  0
LINE
  8
_0-2_タイトル
  6
CONTINUOUS
 62
    7
 10
16.290393287250044
 20
7.4572211458969342
 11
17.828193287249977
 21
8.9950211458968674
  0
LINE
  8
_0-2_タイトル
  6
CONTINUOUS
 62
    7
 10
8.474343287249912
 20
-0.3589388541031546
 11
10.839783287249933
 21
2.006611145896823
  0
LINE
  8
_0-2_タイトル
  6
CONTINUOUS
 62
    7
 10
2.546993287249637
 20
-6.2861788541032384
 11
7.9433732872497309
 21
-0.8897988541031443
  0
LINE
  8
_0-2_タイトル
  6
CONTINUOUS
 62
    7
 10
26.683523287250001
 20
17.402321145896931
 11
30.77288328724994
 21
21.491681145896877
  0
LINE
  8
_0-2_タイトル
  6
CONTINUOUS
 62
    7
 10
21.79512328724951
 20
12.513921145896912
 11
24.121513287250114
 21
14.840421145897
  0
LINE
  8
_0-2_タイトル
  6
CONTINUOUS
 62
    7
 10
16.290393287250044
 20
7.009191145896974
 11
17.693333287249533
 21
8.4121311458969323
  0
LINE
  8
_0-2_タイトル
  6
CONTINUOUS
 62
    7
 10
14.900983287249691
 20
5.6197811458968552
 11
15.476723287249857
 21
6.1955211458967874
  0
LINE
  8
_0-2_タイトル
  6
CONTINUOUS
 62
    7
 10
8.922263287249681
 20
-0.3589388541031546
 11
10.839783287249933
 21
1.5585811458968624
  0
LINE
  8
_0-2_タイトル
  6
CONTINUOUS
 62
    7
 10
2.7327832872499913
 20
-6.5484188541030806
 11
7.810273287249534
 21
-1.4709288541030685
  0
LINE
  8
_0-2_タイトル
  6
CONTINUOUS
 62
    7
 10
27.131553287249961
 20
17.402321145896931
 11
31.031493287249809
 21
21.302261145897006
  0
LINE
  8
_0-2_タイトル
  6
CONTINUOUS
 62
    7
 10
21.660263287250004
 20
11.931031145896975
 11
23.986763287249392
 21
14.257421145897107
  0
LINE
  8
_0-2_タイトル
  6
CONTINUOUS
 62
    7
 10
16.290393287250044
 20
6.5611611458967793
 11
17.558473287249559
 21
7.8292411458969973
  0
LINE
  8
_0-2_タイトル
  6
CONTINUOUS
 62
    7
 10
14.900983287249691
 20
5.171751145896895
 11
16.126053287249466
 21
6.3968211458969044
  0
LINE
  8
_0-2_タイトル
  6
CONTINUOUS
 62
    7
 10
9.3702932872496412
 20
-0.3589388541031546
 11
10.886753287249523
 21
1.1575211458969608
  0
LINE
  8
_0-2_タイトル
  6
CONTINUOUS
 62
    7
 10
2.9222032872496184
 20
-6.8069188541029844
 11
7.6771732872493352
 21
-2.0520588541029916
  0
LINE
  8
_0-2_タイトル
  6
CONTINUOUS
 62
    7
 10
27.579583287249456
 20
17.402321145896931
 11
31.286363287250197
 21
21.109211145896932
  0
LINE
  8
_0-2_タイトル
  6
CONTINUOUS
 62
    7
 10
21.525403287249564
 20
11.348141145897042
 11
23.851793287249695
 21
13.674641145896896
  0
LINE
  8
_0-2_タイトル
  6
CONTINUOUS
 62
    7
 10
14.900983287249691
 20
4.7237211458969348
 11
17.423613287250053
 21
7.2463511458968277
  0
LINE
  8
_0-2_タイトル
  6
CONTINUOUS
 62
    7
 10
9.8183232872496013
 20
-0.3589388541031546
 11
11.334783287249483
 21
1.1575211458969608
  0
LINE
  8
_0-2_タイトル
  6
CONTINUOUS
 62
    7
 10
3.1153632872491843
 20
-7.0618988541031023
 11
7.5440732872496064
 21
-2.6331888541031501
  0
LINE
  8
_0-2_タイトル
  6
CONTINUOUS
 62
    7
 10
28.027613287249412
 20
17.402321145896931
 11
31.537713287249638
 21
20.912421145896918
  0
LINE
  8
_0-2_タイトル
  6
CONTINUOUS
 62
    7
 10
21.390543287249592
 20
10.765251145897107
 11
23.716933287250189
 21
13.091751145896961
  0
LINE
  8
_0-2_タイトル
  6
CONTINUOUS
 62
    7
 10
14.900983287249691
 20
4.2756911458967402
 11
17.288753287249609
 21
6.6634611458968918
  0
LINE
  8
_0-2_タイトル
  6
CONTINUOUS
 62
    7
 10
10.266353287249562
 20
-0.3589388541031546
 11
11.782703287249721
 21
1.1575211458969608
  0
LINE
  8
_0-2_タイトル
  6
CONTINUOUS
 62
    7
 10
3.3121532872499015
 20
-7.3131388541030482
 11
7.4109732872498775
 21
-3.2143188541030732
  0
LINE
  8
_0-2_タイトル
  6
CONTINUOUS
 62
    7
 10
28.475643287249845
 20
17.402321145896931
 11
31.785433287250264
 21
20.712111145896877
  0
LINE
  8
_0-2_タイトル
  6
CONTINUOUS
 62
    7
 10
21.255683287249614
 20
10.182361145896937
 11
23.634763287249896
 21
12.561441145896755
  0
LINE
  8
_0-2_タイトル
  6
CONTINUOUS
 62
    7
 10
14.900983287249691
 20
3.8276611458970144
 11
17.153893287249634
 21
6.0805711458969567
  0
LINE
  8
_0-2_タイトル
  6
CONTINUOUS
 62
    7
 10
10.714383287249522
 20
-0.3589388541031546
 11
12.230843287249872
 21
1.1575211458969608
  0
LINE
  8
_0-2_タイトル
  6
CONTINUOUS
 62
    7
 10
3.5124632872497052
 20
-7.5608588541029711
 11
7.2778732872496787
 21
-3.7954488541029976
  0
LINE
  8
_0-2_タイトル
  6
CONTINUOUS
 62
    7
 10
28.923673287250267
 20
17.402321145896931
 11
32.029523287249731
 21
20.508171145896867
  0
LINE
  8
_0-2_タイトル
  6
CONTINUOUS
 62
    7
 10
21.120823287249635
 20
9.5994711458970023
 11
23.447213287249767
 21
11.925971145897091
  0
LINE
  8
_0-2_タイトル
  6
CONTINUOUS
 62
    7
 10
14.900983287249691
 20
3.3797411458967765
 11
17.019033287250128
 21
5.4976811458970225
  0
LINE
  8
_0-2_タイトル
  6
CONTINUOUS
 62
    7
 10
11.162413287249951
 20
-0.3589388541031546
 11
12.678873287249832
 21
1.1575211458969608
  0
LINE
  8
_0-2_タイトル
  6
CONTINUOUS
 62
    7
 10
3.7164032872497232
 20
-7.8049488541031495
 11
7.1447732872499508
 21
-4.3765788541029202
  0
LINE
  8
_0-2_タイトル
  6
CONTINUOUS
 62
    7
 10
29.371703287249762
 20
17.402321145896931
 11
32.269983287249929
 21
20.300711145897058
  0
LINE
  8
_0-2_タイトル
  6
CONTINUOUS
 62
    7
 10
20.985963287249664
 20
9.016691145897024
 11
23.312353287249795
 21
11.343081145896921
  0
LINE
  8
_0-2_タイトル
  6
CONTINUOUS
 62
    7
 10
14.900983287249691
 20
2.9317111458970508
 11
16.884063287249493
 21
4.914791145896853
  0
LINE
  8
_0-2_タイトル
  6
CONTINUOUS
 62
    7
 10
11.610443287249911
 20
-0.3589388541031546
 11
13.126903287249792
 21
1.1575211458969608
  0
LINE
  8
_0-2_タイトル
  6
CONTINUOUS
 62
    7
 10
3.923863287250231
 20
-8.0455188541030704
 11
7.0116732872502219
 21
-4.9577088541030792
  0
LINE
  8
_0-2_タイトル
  6
CONTINUOUS
 62
    7
 10
29.819733287249722
 20
17.402321145896931
 11
32.507033287249826
 21
20.089621145897038
  0
LINE
  8
_0-2_タイトル
  6
CONTINUOUS
 62
    7
 10
27.348913287249861
 20
14.931501145896835
 11
27.361673287249999
 21
14.944261145896975
  0
LINE
  8
_0-2_タイトル
  6
CONTINUOUS
 62
    7
 10
20.851103287249689
 20
8.4336911458968977
 11
23.17749328724982
 21
10.760191145896986
  0
LINE
  8
_0-2_タイトル
  6
CONTINUOUS
 62
    7
 10
14.900983287249691
 20
2.4836811458968562
 11
16.824553287249675
 21
4.4071411458968832
  0
LINE
  8
_0-2_タイトル
  6
CONTINUOUS
 62
    7
 10
12.058473287249871
 20
-0.3589388541031546
 11
13.574823287249561
 21
1.1575211458969608
  0
LINE
  8
_0-2_タイトル
  6
CONTINUOUS
 62
    7
 10
4.1348432872493568
 20
-8.2824588541030089
 11
6.8785732872500249
 21
-5.5388388541032372
  0
LINE
  8
_0-2_タイトル
  6
CONTINUOUS
 62
    7
 10
30.267763287249679
 20
17.402321145896931
 11
32.740453287249977
 21
19.875121145896951
  0
LINE
  8
_0-2_タイトル
  6
CONTINUOUS
 62
    7
 10
27.214053287249417
 20
14.3486111458969
 11
27.809703287249967
 21
14.944261145896975
  0
LINE
  8
_0-2_タイトル
  6
CONTINUOUS
 62
    7
 10
20.716243287249718
 20
7.8508011458969618
 11
23.042633287249849
 21
10.177301145897051
  0
LINE
  8
_0-2_タイトル
  6
CONTINUOUS
 62
    7
 10
14.900983287249691
 20
2.0355411458969392
 11
16.614343287250012
 21
3.7490111458969828
  0
LINE
  8
_0-2_タイトル
  6
CONTINUOUS
 62
    7
 10
12.506503287249362
 20
-0.3589388541031546
 11
14.02285328724999
 21
1.1575211458969608
  0
LINE
  8
_0-2_タイトル
  6
CONTINUOUS
 62
    7
 10
4.3494532872496343
 20
-8.5158788541031623
 11
6.7454732872498262
 21
-6.1199688541031607
  0
LINE
  8
_0-2_タイトル
  6
CONTINUOUS
 62
    7
 10
30.715793287249646
 20
17.402321145896931
 11
32.970353287249637
 21
19.656881145896929
  0
LINE
  8
_0-2_タイトル
  6
CONTINUOUS
 62
    7
 10
27.079193287249911
 20
13.765721145896963
 11
28.257623287249267
 21
14.944261145896975
  0
LINE
  8
_0-2_タイトル
  6
CONTINUOUS
 62
    7
 10
20.581383287249267
 20
7.2680211458969834
 11
22.907773287249871
 21
9.5944111458971157
  0
LINE
  8
_0-2_タイトル
  6
CONTINUOUS
 62
    7
 10
14.900983287249691
 20
1.5876211458969358
 11
16.479483287249568
 21
3.1661211458970473
  0
LINE
  8
_0-2_タイトル
  6
CONTINUOUS
 62
    7
 10
12.923843287249898
 20
-0.3895188541030913
 11
14.470883287249482
 21
1.1575211458969608
  0
LINE
  8
_0-2_タイトル
  6
CONTINUOUS
 62
    7
 10
4.5675832872494659
 20
-8.7457788541030563
 11
6.6123732872496284
 21
-6.7010988541030834
  0
LINE
  8
_0-2_タイトル
  6
CONTINUOUS
 62
    7
 10
31.163823287249603
 20
17.402321145896931
 11
33.196733287249273
 21
19.435231145896839
  0
LINE
  8
_0-2_タイトル
  6
CONTINUOUS
 62
    7
 10
26.944333287249936
 20
13.182831145896795
 11
28.705653287249689
 21
14.944261145896975
  0
LINE
  8
_0-2_タイトル
  6
CONTINUOUS
 62
    7
 10
20.446523287249761
 20
6.6850211458970925
 11
22.772913287249892
 21
9.0115211458969462
  0
LINE
  8
_0-2_タイトル
  6
CONTINUOUS
 62
    7
 10
12.7907432872497
 20
-0.9706488541030144
 11
16.344623287249593
 21
2.5832311458968782
  0
LINE
  8
_0-2_タイトル
  6
CONTINUOUS
 62
    7
 10
4.7892332872497896
 20
-8.9721588541029256
 11
6.4791632872497074
 21
-7.2822288541030069
  0
LINE
  8
_0-2_タイトル
  6
CONTINUOUS
 62
    7
 10
31.611853287250035
 20
17.402321145896931
 11
33.419483287249633
 21
19.210061145896962
  0
LINE
  8
_0-2_タイトル
  6
CONTINUOUS
 62
    7
 10
26.80936328724977
 20
12.59994114589686
 11
29.153683287249656
 21
14.944261145896975
  0
LINE
  8
_0-2_タイトル
  6
CONTINUOUS
 62
    7
 10
20.31166328724979
 20
6.1022411458968797
 11
22.638053287249921
 21
8.4286311458970111
  0
LINE
  8
_0-2_タイトル
  6
CONTINUOUS
 62
    7
 10
12.657643287249503
 20
-1.5517788541029387
 11
16.209763287250087
 21
2.0003411458969427
  0
LINE
  8
_0-2_タイトル
  6
CONTINUOUS
 62
    7
 10
5.0145132872503284
 20
-9.195018854103008
 11
6.3460632872499794
 21
-7.8633588541031649
  0
LINE
  8
_0-2_タイトル
  6
CONTINUOUS
 62
    7
 10
32.059883287249995
 20
17.402321145896931
 11
33.6388232872497
 21
18.981371145897057
  0
LINE
  8
_0-2_タイトル
  6
CONTINUOUS
 62
    7
 10
26.674613287249986
 20
12.017051145896925
 11
29.38589328724958
 21
14.728441145896941
  0
LINE
  8
_0-2_タイトル
  6
CONTINUOUS
 62
    7
 10
20.176803287249349
 20
5.5192411458969879
 11
22.503193287249946
 21
7.8457411458970761
  0
LINE
  8
_0-2_タイトル
  6
CONTINUOUS
 62
    7
 10
12.524543287250243
 20
-2.1329088541030963
 11
16.082163287250072
 21
1.4247111458969675
  0
LINE
  8
_0-2_タイトル
  6
CONTINUOUS
 62
    7
 10
5.2432032872492895
 20
-9.4142488541031106
 11
6.2129632872497815
 21
-8.4444888541030885
  0
LINE
  8
_0-2_タイトル
  6
CONTINUOUS
 62
    7
 10
32.507803287249757
 20
17.402321145896931
 11
33.854533287249538
 21
18.749051145896711
  0
LINE
  8
_0-2_タイトル
  6
CONTINUOUS
 62
    7
 10
26.53964328724982
 20
11.434271145896947
 11
29.251033287250074
 21
14.145551145896771
  0
LINE
  8
_0-2_タイトル
  6
CONTINUOUS
 62
    7
 10
20.041943287249843
 20
4.9364611458970096
 11
22.379443287250062
 21
7.2739611458969939
  0
LINE
  8
_0-2_タイトル
  6
CONTINUOUS
 62
    7
 10
14.746653287249632
 20
-0.3589388541031546
 11
16.530193287249563
 21
1.4247111458969675
  0
LINE
  8
_0-2_タイトル
  6
CONTINUOUS
 62
    7
 10
12.391443287250045
 20
-2.7140388541032543
 11
14.421163287249801
 21
-0.6843188541032641
  0
LINE
  8
_0-2_タイトル
  6
CONTINUOUS
 62
    7
 10
5.4754132872501522
 20
-9.6300688541031469
 11
6.3527732872499199
 21
-8.7527088541029094
  0
LINE
  8
_0-2_タイトル
  6
CONTINUOUS
 62
    7
 10
32.955833287249249
 20
17.402321145896931
 11
34.066833287249551
 21
18.513321145896995
  0
LINE
  8
_0-2_タイトル
  6
CONTINUOUS
 62
    7
 10
26.404783287249845
 20
10.851271145896821
 11
29.116283287249345
 21
13.562661145896836
  0
LINE
  8
_0-2_タイトル
  6
CONTINUOUS
 62
    7
 10
19.907083287249865
 20
4.3535711458970745
 11
22.233473287249524
 21
6.679961145896737
  0
LINE
  8
_0-2_タイトル
  6
CONTINUOUS
 62
    7
 10
15.19457328724987
 20
-0.3589388541031546
 11
16.978223287249524
 21
1.4247111458969675
  0
LINE
  8
_0-2_タイトル
  6
CONTINUOUS
 62
    7
 10
12.258343287249847
 20
-3.2951688541031778
 11
14.522143287249964
 21
-1.0314788541030173
  0
LINE
  8
_0-2_タイトル
  6
CONTINUOUS
 62
    7
 10
5.7112532872498223
 20
-9.8422588541032034
 11
6.8008032872498809
 21
-8.7527088541029094
  0
LINE
  8
_0-2_タイトル
  6
CONTINUOUS
 62
    7
 10
33.113133287249312
 20
17.111591145896799
 11
34.275393287249628
 21
18.273851145897115
  0
LINE
  8
_0-2_タイトル
  6
CONTINUOUS
 62
    7
 10
26.270033287250062
 20
10.268381145896885
 11
28.981313287249652
 21
12.979771145896901
  0
LINE
  8
_0-2_タイトル
  6
CONTINUOUS
 62
    7
 10
19.772223287249421
 20
3.770681145896905
 11
22.098613287250018
 21
6.0970711458968019
  0
LINE
  8
_0-2_タイトル
  6
CONTINUOUS
 62
    7
 10
15.64260328724983
 20
-0.3589388541031546
 11
17.426253287249484
 21
1.4247111458969675
  0
LINE
  8
_0-2_タイトル
  6
CONTINUOUS
 62
    7
 10
12.125243287249649
 20
-3.8762988541031018
 11
14.623013287249936
 21
-1.3785288541030494
  0
LINE
  8
_0-2_タイトル
  6
CONTINUOUS
 62
    7
 10
5.9506132872495137
 20
-10.050928854103001
 11
7.2488332872493721
 21
-8.7527088541029094
  0
LINE
  8
_0-2_タイトル
  6
CONTINUOUS
 62
    7
 10
33.225113287249847
 20
16.775541145896899
 11
34.480543287249873
 21
18.030971145896931
  0
LINE
  8
_0-2_タイトル
  6
CONTINUOUS
 62
    7
 10
26.135063287249896
 20
9.6854911458969504
 11
28.846453287250146
 21
12.396881145896966
  0
LINE
  8
_0-2_タイトル
  6
CONTINUOUS
 62
    7
 10
19.637363287249915
 20
3.1877911458969699
 11
21.963753287249578
 21
5.5141811458968668
  0
LINE
  8
_0-2_タイトル
  6
CONTINUOUS
 62
    7
 10
16.090633287249791
 20
-0.3589388541031546
 11
17.874283287249913
 21
1.4247111458969675
  0
LINE
  8
_0-2_タイトル
  6
CONTINUOUS
 62
    7
 10
11.99203328724926
 20
-4.4574288541030249
 11
14.723993287250099
 21
-1.7255788541030803
  0
LINE
  8
_0-2_タイトル
  6
CONTINUOUS
 62
    7
 10
6.1936032872498892
 20
-10.255968854103056
 11
7.6967532872500799
 21
-8.7527088541029094
  0
LINE
  8
_0-2_タイトル
  6
CONTINUOUS
 62
    7
 10
33.3370932872499
 20
16.439491145896994
 11
34.682063287249434
 21
17.784461145896767
  0
LINE
  8
_0-2_タイトル
  6
CONTINUOUS
 62
    7
 10
26.000203287249917
 20
9.1026011458970153
 11
28.711593287249705
 21
11.813991145896797
  0
LINE
  8
_0-2_タイトル
  6
CONTINUOUS
 62
    7
 10
19.502503287249471
 20
2.6049011458970344
 11
21.828893287249606
 21
4.9312911458966973
  0
LINE
  8
_0-2_タイトル
  6
CONTINUOUS
 62
    7
 10
16.538663287249751
 20
-0.3589388541031546
 11
18.322313287249873
 21
1.4247111458969675
  0
LINE
  8
_0-2_タイトル
  6
CONTINUOUS
 62
    7
 10
11.85893328725
 20
-5.038558854103182
 11
14.824973287250263
 21
-2.0726288541031126
  0
LINE
  8
_0-2_タイトル
  6
CONTINUOUS
 62
    7
 10
6.4401132872493498
 20
-10.457488854103087
 11
8.1447832872500392
 21
-8.7527088541029094
  0
LINE
  8
_0-2_タイトル
  6
CONTINUOUS
 62
    7
 10
33.449073287249497
 20
16.103441145896863
 11
34.87995328724972
 21
17.534321145896858
  0
LINE
  8
_0-2_タイトル
  6
CONTINUOUS
 62
    7
 10
25.865343287249477
 20
8.5198211458968025
 11
28.576733287249727
 21
11.231101145896861
  0
LINE
  8
_0-2_タイトル
  6
CONTINUOUS
 62
    7
 10
19.367533287249774
 20
2.0220111458970997
 11
21.6940332872501
 21
4.3484011458967622
  0
LINE
  8
_0-2_タイトル
  6
CONTINUOUS
 62
    7
 10
16.986693287249711
 20
-0.3589388541031546
 11
18.770343287249833
 21
1.4247111458969675
  0
LINE
  8
_0-2_タイトル
  6
CONTINUOUS
 62
    7
 10
11.725943287249525
 20
-5.6196888541031074
 11
14.925953287249957
 21
-2.4196788541031431
  0
LINE
  8
_0-2_タイトル
  6
CONTINUOUS
 62
    7
 10
6.6901432872497724
 20
-10.655488854103092
 11
8.5928132872499994
 21
-8.7527088541029094
  0
LINE
  8
_0-2_タイトル
  6
CONTINUOUS
 62
    7
 10
33.561163287249741
 20
15.767501145896921
 11
35.07432328724952
 21
17.280661145896925
  0
LINE
  8
_0-2_タイトル
  6
CONTINUOUS
 62
    7
 10
25.730483287249971
 20
7.9368211458969107
 11
28.441873287249749
 21
10.648321145896883
  0
LINE
  8
_0-2_タイトル
  6
CONTINUOUS
 62
    7
 10
19.23278328724999
 20
1.43912114589693
 11
21.606253287249434
 21
3.8125911458970769
  0
LINE
  8
_0-2_タイトル
  6
CONTINUOUS
 62
    7
 10
17.434723287249671
 20
-0.3589388541031546
 11
19.218373287249793
 21
1.4247111458969675
  0
LINE
  8
_0-2_タイトル
  6
CONTINUOUS
 62
    7
 10
11.592733287250073
 20
-6.2008188541030309
 11
15.026933287249182
 21
-2.7667288541031745
  0
LINE
  8
_0-2_タイトル
  6
CONTINUOUS
 62
    7
 10
6.9439132872501297
 20
-10.849748854103165
 11
9.0408432872494906
 21
-8.7527088541029094
  0
LINE
  8
_0-2_タイトル
  6
CONTINUOUS
 62
    7
 10
33.553463287249492
 20
15.311771145896937
 11
35.264953287249845
 21
17.023261145896818
  0
LINE
  8
_0-2_タイトル
  6
CONTINUOUS
 62
    7
 10
25.595623287249527
 20
7.3540411458969324
 11
28.307013287249777
 21
10.065321145896755
  0
LINE
  8
_0-2_タイトル
  6
CONTINUOUS
 62
    7
 10
17.882753287249631
 20
-0.3589388541031546
 11
21.424313287249678
 21
3.1826211458968916
  0
LINE
  8
_0-2_タイトル
  6
CONTINUOUS
 62
    7
 10
11.459633287249876
 20
-6.7819488541029536
 11
15.127913287249346
 21
-3.1137788541032063
  0
LINE
  8
_0-2_タイトル
  6
CONTINUOUS
 62
    7
 10
7.201203287249573
 20
-11.040378854103023
 11
9.4888732872494508
 21
-8.7527088541029094
  0
LINE
  8
_0-2_タイトル
  6
CONTINUOUS
 62
    7
 10
33.418493287249788
 20
14.728881145897002
 11
35.45195328724995
 21
16.762231145896742
  0
LINE
  8
_0-2_タイトル
  6
CONTINUOUS
 62
    7
 10
25.460763287249549
 20
6.7711511458969964
 11
28.172153287249802
 21
9.4825411458967785
  0
LINE
  8
_0-2_タイトル
  6
CONTINUOUS
 62
    7
 10
18.330783287249591
 20
-0.3589388541031546
 11
21.289453287250172
 21
2.5997311458967221
  0
LINE
  8
_0-2_タイトル
  6
CONTINUOUS
 62
    7
 10
11.326533287249678
 20
-7.3630788541031125
 11
15.228893287249509
 21
-3.4608288541030028
  0
LINE
  8
_0-2_タイトル
  6
CONTINUOUS
 62
    7
 10
7.4622332872498909
 20
-11.227488854103091
 11
9.9369032872498799
 21
-8.7527088541029094
  0
LINE
  8
_0-2_タイトル
  6
CONTINUOUS
 62
    7
 10
33.283743287250005
 20
14.145991145897066
 11
35.635213287249663
 21
16.497571145896906
  0
LINE
  8
_0-2_タイトル
  6
CONTINUOUS
 62
    7
 10
25.325903287250043
 20
6.1882611458968277
 11
28.037293287249831
 21
8.8996511458968435
  0
LINE
  8
_0-2_タイトル
  6
CONTINUOUS
 62
    7
 10
18.778813287250021
 20
-0.3589388541031546
 11
21.154593287249259
 21
2.0168411458967874
  0
LINE
  8
_0-2_タイトル
  6
CONTINUOUS
 62
    7
 10
11.193433287249949
 20
-7.9442088541030351
 11
15.329763287249481
 21
-3.8078788541030342
  0
LINE
  8
_0-2_タイトル
  6
CONTINUOUS
 62
    7
 10
7.7270032872496763
 20
-11.41074885410303
 11
10.38493328724984
 21
-8.7527088541029094
  0
LINE
  8
_0-2_タイトル
  6
CONTINUOUS
 62
    7
 10
33.148773287249369
 20
13.563101145896898
 11
35.814843287249623
 21
16.229061145896718
  0
LINE
  8
_0-2_タイトル
  6
CONTINUOUS
 62
    7
 10
25.191043287249602
 20
5.6053711458968927
 11
27.902433287249853
 21
8.3167611458969084
  0
LINE
  8
_0-2_タイトル
  6
CONTINUOUS
 62
    7
 10
19.068663287250263
 20
-0.5171188541031068
 11
21.019733287249753
 21
1.4339511458968524
  0
LINE
  8
_0-2_タイトル
  6
CONTINUOUS
 62
    7
 10
11.060333287249751
 20
-8.5254488541031499
 11
15.430743287249644
 21
-4.1549288541030656
  0
LINE
  8
_0-2_タイトル
  6
CONTINUOUS
 62
    7
 10
7.995403287250145
 20
-11.590268854103032
 11
10.8329632872498
 21
-8.7527088541029094
  0
LINE
  8
_0-2_タイトル
  6
CONTINUOUS
 62
    7
 10
33.013913287249864
 20
12.980211145896963
 11
35.990623287249448
 21
15.956921145896782
  0
LINE
  8
_0-2_タイトル
  6
CONTINUOUS
 62
    7
 10
25.056183287249631
 20
5.0224811458969576
 11
27.767573287249874
 21
7.733871145896738
  0
LINE
  8
_0-2_タイトル
  6
CONTINUOUS
 62
    7
 10
19.169643287249489
 20
-0.8641688541031378
 11
21.404953287249782
 21
1.3712511458971155
  0
LINE
  8
_0-2_タイトル
  6
CONTINUOUS
 62
    7
 10
8.2676532872498036
 20
-11.766158854103059
 11
15.531723287249807
 21
-4.5019788541030969
  0
LINE
  8
_0-2_タイトル
  6
CONTINUOUS
 62
    7
 10
32.87905328724942
 20
12.397321145897028
 11
36.162663287249821
 21
15.680931145896952
  0
LINE
  8
_0-2_タイトル
  6
CONTINUOUS
 62
    7
 10
24.921323287250125
 20
4.4395911458970225
 11
27.632713287249903
 21
7.150871145896847
  0
LINE
  8
_0-2_タイトル
  6
CONTINUOUS
 62
    7
 10
19.270513287249461
 20
-1.2112188541029345
 11
21.852983287249277
 21
1.3712511458971155
  0
LINE
  8
_0-2_タイトル
  6
CONTINUOUS
 62
    7
 10
8.5436432872498678
 20
-11.938088854102995
 11
15.632703287249502
 21
-4.8490288541028939
  0
LINE
  8
_0-2_タイトル
  6
CONTINUOUS
 62
    7
 10
32.744193287249452
 20
11.814431145897091
 11
36.330853287250051
 21
15.401091145896761
  0
LINE
  8
_0-2_タイトル
  6
CONTINUOUS
 62
    7
 10
24.786463287249209
 20
3.8567011458968525
 11
27.497853287249928
 21
6.5680911458968687
  0
LINE
  8
_0-2_タイトル
  6
CONTINUOUS
 62
    7
 10
19.371493287249624
 20
-1.5582688541032008
 11
22.301013287249706
 21
1.3712511458971155
  0
LINE
  8
_0-2_タイトル
  6
CONTINUOUS
 62
    7
 10
8.8234832872495907
 20
-12.106278854103
 11
15.733683287249665
 21
-5.1960788541031597
  0
LINE
  8
_0-2_タイトル
  6
CONTINUOUS
 62
    7
 10
32.609333287249946
 20
11.231541145896923
 11
36.495083287249976
 21
15.117291145896953
  0
LINE
  8
_0-2_タイトル
  6
CONTINUOUS
 62
    7
 10
24.651603287249703
 20
3.2738111458969179
 11
27.362993287249484
 21
5.9852011458969336
  0
LINE
  8
_0-2_タイトル
  6
CONTINUOUS
 62
    7
 10
21.018963287249825
 20
-0.3589388541031546
 11
22.749043287250139
 21
1.3712511458971155
  0
LINE
  8
_0-2_タイトル
  6
CONTINUOUS
 62
    7
 10
19.472473287249318
 20
-1.9053188541029975
 11
20.81073328724985
 21
-0.5671688541031272
  0
LINE
  8
_0-2_タイトル
  6
CONTINUOUS
 62
    7
 10
9.1071732872499105
 20
-12.270618854103109
 11
15.834663287249359
 21
-5.5431288541031911
  0
LINE
  8
_0-2_タイトル
  6
CONTINUOUS
 62
    7
 10
32.474473287249495
 20
10.648651145896988
 11
36.655463287249759
 21
14.829641145897018
  0
LINE
  8
_0-2_タイトル
  6
CONTINUOUS
 62
    7
 10
24.516743287250197
 20
2.6909211458969828
 11
27.228133287249978
 21
5.4023111458967641
  0
LINE
  8
_0-2_タイトル
  6
CONTINUOUS
 62
    7
 10
21.46688328724959
 20
-0.3589388541031546
 11
23.197073287250095
 21
1.3712511458971155
  0
LINE
  8
_0-2_タイトル
  6
CONTINUOUS
 62
    7
 10
19.573453287249482
 20
-2.2523688541030298
 11
20.911713287250009
 21
-0.9142188541029239
  0
LINE
  8
_0-2_タイトル
  6
CONTINUOUS
 62
    7
 10
9.3949332872493336
 20
-12.430998854103134
 11
15.935643287249523
 21
-5.8902888541029439
  0
LINE
  8
_0-2_タイトル
  6
CONTINUOUS
 62
    7
 10
32.339613287249527
 20
10.065761145897053
 11
36.811773287249508
 21
14.537921145896807
  0
LINE
  8
_0-2_タイトル
  6
CONTINUOUS
 62
    7
 10
24.381883287249284
 20
2.1080311458968133
 11
27.09327328725
 21
4.819421145896829
  0
LINE
  8
_0-2_タイトル
  6
CONTINUOUS
 62
    7
 10
21.915023287249742
 20
-0.3589388541031546
 11
23.645103287249583
 21
1.3712511458971155
  0
LINE
  8
_0-2_タイトル
  6
CONTINUOUS
 62
    7
 10
19.674433287249645
 20
-2.5994188541032948
 11
21.012583287249985
 21
-1.2612688541031891
  0
LINE
  8
_0-2_タイトル
  6
CONTINUOUS
 62
    7
 10
9.6865432872502915
 20
-12.587308854103117
 11
16.036513287249495
 21
-6.2373388541032107
  0
LINE
  8
_0-2_タイトル
  6
CONTINUOUS
 62
    7
 10
32.204753287250021
 20
9.4828711458971178
 11
36.964123287249407
 21
14.242241145896744
  0
LINE
  8
_0-2_タイトル
  6
CONTINUOUS
 62
    7
 10
24.247023287249778
 20
1.5251411458968778
 11
26.958413287249559
 21
4.2365311458968939
  0
LINE
  8
_0-2_タイトル
  6
CONTINUOUS
 62
    7
 10
22.363053287249702
 20
-0.3589388541031546
 11
24.09313328724955
 21
1.3712511458971155
  0
LINE
  8
_0-2_タイトル
  6
CONTINUOUS
 62
    7
 10
19.775413287249808
 20
-2.9464688541030917
 11
21.113563287249679
 21
-1.6083188541032212
  0
LINE
  8
_0-2_タイトル
  6
CONTINUOUS
 62
    7
 10
9.982333287249606
 20
-12.739548854103294
 11
16.137493287249658
 21
-6.5843888541030084
  0
LINE
  8
_0-2_タイトル
  6
CONTINUOUS
 62
    7
 10
32.069893287249577
 20
8.8999811458969482
 11
37.112293287250012
 21
13.94238114589692
  0
LINE
  8
_0-2_タイトル
  6
CONTINUOUS
 62
    7
 10
22.810973287249936
 20
-0.3589388541031546
 11
26.823553287250054
 21
3.6536411458969589
  0
LINE
  8
_0-2_タイトル
  6
CONTINUOUS
 62
    7
 10
19.876393287249503
 20
-3.2936288541030798
 11
21.214543287249839
 21
-1.9553688541030179
  0
LINE
  8
_0-2_タイトル
  6
CONTINUOUS
 62
    7
 10
10.282193287249431
 20
-12.887718854102959
 11
16.238473287249821
 21
-6.9314388541030389
  0
LINE
  8
_0-2_タイトル
  6
CONTINUOUS
 62
    7
 10
31.935033287249599
 20
8.3170911458970131
 11
37.25617328724973
 21
13.638231145896906
  0
LINE
  8
_0-2_タイトル
  6
CONTINUOUS
 62
    7
 10
23.259003287249431
 20
-0.3589388541031546
 11
26.734233287249527
 21
3.1162911458969411
  0
LINE
  8
_0-2_タイトル
  6
CONTINUOUS
 62
    7
 10
19.977263287249944
 20
-3.6406788541031112
 11
21.315523287250006
 21
-2.302418854103049
  0
LINE
  8
_0-2_タイトル
  6
CONTINUOUS
 62
    7
 10
10.586233287249957
 20
-13.031708854103098
 11
16.339453287249984
 21
-7.2784888541030703
  0
LINE
  8
_0-2_タイトル
  6
CONTINUOUS
 62
    7
 10
31.800173287249621
 20
7.7342011458970772
 11
37.395873287249671
 21
13.329901145896894
  0
LINE
  8
_0-2_タイトル
  6
CONTINUOUS
 62
    7
 10
23.70703328724986
 20
-0.3589388541031546
 11
26.553833287249631
 21
2.4878611458968543
  0
LINE
  8
_0-2_タイトル
  6
CONTINUOUS
 62
    7
 10
20.078243287249641
 20
-3.987728854103143
 11
21.416503287250169
 21
-2.6494688541030809
  0
LINE
  8
_0-2_タイトル
  6
CONTINUOUS
 62
    7
 10
10.8945632872495
 20
-13.171408854103044
 11
16.440433287249679
 21
-7.6255388541031008
  0
LINE
  8
_0-2_タイトル
  6
CONTINUOUS
 62
    7
 10
31.665313287249649
 20
7.1513111458969085
 11
37.531283287250133
 21
13.017281145896927
  0
LINE
  8
_0-2_タイトル
  6
CONTINUOUS
 62
    7
 10
24.155063287249821
 20
-0.3589388541031546
 11
26.418973287250125
 21
1.9049711458969187
  0
LINE
  8
_0-2_タイトル
  6
CONTINUOUS
 62
    7
 10
20.179223287249329
 20
-4.3347788541029395
 11
21.517373287249669
 21
-2.9965188541031118
  0
LINE
  8
_0-2_タイトル
  6
CONTINUOUS
 62
    7
 10
11.207293287249659
 20
-13.306708854103082
 11
16.629743287250054
 21
-7.8842588541031553
  0
LINE
  8
_0-2_タイトル
  6
CONTINUOUS
 62
    7
 10
31.530453287249674
 20
6.5684211458969735
 11
37.662183287249789
 21
12.700151145897092
  0
LINE
  8
_0-2_タイトル
  6
CONTINUOUS
 62
    7
 10
24.603093287249781
 20
-0.3589388541031546
 11
26.28411328724922
 21
1.3220811458969839
  0
LINE
  8
_0-2_タイトル
  6
CONTINUOUS
 62
    7
 10
20.280203287249496
 20
-4.6818288541032063
 11
21.618353287249835
 21
-3.3435688541029087
  0
LINE
  8
_0-2_タイトル
  6
CONTINUOUS
 62
    7
 10
11.524313287249772
 20
-13.437608854102972
 11
16.875703287249966
 21
-8.0863288541029696
  0
LINE
  8
_0-2_タイトル
  6
CONTINUOUS
 62
    7
 10
31.395593287249703
 20
5.9855311458970384
 11
37.788573287249577
 21
12.378511145896919
  0
LINE
  8
_0-2_タイトル
  6
CONTINUOUS
 62
    7
 10
24.831673287249959
 20
-0.5783888541029369
 11
26.62093328724999
 21
1.2108711458970904
  0
LINE
  8
_0-2_タイトル
  6
CONTINUOUS
 62
    7
 10
20.381183287249659
 20
-5.0288788541030023
 11
21.719333287249533
 21
-3.6906188541031746
  0
LINE
  8
_0-2_タイトル
  6
CONTINUOUS
 62
    7
 10
11.846063287249667
 20
-13.563998854102994
 11
17.121663287249408
 21
-8.2883988541030202
  0
LINE
  8
_0-2_タイトル
  6
CONTINUOUS
 62
    7
 10
31.260733287249725
 20
5.4026411458971033
 11
37.910233287249582
 21
12.052251145896919
  0
LINE
  8
_0-2_タイトル
  6
CONTINUOUS
 62
    7
 10
24.932653287250123
 20
-0.9254388541032021
 11
27.068963287249478
 21
1.2108711458970904
  0
LINE
  8
_0-2_タイトル
  6
CONTINUOUS
 62
    7
 10
20.493163287249718
 20
-5.3649288541031384
 11
21.82031328724922
 21
-4.0377788541029282
  0
LINE
  8
_0-2_タイトル
  6
CONTINUOUS
 62
    7
 10
12.172323287249899
 20
-13.685768854102957
 11
17.367623287249788
 21
-8.4904688541030673
  0
LINE
  8
_0-2_タイトル
  6
CONTINUOUS
 62
    7
 10
31.125873287249746
 20
4.8197511458969338
 11
38.027273287249997
 21
11.721151145896949
  0
LINE
  8
_0-2_タイトル
  6
CONTINUOUS
 62
    7
 10
25.033523287250095
 20
-1.2724888541032342
 11
27.516993287249907
 21
1.2108711458970904
  0
LINE
  8
_0-2_タイトル
  6
CONTINUOUS
 62
    7
 10
20.941193287250147
 20
-5.3649288541031384
 11
21.921293287249387
 21
-4.3848288541031941
  0
LINE
  8
_0-2_タイトル
  6
CONTINUOUS
 62
    7
 10
12.503313287249913
 20
-13.802698854103181
 11
17.6135832872497
 21
-8.6924288541031594
  0
LINE
  8
_0-2_タイトル
  6
CONTINUOUS
 62
    7
 10
30.991013287249775
 20
4.2369711458969554
 11
38.13936328724931
 21
11.385211145897006
  0
LINE
  8
_0-2_タイトル
  6
CONTINUOUS
 62
    7
 10
25.134503287250254
 20
-1.6195388541030309
 11
27.965023287249867
 21
1.2108711458970904
  0
LINE
  8
_0-2_タイトル
  6
CONTINUOUS
 62
    7
 10
21.389223287249635
 20
-5.3649288541031384
 11
22.022273287249551
 21
-4.7318788541032255
  0
LINE
  8
_0-2_タイトル
  6
CONTINUOUS
 62
    7
 10
12.839253287249623
 20
-13.914788854102964
 11
18.00133328724991
 21
-8.7527088541029094
  0
LINE
  8
_0-2_タイトル
  6
CONTINUOUS
 62
    7
 10
30.8561532872498
 20
3.6539711458968287
 11
38.246393287250143
 21
11.044321145896898
  0
LINE
  8
_0-2_タイトル
  6
CONTINUOUS
 62
    7
 10
26.843243287250051
 20
-0.3589388541031546
 11
28.413053287249824
 21
1.2108711458970904
  0
LINE
  8
_0-2_タイトル
  6
CONTINUOUS
 62
    7
 10
25.235483287249952
 20
-1.9665888541030618
 11
26.657013287249871
 21
-0.5450588541031431
  0
LINE
  8
_0-2_タイトル
  6
CONTINUOUS
 62
    7
 10
21.837253287249602
 20
-5.3649288541031384
 11
22.342923287249874
 21
-4.859148854103136
  0
LINE
  8
_0-2_タイトル
  6
CONTINUOUS
 62
    7
 10
13.180253287249688
 20
-14.021928854103285
 11
18.44936328724987
 21
-8.7527088541029094
  0
LINE
  8
_0-2_タイトル
  6
CONTINUOUS
 62
    7
 10
30.721293287249356
 20
3.0710811458968941
 11
38.348363287250152
 21
10.69826114589671
  0
LINE
  8
_0-2_タイトル
  6
CONTINUOUS
 62
    7
 10
27.291273287249538
 20
-0.3589388541031546
 11
28.861083287249318
 21
1.2108711458970904
  0
LINE
  8
_0-2_タイトル
  6
CONTINUOUS
 62
    7
 10
25.336463287249174
 20
-2.3136388541030941
 11
26.757993287249565
 21
-0.892108854103174
  0
LINE
  8
_0-2_タイトル
  6
CONTINUOUS
 62
    7
 10
22.285283287249559
 20
-5.3649288541031384
 11
22.790953287249842
 21
-4.859148854103136
  0
LINE
  8
_0-2_タイトル
  6
CONTINUOUS
 62
    7
 10
13.526313287249639
 20
-14.123898854103057
 11
18.89739328724983
 21
-8.7527088541029094
  0
LINE
  8
_0-2_タイトル
  6
CONTINUOUS
 62
    7
 10
30.58643328724985
 20
2.4881911458967245
 11
38.445053287249429
 21
10.34692114589696
  0
LINE
  8
_0-2_タイトル
  6
CONTINUOUS
 62
    7
 10
27.739303287249506
 20
-0.3589388541031546
 11
29.309113287249279
 21
1.2108711458970904
  0
LINE
  8
_0-2_タイトル
  6
CONTINUOUS
 62
    7
 10
25.437443287249341
 20
-2.6607988541030814
 11
26.858973287249729
 21
-1.2391588541029719
  0
LINE
  8
_0-2_タイトル
  6
CONTINUOUS
 62
    7
 10
22.733313287249992
 20
-5.3649288541031384
 11
23.238983287249798
 21
-4.859148854103136
  0
LINE
  8
_0-2_タイトル
  6
CONTINUOUS
 62
    7
 10
13.87765328724986
 20
-14.220478854103074
 11
19.34542328724979
 21
-8.7527088541029094
  0
LINE
  8
_0-2_タイトル
  6
CONTINUOUS
 62
    7
 10
30.451573287249872
 20
1.9053011458967894
 11
38.536243287249917
 21
9.990081145897026
  0
LINE
  8
_0-2_タイトル
  6
CONTINUOUS
 62
    7
 10
28.187333287249928
 20
-0.3589388541031546
 11
29.757143287249708
 21
1.2108711458970904
  0
LINE
  8
_0-2_タイトル
  6
CONTINUOUS
 62
    7
 10
25.538423287249504
 20
-3.0078488541031136
 11
26.959843287249701
 21
-1.5863188541031936
  0
LINE
  8
_0-2_タイトル
  6
CONTINUOUS
 62
    7
 10
23.181343287249479
 20
-5.3649288541031384
 11
23.686903287249564
 21
-4.859148854103136
  0
LINE
  8
_0-2_タイトル
  6
CONTINUOUS
 62
    7
 10
14.234493287249794
 20
-14.311668854102866
 11
19.793453287249282
 21
-8.7527088541029094
  0
LINE
  8
_0-2_タイトル
  6
CONTINUOUS
 62
    7
 10
30.316713287249431
 20
1.3225211458970454
 11
38.621823287250045
 21
9.6276311458969523
  0
LINE
  8
_0-2_タイトル
  6
CONTINUOUS
 62
    7
 10
28.635363287249895
 20
-0.3589388541031546
 11
30.205173287250137
 21
1.2108711458970904
  0
LINE
  8
_0-2_タイトル
  6
CONTINUOUS
 62
    7
 10
25.639403287249671
 20
-3.3548988541031441
 11
27.06082328724986
 21
-1.9333688541029914
  0
LINE
  8
_0-2_タイトル
  6
CONTINUOUS
 62
    7
 10
23.629373287249908
 20
-5.3649288541031384
 11
24.134933287249531
 21
-4.859148854103136
  0
LINE
  8
_0-2_タイトル
  6
CONTINUOUS
 62
    7
 10
14.596943287250102
 20
-14.397248854102989
 11
20.241483287249711
 21
-8.7527088541029094
  0
LINE
  8
_0-2_タイトル
  6
CONTINUOUS
 62
    7
 10
29.08328328724966
 20
-0.3589388541031546
 11
38.701573287249872
 21
9.2593511458968258
  0
LINE
  8
_0-2_タイトル
  6
CONTINUOUS
 62
    7
 10
25.740273287249636
 20
-3.7019488541029411
 11
27.161803287250027
 21
-2.2804188541030221
  0
LINE
  8
_0-2_タイトル
  6
CONTINUOUS
 62
    7
 10
24.077403287249869
 20
-5.3649288541031384
 11
24.583073287249675
 21
-4.859148854103136
  0
LINE
  8
_0-2_タイトル
  6
CONTINUOUS
 62
    7
 10
14.96522328724976
 20
-14.476998854103055
 11
20.68951328725014
 21
-8.7527088541029094
  0
LINE
  8
_0-2_タイトル
  6
CONTINUOUS
 62
    7
 10
29.531313287249617
 20
-0.3589388541031546
 11
38.775163287249789
 21
8.8849111458967762
  0
LINE
  8
_0-2_タイトル
  6
CONTINUOUS
 62
    7
 10
25.841253287249803
 20
-4.0489988541029733
 11
27.262783287250191
 21
-2.6274688541030535
  0
LINE
  8
_0-2_タイトル
  6
CONTINUOUS
 62
    7
 10
24.525323287249638
 20
-5.3649288541031384
 11
25.03099328724992
 21
-4.859148854103136
  0
LINE
  8
_0-2_タイトル
  6
CONTINUOUS
 62
    7
 10
15.339553287249618
 20
-14.550588854102964
 11
21.1375432872501
 21
-8.7527088541029094
  0
LINE
  8
_0-2_タイトル
  6
CONTINUOUS
 62
    7
 10
29.979343287249584
 20
-0.3589388541031546
 11
38.84259328724977
 21
8.5042011458968467
  0
LINE
  8
_0-2_タイトル
  6
CONTINUOUS
 62
    7
 10
25.942233287249501
 20
-4.3960488541032383
 11
27.363763287249885
 21
-2.9745188541030854
  0
LINE
  8
_0-2_タイトル
  6
CONTINUOUS
 62
    7
 10
24.973353287249598
 20
-5.3649288541031384
 11
25.479023287249408
 21
-4.859148854103136
  0
LINE
  8
_0-2_タイトル
  6
CONTINUOUS
 62
    7
 10
15.720263287249782
 20
-14.618018854103187
 11
21.5854632872494
 21
-8.7527088541029094
  0
LINE
  8
_0-2_タイトル
  6
CONTINUOUS
 62
    7
 10
30.386123287250047
 20
-0.400188854102883
 11
38.903313287250285
 21
8.1170011458968894
  0
LINE
  8
_0-2_タイトル
  6
CONTINUOUS
 62
    7
 10
26.04321328724966
 20
-4.7430988541030352
 11
27.464743287249579
 21
-3.3215688541028818
  0
LINE
  8
_0-2_タイトル
  6
CONTINUOUS
 62
    7
 10
25.421383287250027
 20
-5.3649288541031384
 11
25.927053287249365
 21
-4.859148854103136
  0
LINE
  8
_0-2_タイトル
  6
CONTINUOUS
 62
    7
 10
16.107463287249974
 20
-14.67884885410319
 11
22.03349328724936
 21
-8.7527088541029094
  0
LINE
  8
_0-2_タイトル
  6
CONTINUOUS
 62
    7
 10
30.487103287250214
 20
-0.7472388541031482
 11
38.95732328724992
 21
7.7229811458967994
  0
LINE
  8
_0-2_タイトル
  6
CONTINUOUS
 62
    7
 10
25.869413287249987
 20
-5.3649288541031384
 11
27.565723287249742
 21
-3.6686188541031486
  0
LINE
  8
_0-2_タイトル
  6
CONTINUOUS
 62
    7
 10
16.50148328724983
 20
-14.732748854103104
 11
22.481523287249789
 21
-8.7527088541029094
  0
LINE
  8
_0-2_タイトル
  6
CONTINUOUS
 62
    7
 10
30.588083287249901
 20
-1.0942888541031803
 11
39.004073287249604
 21
7.321811145896941
  0
LINE
  8
_0-2_タイトル
  6
CONTINUOUS
 62
    7
 10
26.317443287249947
 20
-5.3649288541031384
 11
27.666593287249714
 21
-4.0156688541031791
  0
LINE
  8
_0-2_タイトル
  6
CONTINUOUS
 62
    7
 10
16.902763287250114
 20
-14.779608854102971
 11
22.929553287250219
 21
-8.7527088541029094
  0
LINE
  8
_0-2_タイトル
  6
CONTINUOUS
 62
    7
 10
30.689063287249599
 20
-1.441338854102977
 11
39.043453287249591
 21
6.9130511458967838
  0
LINE
  8
_0-2_タイトル
  6
CONTINUOUS
 62
    7
 10
26.765473287249439
 20
-5.3649288541031384
 11
27.767573287249874
 21
-4.3628288541029328
  0
LINE
  8
_0-2_タイトル
  6
CONTINUOUS
 62
    7
 10
17.311523287249333
 20
-14.81887885410301
 11
23.377583287249706
 21
-8.7527088541029094
  0
LINE
  8
_0-2_タイトル
  6
CONTINUOUS
 62
    7
 10
30.789933287250044
 20
-1.7883888541032433
 11
39.074803287249694
 21
6.4964811458968832
  0
LINE
  8
_0-2_タイトル
  6
CONTINUOUS
 62
    7
 10
27.213503287249399
 20
-5.3649288541031384
 11
27.868553287250041
 21
-4.7098788541031986
  0
LINE
  8
_0-2_タイトル
  6
CONTINUOUS
 62
    7
 10
17.728093287249468
 20
-14.850338854103068
 11
23.825613287249674
 21
-8.7527088541029094
  0
LINE
  8
_0-2_タイトル
  6
CONTINUOUS
 62
    7
 10
30.890913287249266
 20
-2.13543885410304
 11
39.09790328724953
 21
6.0715511458969864
  0
LINE
  8
_0-2_タイトル
  6
CONTINUOUS
 62
    7
 10
27.661533287249828
 20
-5.3649288541031384
 11
28.167203287249638
 21
-4.859148854103136
  0
LINE
  8
_0-2_タイトル
  6
CONTINUOUS
 62
    7
 10
18.153023287249599
 20
-14.873438854103131
 11
24.27364328724963
 21
-8.7527088541029094
  0
LINE
  8
_0-2_タイトル
  6
CONTINUOUS
 62
    7
 10
30.991893287249429
 20
-2.482488854103071
 11
39.112203287249528
 21
5.637821145897032
  0
LINE
  8
_0-2_タイトル
  6
CONTINUOUS
 62
    7
 10
28.109563287250261
 20
-5.3649288541031384
 11
28.615233287249598
 21
-4.859148854103136
  0
LINE
  8
_0-2_タイトル
  6
CONTINUOUS
 62
    7
 10
18.586753287249554
 20
-14.887628854102948
 11
24.72167328724959
 21
-8.7527088541029094
  0
LINE
  8
_0-2_タイトル
  6
CONTINUOUS
 62
    7
 10
31.092873287249596
 20
-2.8295388541031032
 11
39.117043287249508
 21
5.1946311458970449
  0
LINE
  8
_0-2_タイトル
  6
CONTINUOUS
 62
    7
 10
28.557593287249748
 20
-5.3649288541031384
 11
29.063263287250027
 21
-4.859148854103136
  0
LINE
  8
_0-2_タイトル
  6
CONTINUOUS
 62
    7
 10
19.029943287249541
 20
-14.892578854102876
 11
25.169703287249551
 21
-8.7527088541029094
  0
LINE
  8
_0-2_タイトル
  6
CONTINUOUS
 62
    7
 10
20.351593287249802
 20
17.402321145896931
 11
33.016113287249944
 21
17.402321145896931
  0
LINE
  8
_0-2_タイトル
  6
CONTINUOUS
 62
    7
 10
16.771313287249502
 20
19.058921145896825
 11
20.832513287249729
 21
19.058921145896825
  0
LINE
  8
_0-2_タイトル
  6
CONTINUOUS
 62
    7
 10
10.839783287249933
 20
18.898651145896991
 11
14.900983287249691
 21
18.898651145896991
  0
LINE
  8
_0-2_タイトル
  6
CONTINUOUS
 62
    7
 10
6.2442032872496922
 20
19.005461145896973
 11
10.091673287249765
 21
19.005461145896973
  0
LINE
  8
_0-2_タイトル
  6
CONTINUOUS
 62
    7
 10
10.839783287249933
 20
1.1575211458969608
 11
14.900983287249691
 21
1.1575211458969608
  0
LINE
  8
_0-2_タイトル
  6
CONTINUOUS
 62
    7
 10
16.130013287249785
 20
1.4247111458969675
 11
19.229373287250159
 21
1.4247111458969675
  0
LINE
  8
_0-2_タイトル
  6
CONTINUOUS
 62
    7
 10
5.6029032872495073
 20
5.6461811458970281
 11
5.6029032872495073
 21
3.1346611458967533
  0
LINE
  8
_0-2_タイトル
  6
CONTINUOUS
 62
    7
 10
16.290393287250044
 20
8.6920811458968466
 11
16.290393287250044
 21
6.4477511458968131
  0
LINE
  8
_0-2_タイトル
  6
CONTINUOUS
 62
    7
 10
16.878123287249483
 20
13.76869114589697
 11
16.878123287249483
 21
11.310521145896825
  0
LINE
  8
_0-2_タイトル
  6
CONTINUOUS
 62
    7
 10
10.091673287249765
 20
19.005461145896973
 11
8.7022632872498811
 21
13.76869114589697
  0
LINE
  8
_0-2_タイトル
  6
CONTINUOUS
 62
    7
 10
22.382193287249208
 20
15.051071145896957
 11
19.229373287250159
 21
1.4247111458969675
  0
LINE
  8
_0-2_タイトル
  6
CONTINUOUS
 62
    7
 10
6.2442032872496922
 20
19.005461145896973
 11
4.3738732872498831
 21
12.325821145896999
  0
LINE
  8
_0-2_タイトル
  6
CONTINUOUS
 62
    7
 10
4.3738732872498831
 20
12.325821145896999
 11
6.3510132872496738
 21
11.096791145896905
  0
LINE
  8
_0-2_タイトル
  6
CONTINUOUS
 62
    7
 10
16.771313287249502
 20
19.058921145896825
 11
15.435363287249704
 21
15.532101145896844
  0
LINE
  8
_0-2_タイトル
  6
CONTINUOUS
 62
    7
 10
15.435363287249704
 20
15.532101145896844
 11
16.07666328724989
 21
14.944261145896975
  0
LINE
  8
_0-2_タイトル
  6
CONTINUOUS
 62
    7
 10
19.229373287250159
 20
15.051071145896957
 11
16.07666328724989
 21
1.4247111458969675
  0
LINE
  8
_0-2_タイトル
  6
CONTINUOUS
 62
    7
 10
33.016113287249944
 20
17.402321145896931
 11
33.618803287249591
 21
15.594361145896753
  0
LINE
  8
_0-2_タイトル
  6
CONTINUOUS
 62
    7
 10
16.07666328724989
 20
14.944261145896975
 11
19.204623287249806
 21
14.944261145896975
  0
LINE
  8
_0-2_タイトル
  6
CONTINUOUS
 62
    7
 10
22.357443287249797
 20
14.944261145896975
 11
24.145603287249784
 21
14.944261145896975
  0
LINE
  8
_0-2_タイトル
  6
CONTINUOUS
 62
    7
 10
8.7022632872498811
 20
13.76869114589697
 11
10.839783287249933
 21
13.76869114589697
  0
LINE
  8
_0-2_タイトル
  6
CONTINUOUS
 62
    7
 10
14.900983287249691
 20
13.76869114589697
 11
16.878123287249483
 21
13.76869114589697
  0
LINE
  8
_0-2_タイトル
  6
CONTINUOUS
 62
    7
 10
16.878123287249483
 20
11.310521145896825
 11
14.900983287249691
 21
11.270371145896899
  0
LINE
  8
_0-2_タイトル
  6
CONTINUOUS
 62
    7
 10
10.839783287249933
 20
11.187981145896931
 11
6.3510132872496738
 21
11.096791145896905
  0
LINE
  8
_0-2_タイトル
  6
CONTINUOUS
 62
    7
 10
10.839783287249933
 20
18.898651145896991
 11
10.839783287249933
 21
13.76869114589697
  0
LINE
  8
_0-2_タイトル
  6
CONTINUOUS
 62
    7
 10
14.900983287249691
 20
18.898651145896991
 11
14.900983287249691
 21
13.76869114589697
  0
LINE
  8
_0-2_タイトル
  6
CONTINUOUS
 62
    7
 10
5.6029032872495073
 20
5.6461811458970281
 11
10.839783287249933
 21
7.1387711458969143
  0
LINE
  8
_0-2_タイトル
  6
CONTINUOUS
 62
    7
 10
14.900983287249691
 20
8.2961911458970228
 11
16.290393287250044
 21
8.6920811458968466
  0
LINE
  8
_0-2_タイトル
  6
CONTINUOUS
 62
    7
 10
10.839783287249933
 20
11.187981145896931
 11
10.839783287249933
 21
7.1387711458969143
  0
LINE
  8
_0-2_タイトル
  6
CONTINUOUS
 62
    7
 10
10.839783287249933
 20
4.7580411458970424
 11
10.839783287249933
 21
1.1575211458969608
  0
LINE
  8
_0-2_タイトル
  6
CONTINUOUS
 62
    7
 10
14.900983287249691
 20
11.270371145896899
 11
14.900983287249691
 21
8.2961911458970228
  0
LINE
  8
_0-2_タイトル
  6
CONTINUOUS
 62
    7
 10
14.900983287249691
 20
6.0171011458968202
 11
14.900983287249691
 21
0.997251145896893
  0
LINE
  8
_0-2_タイトル
  6
CONTINUOUS
 62
    7
 10
5.6029032872495073
 20
3.1346611458967533
 11
10.839783287249933
 21
4.7580411458970424
  0
LINE
  8
_0-2_タイトル
  6
CONTINUOUS
 62
    7
 10
14.900983287249691
 20
6.0171011458968202
 11
16.290393287250044
 21
6.4477511458968131
  0
LINE
  8
_0-2_タイトル
  6
CONTINUOUS
 62
    7
 10
20.832513287249729
 20
19.058921145896825
 11
20.351593287249802
 21
17.402321145896931
  0
LINE
  8
_0-2_タイトル
  6
CONTINUOUS
 62
    7
 10
26.602893287250041
 20
-0.3589388541031546
 11
30.374133287249837
 21
-0.3589388541031546
  0
LINE
  8
_0-2_タイトル
  6
CONTINUOUS
 62
    7
 10
26.602893287250041
 20
-0.3589388541031546
 11
27.912003287249611
 21
-4.859148854103136
  0
LINE
  8
_0-2_タイトル
  6
CONTINUOUS
 62
    7
 10
27.912003287249611
 20
-4.859148854103136
 11
31.683353287249592
 21
-4.859148854103136
  0
LINE
  8
_0-2_タイトル
  6
CONTINUOUS
 62
    7
 10
30.374133287249837
 20
-0.3589388541031546
 11
31.683353287249592
 21
-4.859148854103136
  0
LINE
  8
_0-2_タイトル
  6
CONTINUOUS
 62
    7
 10
32.709323287249788
 20
-5.3649288541031384
 11
32.867503287249981
 21
-8.7527088541029094
  0
LINE
  8
_0-2_タイトル
  6
CONTINUOUS
 62
    7
 10
22.059343287249749
 20
-4.859148854103136
 11
26.07698328724975
 21
-4.859148854103136
  0
LINE
  8
_0-2_タイトル
  6
CONTINUOUS
 62
    7
 10
20.750123287249526
 20
-0.3589388541031546
 11
22.059343287249749
 21
-4.859148854103136
  0
LINE
  8
_0-2_タイトル
  6
CONTINUOUS
 62
    7
 10
20.750123287249526
 20
-0.3589388541031546
 11
24.767763287249526
 21
-0.3589388541031546
  0
LINE
  8
_0-2_タイトル
  6
CONTINUOUS
 62
    7
 10
24.767763287249526
 20
-0.3589388541031546
 11
26.07698328724975
 21
-4.859148854103136
  0
LINE
  8
_0-2_タイトル
  6
CONTINUOUS
 62
    7
 10
20.478863287249712
 20
-5.3649288541031384
 11
32.709323287249788
 21
-5.3649288541031384
  0
LINE
  8
_0-2_タイトル
  6
CONTINUOUS
 62
    7
 10
19.022573287249859
 20
-0.3589388541031546
 11
20.478863287249712
 21
-5.3649288541031384
  0
LINE
  8
_0-2_タイトル
  6
CONTINUOUS
 62
    7
 10
14.326453287249752
 20
-0.3589388541031546
 11
19.022573287249859
 21
-0.3589388541031546
  0
LINE
  8
_0-2_タイトル
  6
CONTINUOUS
 62
    7
 10
14.326453287249752
 20
-0.3589388541031546
 11
16.479923287249864
 21
-7.7611688541030075
  0
LINE
  8
_0-2_タイトル
  6
CONTINUOUS
 62
    7
 10
16.479923287249864
 20
-7.7611688541030075
 11
17.686953287249697
 21
-8.7527088541029094
  0
LINE
  8
_0-2_タイトル
  6
CONTINUOUS
 62
    7
 10
17.686953287249697
 20
-8.7527088541029094
 11
32.867503287249981
 21
-8.7527088541029094
  0
LINE
  8
_0-2_タイトル
  6
CONTINUOUS
 62
    7
 10
8.0650332872497366
 20
-0.3589388541031546
 11
12.930883287249475
 21
-0.3589388541031546
  0
LINE
  8
_0-2_タイトル
  6
CONTINUOUS
 62
    7
 10
8.0650332872497366
 20
-0.3589388541031546
 11
6.142453287249598
 21
-8.7527088541029094
  0
LINE
  8
_0-2_タイトル
  6
CONTINUOUS
 62
    7
 10
6.142453287249598
 20
-8.7527088541029094
 11
11.008303287249337
 21
-8.7527088541029094
  0
LINE
  8
_0-2_タイトル
  6
CONTINUOUS
 62
    7
 10
12.930883287249475
 20
-0.3589388541031546
 11
11.008303287249337
 21
-8.7527088541029094
  0
LINE
  8
_0-2_タイトル
  6
CONTINUOUS
 62
    7
 10
24.145603287249784
 20
14.944261145896975
 11
21.005213287249369
 21
1.3712511458971155
  0
LINE
  8
_0-2_タイトル
  6
CONTINUOUS
 62
    7
 10
21.005213287249369
 20
1.3712511458971155
 11
24.211383287249721
 21
1.3712511458971155
  0
LINE
  8
_0-2_タイトル
  6
CONTINUOUS
 62
    7
 10
27.351773287250147
 20
14.944261145896975
 11
24.211383287249721
 21
1.3712511458971155
  0
LINE
  8
_0-2_タイトル
  6
CONTINUOUS
 62
    7
 10
27.351773287250147
 20
14.944261145896975
 11
29.43583328724964
 21
14.944261145896975
  0
LINE
  8
_0-2_タイトル
  6
CONTINUOUS
 62
    7
 10
29.43583328724964
 20
14.944261145896975
 11
26.258373287249952
 21
1.2108711458970904
  0
LINE
  8
_0-2_タイトル
  6
CONTINUOUS
 62
    7
 10
26.258373287249952
 20
1.2108711458970904
 11
30.290863287249977
 21
1.2108711458970904
  0
LINE
  8
_0-2_タイトル
  6
CONTINUOUS
 62
    7
 10
33.618803287249591
 20
15.594361145896753
 11
30.290863287249977
 21
1.2108711458970904
  0
CIRCLE
  8
_0-2_タイトル
  6
CONTINUOUS
 62
    7
 10
19.029943287249541
 20
5.1946311458970449
 40
20.0871
  0
ENDBLK
  0
BLOCK
  2
-015-丸釘N45
 70
   64
 10
0
 20
0
 30
0
  0
LINE
  8
_0-6_副資材
  6
CONTINUOUS
 62
    4
 10
-14.499999999999993
 20
0
 11
14.499999999999993
 21
0
  0
LINE
  8
_0-6_副資材
  6
CONTINUOUS
 62
    4
 10
-6.1250000000000071
 20
-200.5
 11
0
 21
-225
  0
LINE
  8
_0-6_副資材
  6
CONTINUOUS
 62
    4
 10
0
 20
-225
 11
6.1250000000000071
 21
-200.5
  0
LINE
  8
_0-6_副資材
  6
CONTINUOUS
 62
    4
 10
-14.499999999999993
 20
0
 11
-6.1250000000000071
 21
-4.8353085044631072
  0
LINE
  8
_0-6_副資材
  6
CONTINUOUS
 62
    4
 10
14.499999999999993
 20
0
 11
6.1250000000000071
 21
-4.8353085044631072
  0
LINE
  8
_0-6_副資材
  6
CONTINUOUS
 62
    4
 10
-6.1250000000000071
 20
-4.8353085044631072
 11
-6.1250000000000071
 21
-200.5
  0
LINE
  8
_0-6_副資材
  6
CONTINUOUS
 62
    4
 10
6.1250000000000071
 20
-4.8353085044631072
 11
6.1250000000000071
 21
-200.5
  0
ENDBLK
  0
BLOCK
  2
-016-防水シ__ト_1_
 70
   64
 10
0
 20
0
 30
0
  0
LINE
  8
_0-6_副資材
  6
CONTINUOUS
 62
    4
 10
-21.305411999999926
 20
28.993144000000015
 11
0.0000179999999616
 21
28.993144000000015
  0
LINE
  8
_0-6_副資材
  6
CONTINUOUS
 62
    4
 10
21.305447999999991
 20
28.993144000000015
 11
0.0000179999999616
 21
28.993144000000015
  0
LINE
  8
_0-6_副資材
  6
CONTINUOUS
 62
    4
 10
21.305447999999991
 20
28.993144000000015
 11
52.065142999999985
 21
-8.1901560000000018
  0
LINE
  8
_0-6_副資材
  6
CONTINUOUS
 62
    4
 10
61.959823000000007
 20
3.173613999999958
 11
52.065142999999985
 21
-8.1901560000000018
  0
LINE
  8
_0-6_副資材
  6
CONTINUOUS
 62
    4
 10
61.959823000000007
 20
3.173613999999958
 11
47.246062999999943
 21
-52.969745999999986
  0
LINE
  8
_0-6_副資材
  6
CONTINUOUS
 62
    4
 10
74.845703000000043
 20
-74.647526000000042
 11
47.246062999999943
 21
-52.969745999999986
  0
LINE
  8
_0-6_副資材
  6
CONTINUOUS
 62
    4
 10
74.845703000000043
 20
-74.647526000000042
 11
82.758697999999981
 21
-28.375436000000036
  0
LINE
  8
_0-6_副資材
  6
CONTINUOUS
 62
    4
 10
-21.305411999999926
 20
28.993144000000015
 11
-61.95983199999997
 21
3.173613999999958
  0
LINE
  8
_0-6_副資材
  6
CONTINUOUS
 62
    4
 10
-61.95983199999997
 20
3.173613999999958
 11
-47.246072000000048
 21
-52.969745999999986
  0
LINE
  8
_0-6_副資材
  6
CONTINUOUS
 62
    4
 10
-74.84571200000002
 20
-74.647526000000042
 11
-47.246072000000048
 21
-52.969745999999986
  0
LINE
  8
_0-6_副資材
  6
CONTINUOUS
 62
    4
 10
-116.276847
 20
-87.626625999999987
 11
-74.84571200000002
 21
-74.647526000000042
  0
LINE
  8
_0-6_副資材
  6
CONTINUOUS
 62
    4
 10
-125.60889200000003
 20
-38.294876000000002
 11
-116.276847
 21
-87.626625999999987
  0
LINE
  8
_0-6_副資材
  6
CONTINUOUS
 62
    4
 10
-37.632576999999934
 20
-17.92910599999999
 11
-125.60889200000003
 21
-38.294876000000002
  0
LINE
  8
_0-6_副資材
  6
CONTINUOUS
 62
    4
 10
-52.065196999999976
 20
-8.1901560000000018
 11
-37.632576999999934
 21
-17.92910599999999
  0
LINE
  8
_0-6_副資材
  6
CONTINUOUS
 62
    4
 10
-61.95983199999997
 20
3.173613999999958
 11
-52.065196999999976
 21
-8.1901560000000018
  0
LINE
  8
_0-6_副資材
  6
CONTINUOUS
 62
    4
 10
-37.632576999999934
 20
-17.92910599999999
 11
-21.816907000000008
 21
28.374828999999977
  0
LINE
  8
_0-6_副資材
  6
CONTINUOUS
 62
    4
 10
-47.246072000000048
 20
-52.969745999999986
 11
-37.632576999999934
 21
-17.92910599999999
  0
LINE
  8
_0-6_副資材
  6
CONTINUOUS
 62
    4
 10
-52.065196999999976
 20
-8.1901560000000018
 11
-47.246072000000048
 21
-52.969745999999986
  0
LINE
  8
_0-6_副資材
  6
CONTINUOUS
 62
    4
 10
-21.305411999999926
 20
28.993144000000015
 11
-52.065196999999976
 21
-8.1901560000000018
  0
LINE
  8
_0-6_副資材
  6
CONTINUOUS
 62
    4
 10
37.632567999999971
 20
-17.92910599999999
 11
21.816987999999959
 21
28.374828999999977
  0
LINE
  8
_0-6_副資材
  6
CONTINUOUS
 62
    4
 10
52.065142999999985
 20
-8.1901560000000018
 11
37.632567999999971
 21
-17.92910599999999
  0
LINE
  8
_0-6_副資材
  6
CONTINUOUS
 62
    4
 10
21.305447999999991
 20
28.993144000000015
 11
61.959823000000007
 21
3.173613999999958
  0
LINE
  8
_0-6_副資材
  6
CONTINUOUS
 62
    4
 10
52.065142999999985
 20
-8.1901560000000018
 11
47.246062999999943
 21
-52.969745999999986
  0
LINE
  8
_0-6_副資材
  6
CONTINUOUS
 62
    4
 10
-74.84571200000002
 20
-74.647526000000042
 11
-82.758751999999987
 21
-28.375436000000036
  0
LINE
  8
_0-6_副資材
  6
CONTINUOUS
 62
    4
 10
47.246062999999943
 20
-52.969745999999986
 11
37.632567999999971
 21
-17.92910599999999
  0
LINE
  8
_0-6_副資材
  6
CONTINUOUS
 62
    4
 10
37.632567999999971
 20
-17.92910599999999
 11
125.60883800000002
 21
-38.294876000000002
  0
LINE
  8
_0-6_副資材
  6
CONTINUOUS
 62
    4
 10
125.60883800000002
 20
-38.294876000000002
 11
116.276793
 21
-87.626625999999987
  0
LINE
  8
_0-6_副資材
  6
CONTINUOUS
 62
    4
 10
116.276793
 20
-87.626625999999987
 11
74.845703000000043
 21
-74.647526000000042
  0
CIRCLE
  8
_0-6_副資材
  6
CONTINUOUS
 62
    4
 10
-52.798366102275416
 20
1.4822901429940094
 40
2.1082263452102366
  0
CIRCLE
  8
_0-6_副資材
  6
CONTINUOUS
 62
    4
 10
-44.312918746552576
 20
8.3963583587681647
 40
2.1082263452102366
  0
CIRCLE
  8
_0-6_副資材
  6
CONTINUOUS
 62
    4
 10
-39.91305715469629
 20
-6.6888813847390916
 40
2.1082263452102366
  0
CIRCLE
  8
_0-6_副資材
  6
CONTINUOUS
 62
    4
 10
-34.884643906860539
 20
3.6822209389221472
 40
2.1082263452102366
  0
CIRCLE
  8
_0-6_副資材
  6
CONTINUOUS
 62
    4
 10
41.798658122634713
 20
-6.3746055567493576
 40
2.1082263452102366
  0
CIRCLE
  8
_0-6_副資材
  6
CONTINUOUS
 62
    4
 10
35.198865734850273
 20
5.5678759068605554
 40
2.1082263452102366
  0
CIRCLE
  8
_0-6_副資材
  6
CONTINUOUS
 62
    4
 10
41.484382294644966
 20
12.167668294644978
 40
2.1082263452102366
  0
CIRCLE
  8
_0-6_副資材
  6
CONTINUOUS
 62
    4
 10
51.541208790316475
 20
3.0536692829426793
 40
2.1082263452102366
  0
LINE
  8
_0-6_副資材
  6
CONTINUOUS
 62
    4
 10
-54.017025493937432
 20
-27.133788396138989
 11
-81.868513572145147
 21
-33.581171425975143
  0
LINE
  8
_0-6_副資材
  6
CONTINUOUS
 62
    4
 10
-52.529396566777429
 20
-32.810140763172072
 11
-80.878110451154186
 21
-39.372627345669002
  0
LINE
  8
_0-6_副資材
  6
CONTINUOUS
 62
    4
 10
-51.077719536231356
 20
-38.349311317108132
 11
-79.911642647608232
 21
-45.024119716209476
  0
LINE
  8
_0-6_副資材
  6
CONTINUOUS
 62
    4
 10
-49.50668893722959
 20
-44.343899817312781
 11
-78.865714069576285
 21
-51.140264876131084
  0
LINE
  8
_0-6_副資材
  6
CONTINUOUS
 62
    4
 10
-48.037035958376535
 20
-49.951661277797335
 11
-77.887278607307849
 21
-56.861739021248226
  0
LINE
  8
_0-6_副資材
  6
CONTINUOUS
 62
    4
 10
-50.2399684923639
 20
-55.321263248204502
 11
-77.087872600380763
 21
-61.536325109410299
  0
LINE
  8
_0-6_副資材
  6
CONTINUOUS
 62
    4
 10
-59.448753482772076
 20
-62.554184224324914
 11
-76.248736206210708
 21
-66.443237592262903
  0
LINE
  8
_0-6_副資材
  6
CONTINUOUS
 62
    4
 10
-67.349520147739355
 20
-68.759739137160508
 11
-75.528790973769659
 21
-70.653170891043843
  0
LINE
  8
_0-6_副資材
  6
CONTINUOUS
 62
    4
 10
67.349601147739122
 20
-68.759739137160508
 11
75.528871973769427
 21
-70.653170891043843
  0
LINE
  8
_0-6_副資材
  6
CONTINUOUS
 62
    4
 10
59.448834482771879
 20
-62.554184224324914
 11
76.248817206210504
 21
-66.443237592262903
  0
LINE
  8
_0-6_副資材
  6
CONTINUOUS
 62
    4
 10
50.24004949236371
 20
-55.321263248204502
 11
77.087953600380558
 21
-61.536325109410299
  0
LINE
  8
_0-6_副資材
  6
CONTINUOUS
 62
    4
 10
48.037116958376345
 20
-49.951661277797335
 11
77.88735960730763
 21
-56.861739021248226
  0
LINE
  8
_0-6_副資材
  6
CONTINUOUS
 62
    4
 10
49.5067699372294
 20
-44.343899817312781
 11
78.86579506957608
 21
-51.140264876131084
  0
LINE
  8
_0-6_副資材
  6
CONTINUOUS
 62
    4
 10
51.07780053623113
 20
-38.349311317108132
 11
79.911723647608014
 21
-45.024119716209476
  0
LINE
  8
_0-6_副資材
  6
CONTINUOUS
 62
    4
 10
52.529477566777246
 20
-32.810140763172072
 11
80.878191451154009
 21
-39.372627345669002
  0
LINE
  8
_0-6_副資材
  6
CONTINUOUS
 62
    4
 10
54.017106493937241
 20
-27.133788396138989
 11
81.868594572144929
 21
-33.581171425975143
  0
ENDBLK
  0
BLOCK
  2
-017-防水シ__ト_2_
 70
   64
 10
0
 20
0
 30
0
  0
LINE
  8
_0-6_副資材
  6
CONTINUOUS
 62
    4
 10
-21.305411999999926
 20
28.993144000000015
 11
0.0000179999999616
 21
28.993144000000015
  0
LINE
  8
_0-6_副資材
  6
CONTINUOUS
 62
    4
 10
21.305447999999991
 20
28.993144000000015
 11
0.0000179999999616
 21
28.993144000000015
  0
LINE
  8
_0-6_副資材
  6
CONTINUOUS
 62
    4
 10
-118.05212751576001
 20
-78.24200616765421
 11
-77.003833975590908
 21
-62.02774721896013
  0
LINE
  8
_0-6_副資材
  6
CONTINUOUS
 62
    4
 10
-80.630306600242548
 20
-40.821678796404726
 11
-121.97573066446411
 21
-57.500763532081471
  0
LINE
  8
_0-6_副資材
  6
CONTINUOUS
 62
    4
 10
-121.97573066446411
 20
-57.500763532081471
 11
-118.05212751576001
 21
-78.24200616765421
  0
LINE
  8
_0-6_副資材
  6
CONTINUOUS
 62
    4
 10
-77.003833975590879
 20
-62.027747218960286
 11
-80.63030660024252
 21
-40.821678796404953
  0
LINE
  8
_0-6_副資材
  6
CONTINUOUS
 62
    4
 10
121.97572666446548
 20
-57.500763532081471
 11
118.05212351576138
 21
-78.24200616765421
  0
LINE
  8
_0-6_副資材
  6
CONTINUOUS
 62
    4
 10
-77.003833975590922
 20
-62.027747218960094
 11
-54.229541493030062
 21
-49.094028357501038
  0
LINE
  8
_0-6_副資材
  6
CONTINUOUS
 62
    4
 10
118.1747605011514
 20
-77.593713418957179
 11
78.190047275915674
 21
-55.091253320266219
  0
LINE
  8
_0-6_副資材
  6
CONTINUOUS
 62
    4
 10
122.00174382878279
 20
-57.175641595959206
 11
88.358338386447443
 21
-37.789289702264888
  0
LINE
  8
_0-6_副資材
  6
CONTINUOUS
 62
    4
 10
88.358338386447443
 20
-37.789289702264888
 11
66.47333211422017
 21
-17.819221478857511
  0
LINE
  8
_0-6_副資材
  6
CONTINUOUS
 62
    4
 10
66.47333211422017
 20
-17.819221478857511
 11
49.606739232856967
 21
4.1805586487927648
  0
LINE
  8
_0-6_副資材
  6
CONTINUOUS
 62
    4
 10
21.045083357645161
 20
29.223286243794412
 11
49.60673923285691
 21
4.1805586487925517
  0
LINE
  8
_0-6_副資材
  6
CONTINUOUS
 62
    4
 10
21.3054080000013
 20
28.993144000000015
 11
40.383215410965327
 21
-15.472802959349536
  0
LINE
  8
_0-6_副資材
  6
CONTINUOUS
 62
    4
 10
49.60673923285686
 20
4.1805586487925872
 11
71.714210728028874
 21
-49.094028357500541
  0
LINE
  8
_0-6_副資材
  6
CONTINUOUS
 62
    4
 10
71.714210728028874
 20
-49.094028357500541
 11
45.948131478563432
 21
-8.4757688276070198
  0
LINE
  8
_0-6_副資材
  6
CONTINUOUS
 62
    4
 10
19.914984314304132
 20
29.964552485807182
 11
45.948131478563425
 21
-8.4757688276070109
  0
LINE
  8
_0-6_副資材
  6
CONTINUOUS
 62
    4
 10
49.60673923285686
 20
4.1805586487925872
 11
45.948131478563432
 21
-8.4757688276070198
  0
LINE
  8
_0-6_副資材
  6
CONTINUOUS
 62
    4
 10
45.948131478563425
 20
-8.4757688276070109
 11
39.170559413540772
 21
-12.646382915375904
  0
LINE
  8
_0-6_副資材
  6
CONTINUOUS
 62
    4
 10
38.839446894281835
 20
-13.180257485304185
 11
71.714210728028846
 21
-49.094028357500498
  0
LINE
  8
_0-6_副資材
  6
CONTINUOUS
 62
    4
 10
78.190047275915489
 20
-55.091253320266119
 11
71.714210728028846
 21
-49.094028357500491
  0
LINE
  8
_0-6_副資材
  6
CONTINUOUS
 62
    4
 10
88.901488348214514
 20
-61.119401477066297
 11
93.018803265955285
 21
-40.474791094126104
  0
LINE
  8
_0-6_副資材
  6
CONTINUOUS
 62
    4
 10
-48.11185794367379
 20
4.1805586487927648
 11
-54.229541493017152
 21
-49.094028357476844
  0
LINE
  8
_0-6_副資材
  6
CONTINUOUS
 62
    4
 10
-21.305411999999926
 20
28.993144000000015
 11
-48.11185794367379
 21
4.1805586487927648
  0
LINE
  8
_0-6_副資材
  6
CONTINUOUS
 62
    4
 10
-51.355156827558886
 20
-24.898473834401678
 11
-80.630306600242548
 21
-40.821678796404726
  0
LINE
  8
_0-6_副資材
  6
CONTINUOUS
 62
    4
 10
-21.305411999999926
 20
28.993144000000015
 11
-28.129276543271367
 21
-13.180257485304177
  0
LINE
  8
_0-6_副資材
  6
CONTINUOUS
 62
    4
 10
-21.305411999999926
 20
28.993144000000015
 11
-54.229541493017152
 21
-49.094028357476844
  0
LINE
  8
_0-6_副資材
  6
CONTINUOUS
 62
    4
 10
-28.129276543271367
 20
-13.180257485304177
 11
-54.229541493017152
 21
-49.094028357476844
  0
LINE
  8
_0-6_副資材
  6
CONTINUOUS
 62
    4
 10
-48.11185794367379
 20
4.1805586487927648
 11
-37.103542482318346
 21
-8.4757688276070109
  0
LINE
  8
_0-6_副資材
  6
CONTINUOUS
 62
    4
 10
-37.10354248231836
 20
-8.4757688276070109
 11
-28.129276543271367
 21
-13.180257485304177
  0
LINE
  8
_0-6_副資材
  6
CONTINUOUS
 62
    4
 10
-51.990049307103604
 20
-29.591871970012569
 11
-79.950016014079708
 21
-44.799728601420306
  0
LINE
  8
_0-6_副資材
  6
CONTINUOUS
 62
    4
 10
-52.545387278683144
 20
-34.427918301303187
 11
-79.240636886077738
 21
-48.947875818549008
  0
LINE
  8
_0-6_副資材
  6
CONTINUOUS
 62
    4
 10
-53.022799546058877
 20
-38.585364689470687
 11
-78.630798705977838
 21
-52.513949938611553
  0
LINE
  8
_0-6_副資材
  6
CONTINUOUS
 62
    4
 10
-53.463771616151909
 20
-42.425479125927197
 11
-78.067508604157354
 21
-55.807830708523809
  0
LINE
  8
_0-6_副資材
  6
CONTINUOUS
 62
    4
 10
-53.900492468637381
 20
-46.228572709557625
 11
-77.509648934242719
 21
-59.069956623931752
  0
LINE
  8
_0-6_副資材
  6
CONTINUOUS
 62
    4
 10
86.802056141168364
 20
-42.453925895385289
 11
64.917049868941092
 21
-22.483857671977916
  0
LINE
  8
_0-6_副資材
  6
CONTINUOUS
 62
    4
 10
86.234993018770481
 20
-47.444081372486629
 11
64.349986746543209
 21
-27.474013149079251
  0
LINE
  8
_0-6_副資材
  6
CONTINUOUS
 62
    4
 10
84.420391027097281
 20
-55.269552461577348
 11
68.095119658018049
 21
-40.372742337292564
  0
LINE
  8
_0-6_副資材
  6
CONTINUOUS
 62
    4
 10
85.554517271893047
 20
-51.413523229271775
 11
64.828627234302004
 21
-32.50114856996997
  0
LINE
  8
_0-6_副資材
  6
CONTINUOUS
 62
    4
 10
64.349986746543209
 20
-27.474013149079251
 11
60.845826563162518
 21
-22.903395116813616
  0
LINE
  8
_0-6_副資材
  6
CONTINUOUS
 62
    4
 10
64.917049868941092
 20
-22.483857671977916
 11
55.662644061627958
 21
-10.412961409467092
  0
LINE
  8
_0-6_副資材
  6
CONTINUOUS
 62
    4
 10
89.486016819222115
 20
-58.18851987515346
 11
84.420391027097281
 21
-55.269552461577348
  0
LINE
  8
_0-6_副資材
  6
CONTINUOUS
 62
    4
 10
90.292686642504734
 20
-54.143800308625202
 11
85.554517271893047
 21
-51.413523229271775
  0
LINE
  8
_0-6_副資材
  6
CONTINUOUS
 62
    4
 10
91.072883131112434
 20
-50.231820571529354
 11
86.234993018770481
 21
-47.444081372486629
  0
LINE
  8
_0-6_副資材
  6
CONTINUOUS
 62
    4
 10
92.023975169824297
 20
-45.462954218139863
 11
86.802056141168364
 21
-42.453925895385289
  0
ENDBLK
  0
BLOCK
  2
-018-TS桟瓦_側断面_
 70
   64
 10
0
 20
0
 30
0
  0
LINE
  8
_0-7_瓦
  6
CONTINUOUS
 62
    2
 10
1.8531256532672202
 20
15.739819071489052
 11
-3.033700438115865
 21
15.739768285835183
  0
LINE
  8
_0-7_瓦
  6
CONTINUOUS
 62
    2
 10
-3.033700438115865
 20
15.739768285835183
 11
-3.0338780927822029
 21
45.062369174713339
  0
LINE
  8
_0-7_瓦
  6
CONTINUOUS
 62
    2
 10
2.0100585302273899
 20
50.121029928614504
 11
2.0102908435964295
 21
15.739764768704774
  0
LINE
  8
_0-7_瓦
  6
CONTINUOUS
 62
    2
 10
11.733716866754413
 20
-8.7235926137596209
 11
1.5975095172607112
 21
-8.723727031049151
  0
LINE
  8
_0-7_瓦
  6
CONTINUOUS
 62
    2
 10
0
 20
0
 11
1.5975095172607112
 21
-8.723727031049151
  0
LINE
  8
_0-7_瓦
  6
CONTINUOUS
 62
    2
 10
0
 20
0
 11
-33.266309216073857
 21
-0.0001748274339519
  0
LINE
  8
_0-7_瓦
  6
CONTINUOUS
 62
    2
 10
-3.033700438115865
 20
15.739768285835183
 11
-3.0337372747169766
 21
14.260296606943257
  0
LINE
  8
_0-7_瓦
  6
CONTINUOUS
 62
    2
 10
11.810793822958914
 20
16.847002160371503
 11
2.0102622816861171
 21
16.846909876259986
  0
LINE
  8
_0-7_瓦
  6
CONTINUOUS
 62
    2
 10
-33.266309216073857
 20
-0.0001748274339519
 11
-33.266304526154435
 21
-2.0001258318279724
  0
LINE
  8
_0-7_瓦
  6
CONTINUOUS
 62
    2
 10
-32.813727192812401
 20
61.220071420373969
 11
-32.813785767203818
 21
63.338639485499471
  0
LINE
  8
_0-7_瓦
  6
CONTINUOUS
 62
    2
 10
-32.813785767203818
 20
63.338639485499471
 11
-37.813821392063254
 21
63.338627815332131
  0
LINE
  8
_0-7_瓦
  6
CONTINUOUS
 62
    2
 10
11.733382531332843
 20
58.585554761676875
 11
11.733716866754413
 21
-8.7235926137596209
  0
LINE
  8
_0-7_瓦
  6
CONTINUOUS
 62
    2
 10
-18.266359175029514
 20
12.999952851407528
 11
-18.266429711948291
 21
14.260183844132612
  0
LINE
  8
_0-7_瓦
  6
CONTINUOUS
 62
    2
 10
11.521139025215099
 20
56.596871555605297
 11
-31.452252929600029
 21
61.182048935149957
  0
LINE
  8
_0-7_瓦
  6
CONTINUOUS
 62
    2
 10
11.733382531332843
 20
58.585554761676875
 11
-32.813784550600396
 21
63.338650887801649
  0
LINE
  8
_0-7_瓦
  6
CONTINUOUS
 62
    2
 10
-37.813736569985359
 20
63.338627815531048
 11
-37.813731599163312
 21
61.218889696615939
  0
LINE
  8
_0-7_瓦
  6
CONTINUOUS
 62
    2
 10
-3.0337372747169766
 20
14.260296606943257
 11
-18.266429711878196
 21
14.260175060979847
  0
LINE
  8
_0-7_瓦
  6
DASHED1
 62
    2
 10
-13.229395440673279
 20
14.260182730747033
 11
-13.229322135710113
 21
0.1946238156300239
  0
LINE
  8
_0-7_瓦
  6
DASHED1
 62
    2
 10
-8.2294546732117979
 20
14.26022605646736
 11
-8.2293813682486316
 21
0.1946671413503509
  0
LINE
  8
_0-7_瓦
  6
CONTINUOUS
 62
    2
 10
-33.266304526154435
 20
-2.0001258318279724
 11
-138.97283024996793
 21
-2.0007441275491593
  0
LINE
  8
_0-7_瓦
  6
CONTINUOUS
 62
    2
 10
-18.266359175029514
 20
12.999952851407528
 11
-138.97290551579567
 21
12.999282083432476
  0
LINE
  8
_0-7_瓦
  6
CONTINUOUS
 62
    2
 10
-138.99443880972674
 20
61.194343727898783
 11
-31.448192360289404
 21
61.220105573334607
  0
ENDBLK
  0
BLOCK
  2
-019-防水シ__ト
 70
   64
 10
0
 20
0
 30
0
  0
LINE
  8
_0-6_副資材
  6
CONTINUOUS
 62
    4
 10
-21.305411999999926
 20
28.993144000000015
 11
0.0000179999999616
 21
28.993144000000015
  0
LINE
  8
_0-6_副資材
  6
CONTINUOUS
 62
    4
 10
21.305447999999991
 20
28.993144000000015
 11
0.0000179999999616
 21
28.993144000000015
  0
LINE
  8
_0-6_副資材
  6
CONTINUOUS
 62
    4
 10
21.305447999999991
 20
28.993144000000015
 11
52.065142999999985
 21
-8.1901560000000018
  0
LINE
  8
_0-6_副資材
  6
CONTINUOUS
 62
    4
 10
61.959823000000007
 20
3.173613999999958
 11
52.065142999999985
 21
-8.1901560000000018
  0
LINE
  8
_0-6_副資材
  6
CONTINUOUS
 62
    4
 10
61.959823000000007
 20
3.173613999999958
 11
47.246062999999943
 21
-52.969745999999986
  0
LINE
  8
_0-6_副資材
  6
CONTINUOUS
 62
    4
 10
74.845703000000043
 20
-74.647526000000042
 11
47.246062999999943
 21
-52.969745999999986
  0
LINE
  8
_0-6_副資材
  6
CONTINUOUS
 62
    4
 10
74.845703000000043
 20
-74.647526000000042
 11
82.758697999999981
 21
-28.375436000000036
  0
LINE
  8
_0-6_副資材
  6
CONTINUOUS
 62
    4
 10
-21.305411999999926
 20
28.993144000000015
 11
-61.95983199999997
 21
3.173613999999958
  0
LINE
  8
_0-6_副資材
  6
CONTINUOUS
 62
    4
 10
-61.95983199999997
 20
3.173613999999958
 11
-47.246072000000048
 21
-52.969745999999986
  0
LINE
  8
_0-6_副資材
  6
CONTINUOUS
 62
    4
 10
-74.84571200000002
 20
-74.647526000000042
 11
-47.246072000000048
 21
-52.969745999999986
  0
LINE
  8
_0-6_副資材
  6
CONTINUOUS
 62
    4
 10
-116.276847
 20
-87.626625999999987
 11
-74.84571200000002
 21
-74.647526000000042
  0
LINE
  8
_0-6_副資材
  6
CONTINUOUS
 62
    4
 10
-125.60889200000003
 20
-38.294876000000002
 11
-116.276847
 21
-87.626625999999987
  0
LINE
  8
_0-6_副資材
  6
CONTINUOUS
 62
    4
 10
-37.632576999999934
 20
-17.92910599999999
 11
-125.60889200000003
 21
-38.294876000000002
  0
LINE
  8
_0-6_副資材
  6
CONTINUOUS
 62
    4
 10
-52.065196999999976
 20
-8.1901560000000018
 11
-37.632576999999934
 21
-17.92910599999999
  0
LINE
  8
_0-6_副資材
  6
CONTINUOUS
 62
    4
 10
-61.95983199999997
 20
3.173613999999958
 11
-52.065196999999976
 21
-8.1901560000000018
  0
LINE
  8
_0-6_副資材
  6
CONTINUOUS
 62
    4
 10
-37.632576999999934
 20
-17.92910599999999
 11
-21.816907000000008
 21
28.374828999999977
  0
LINE
  8
_0-6_副資材
  6
CONTINUOUS
 62
    4
 10
-47.246072000000048
 20
-52.969745999999986
 11
-37.632576999999934
 21
-17.92910599999999
  0
LINE
  8
_0-6_副資材
  6
CONTINUOUS
 62
    4
 10
-52.065196999999976
 20
-8.1901560000000018
 11
-47.246072000000048
 21
-52.969745999999986
  0
LINE
  8
_0-6_副資材
  6
CONTINUOUS
 62
    4
 10
-21.305411999999926
 20
28.993144000000015
 11
-52.065196999999976
 21
-8.1901560000000018
  0
LINE
  8
_0-6_副資材
  6
CONTINUOUS
 62
    4
 10
37.632567999999971
 20
-17.92910599999999
 11
21.816987999999959
 21
28.374828999999977
  0
LINE
  8
_0-6_副資材
  6
CONTINUOUS
 62
    4
 10
52.065142999999985
 20
-8.1901560000000018
 11
37.632567999999971
 21
-17.92910599999999
  0
LINE
  8
_0-6_副資材
  6
CONTINUOUS
 62
    4
 10
21.305447999999991
 20
28.993144000000015
 11
61.959823000000007
 21
3.173613999999958
  0
LINE
  8
_0-6_副資材
  6
CONTINUOUS
 62
    4
 10
52.065142999999985
 20
-8.1901560000000018
 11
47.246062999999943
 21
-52.969745999999986
  0
LINE
  8
_0-6_副資材
  6
CONTINUOUS
 62
    4
 10
-74.84571200000002
 20
-74.647526000000042
 11
-82.758751999999987
 21
-28.375436000000036
  0
LINE
  8
_0-6_副資材
  6
CONTINUOUS
 62
    4
 10
47.246062999999943
 20
-52.969745999999986
 11
37.632567999999971
 21
-17.92910599999999
  0
LINE
  8
_0-6_副資材
  6
CONTINUOUS
 62
    4
 10
37.632567999999971
 20
-17.92910599999999
 11
125.60883800000002
 21
-38.294876000000002
  0
LINE
  8
_0-6_副資材
  6
CONTINUOUS
 62
    4
 10
125.60883800000002
 20
-38.294876000000002
 11
116.276793
 21
-87.626625999999987
  0
LINE
  8
_0-6_副資材
  6
CONTINUOUS
 62
    4
 10
116.276793
 20
-87.626625999999987
 11
74.845703000000043
 21
-74.647526000000042
  0
LINE
  8
_0-6_副資材
  6
CONTINUOUS
 62
    4
 10
-54.017025493937432
 20
-27.133788396138989
 11
-81.868513572145133
 21
-33.581171425975143
  0
LINE
  8
_0-6_副資材
  6
CONTINUOUS
 62
    4
 10
-52.52939656677745
 20
-32.810140763172072
 11
-80.878110451154186
 21
-39.372627345669002
  0
LINE
  8
_0-6_副資材
  6
CONTINUOUS
 62
    4
 10
-51.077719536231328
 20
-38.349311317108132
 11
-79.911642647608204
 21
-45.024119716209476
  0
LINE
  8
_0-6_副資材
  6
CONTINUOUS
 62
    4
 10
-49.506688937229583
 20
-44.343899817312781
 11
-78.865714069576271
 21
-51.140264876131084
  0
LINE
  8
_0-6_副資材
  6
CONTINUOUS
 62
    4
 10
-48.037035958376535
 20
-49.951661277797335
 11
-77.88727860730782
 21
-56.861739021248226
  0
LINE
  8
_0-6_副資材
  6
CONTINUOUS
 62
    4
 10
-50.239968492363893
 20
-55.321263248204502
 11
-77.087872600380763
 21
-61.536325109410292
  0
LINE
  8
_0-6_副資材
  6
CONTINUOUS
 62
    4
 10
-59.448753482772076
 20
-62.554184224324906
 11
-76.248736206210708
 21
-66.443237592262903
  0
LINE
  8
_0-6_副資材
  6
CONTINUOUS
 62
    4
 10
-67.349520147739312
 20
-68.759739137160508
 11
-75.528790973769617
 21
-70.653170891043843
  0
LINE
  8
_0-6_副資材
  6
CONTINUOUS
 62
    4
 10
67.349601147739122
 20
-68.759739137160508
 11
75.528871973769427
 21
-70.653170891043843
  0
LINE
  8
_0-6_副資材
  6
CONTINUOUS
 62
    4
 10
59.448834482771886
 20
-62.554184224324906
 11
76.248817206210518
 21
-66.443237592262903
  0
LINE
  8
_0-6_副資材
  6
CONTINUOUS
 62
    4
 10
50.24004949236371
 20
-55.321263248204502
 11
77.087953600380558
 21
-61.536325109410292
  0
LINE
  8
_0-6_副資材
  6
CONTINUOUS
 62
    4
 10
48.037116958376345
 20
-49.951661277797335
 11
77.88735960730763
 21
-56.861739021248226
  0
LINE
  8
_0-6_副資材
  6
CONTINUOUS
 62
    4
 10
49.5067699372294
 20
-44.343899817312781
 11
78.86579506957608
 21
-51.140264876131084
  0
LINE
  8
_0-6_副資材
  6
CONTINUOUS
 62
    4
 10
51.07780053623113
 20
-38.349311317108132
 11
79.911723647608014
 21
-45.024119716209476
  0
LINE
  8
_0-6_副資材
  6
CONTINUOUS
 62
    4
 10
52.52947756677726
 20
-32.810140763172072
 11
80.878191451154009
 21
-39.372627345669002
  0
LINE
  8
_0-6_副資材
  6
CONTINUOUS
 62
    4
 10
54.017106493937241
 20
-27.133788396138989
 11
81.868594572144943
 21
-33.581171425975143
  0
ENDBLK
  0
BLOCK
  2
-020-eスクリング釘65mm
 70
   64
 10
0
 20
0
 30
0
  0
LINE
  8
_0-6_副資材
  6
CONTINUOUS
 62
    4
 10
-5.7994327029665271
 20
-98.47356435414909
 11
6.137806660420182
 21
-98.47356435414909
  0
LINE
  8
_0-6_副資材
  6
CONTINUOUS
 62
    4
 10
17.043469403241005
 20
0
 11
17.043469403241005
 21
3.9439433329815188
  0
LINE
  8
_0-6_副資材
  6
CONTINUOUS
 62
    4
 10
-17.043469403241005
 20
3.9439433329815188
 11
-17.043469403241005
 21
0
  0
LINE
  8
_0-6_副資材
  6
CONTINUOUS
 62
    4
 10
17.043469403241005
 20
3.9439433329815188
 11
-17.043469403241005
 21
3.9439433329815188
  0
LINE
  8
_0-6_副資材
  6
CONTINUOUS
 62
    4
 10
8.4674525905300868
 20
-284.04223467852614
 11
-9.3539057551204507
 21
-288.65141997466208
  0
LINE
  8
_0-6_副資材
  6
CONTINUOUS
 62
    4
 10
8.4674525905300868
 20
-271.49425197292021
 11
-9.3539057551204507
 21
-276.10349912901188
  0
LINE
  8
_0-6_副資材
  6
CONTINUOUS
 62
    4
 10
8.4674525905300868
 20
-258.94633112726979
 11
-9.3539057551204507
 21
-263.55551642340583
  0
LINE
  8
_0-6_副資材
  6
CONTINUOUS
 62
    4
 10
8.4674525905300868
 20
-246.3983484216638
 11
-9.3539057551204507
 21
-251.00753371779987
  0
LINE
  8
_0-6_副資材
  6
CONTINUOUS
 62
    4
 10
8.4674525905300868
 20
-233.85086059570312
 11
-9.3539057551204507
 21
-238.45955101219374
  0
LINE
  8
_0-6_副資材
  6
CONTINUOUS
 62
    4
 10
8.4674525905300868
 20
-221.3028160301414
 11
-9.3539057551204507
 21
-225.91150644663216
  0
LINE
  8
_0-6_副資材
  6
CONTINUOUS
 62
    4
 10
8.4674525905300868
 20
-208.75495704444674
 11
-9.3539057551204507
 21
-213.36352374102617
  0
LINE
  8
_0-6_副資材
  6
CONTINUOUS
 62
    4
 10
8.4674525905300868
 20
-196.20691247888516
 11
-9.3539057551204507
 21
-200.81609777502109
  0
LINE
  8
_0-6_副資材
  6
CONTINUOUS
 62
    4
 10
8.4674525905300868
 20
-183.65892977327917
 11
-9.3539057551204507
 21
-188.2681150694151
  0
LINE
  8
_0-6_副資材
  6
CONTINUOUS
 62
    4
 10
8.4674525905300868
 20
-171.11094706767318
 11
-9.3539057551204507
 21
-175.72013236380911
  0
LINE
  8
_0-6_副資材
  6
CONTINUOUS
 62
    4
 10
-6.133229023701432
 20
-98.724963213946353
 11
-6.133229023701432
 21
-1.78070068359375
  0
LINE
  8
_0-6_副資材
  6
CONTINUOUS
 62
    4
 10
6.137806660420182
 20
-98.719890697582287
 11
6.137806660420182
 21
-1.78070068359375
  0
LINE
  8
_0-6_副資材
  6
CONTINUOUS
 62
    4
 10
-0.0001855798670646
 20
-325.95346811655406
 11
6.137806660420182
 21
-303.05365485114021
  0
LINE
  8
_0-6_副資材
  6
CONTINUOUS
 62
    4
 10
-0.0001855798670646
 20
-325.95346811655406
 11
-6.133229023701432
 21
-303.05365485114021
  0
LINE
  8
_0-6_副資材
  6
CONTINUOUS
 62
    4
 10
-0.0001855798670646
 20
-307.08506816142318
 11
-0.0001855798670646
 21
-325.95346811655406
  0
LINE
  8
_0-6_副資材
  6
CONTINUOUS
 62
    4
 10
-17.043469403241005
 20
0
 11
17.043469403241005
 21
0
  0
LINE
  8
_0-6_副資材
  6
CONTINUOUS
 62
    4
 10
6.137806660420182
 20
-1.78070068359375
 11
9.3400491250527296
 21
0
  0
LINE
  8
_0-6_副資材
  6
CONTINUOUS
 62
    4
 10
6.137806660420182
 20
-1.78070068359375
 11
-6.133229023701432
 21
-1.78070068359375
  0
LINE
  8
_0-6_副資材
  6
CONTINUOUS
 62
    4
 10
-6.133229023701432
 20
-1.78070068359375
 11
-9.3399254051415426
 21
0
  0
LINE
  8
_0-6_副資材
  6
CONTINUOUS
 62
    4
 10
-6.133229023701432
 20
-1.78070068359375
 11
-9.3399254051415426
 21
0
  0
LINE
  8
_0-6_副資材
  6
CONTINUOUS
 62
    4
 10
-7.3453129948795493
 20
-165.04786723368881
 11
-7.3453129948795493
 21
-303.05217021220443
  0
LINE
  8
_0-6_副資材
  6
CONTINUOUS
 62
    4
 10
6.5886420172613214
 20
-165.04786723368881
 11
6.5886420172613214
 21
-303.05217021220443
  0
LINE
  8
_0-6_副資材
  6
CONTINUOUS
 62
    4
 10
6.137806660420182
 20
-162.29045971019843
 11
-1.0348551982157517
 21
-169.75751309781458
  0
LINE
  8
_0-6_副資材
  6
CONTINUOUS
 62
    4
 10
-5.7994327029665271
 20
-98.47356435414909
 11
-8.5947603792756411
 21
-101.38333294842695
  0
LINE
  8
_0-6_副資材
  6
CONTINUOUS
 62
    4
 10
6.137806660420182
 20
-162.29045971019843
 11
-1.0348551982157517
 21
-169.75751309781458
  0
LINE
  8
_0-6_副資材
  6
CONTINUOUS
 62
    4
 10
-9.4020328006227771
 20
-169.75751309781458
 11
8.7612873799092483
 21
-169.75751309781458
  0
LINE
  8
_0-6_副資材
  6
CONTINUOUS
 62
    4
 10
6.137806660420182
 20
-149.57663046347122
 11
-8.5947603792756411
 21
-164.9139404296875
  0
LINE
  8
_0-6_副資材
  6
CONTINUOUS
 62
    4
 10
6.137806660420182
 20
-136.8621826171875
 11
-8.5947603792756411
 21
-152.20004932300455
  0
LINE
  8
_0-6_副資材
  6
CONTINUOUS
 62
    4
 10
6.137806660420182
 20
-149.57663046347122
 11
-8.5947603792756411
 21
-164.9139404296875
  0
LINE
  8
_0-6_副資材
  6
CONTINUOUS
 62
    4
 10
6.137806660420182
 20
-124.14822965054896
 11
-8.5947603792756411
 21
-139.48560147672083
  0
LINE
  8
_0-6_副資材
  6
CONTINUOUS
 62
    4
 10
6.137806660420182
 20
-136.8621826171875
 11
-8.5947603792756411
 21
-152.20004932300455
  0
LINE
  8
_0-6_副資材
  6
CONTINUOUS
 62
    4
 10
6.137806660420182
 20
-111.43440040382174
 11
-8.5947603792756411
 21
-126.77164851008229
  0
LINE
  8
_0-6_副資材
  6
CONTINUOUS
 62
    4
 10
6.137806660420182
 20
-124.14822965054896
 11
-8.5947603792756411
 21
-139.48560147672083
  0
LINE
  8
_0-6_副資材
  6
CONTINUOUS
 62
    4
 10
6.137806660420182
 20
-111.43440040382174
 11
-8.5947603792756411
 21
-126.77164851008229
  0
LINE
  8
_0-6_副資材
  6
CONTINUOUS
 62
    4
 10
6.137806660420182
 20
-98.719890697582287
 11
-8.5947603792756411
 21
-114.05781926335507
  0
ARC
  8
_0-6_副資材
  6
CONTINUOUS
 62
    4
 10
-4.7867852288324286
 20
-307.68486229149073
 40
4.8245695797172754
 50
7.1620941162109375
 51
106.23129272460936
  0
ARC
  8
_0-6_副資材
  6
CONTINUOUS
 62
    4
 10
4.7867852288324286
 20
-307.68486229149073
 40
4.8245695797172754
 50
73.768692016601548
 51
172.83789062499997
  0
ARC
  8
_0-6_副資材
  6
CONTINUOUS
 62
    4
 10
2.3513587745459574
 20
-104.864501953125
 40
11.485903327529495
 50
162.35789489746094
 51
218.65948486328125
  0
ARC
  8
_0-6_副資材
  6
CONTINUOUS
 62
    4
 10
-0.1571861473290425
 20
-168.64743619351771
 40
8.9464197287688378
 50
352.87309265136719
 51
45.281188964843729
  0
ARC
  8
_0-6_副資材
  6
CONTINUOUS
 62
    4
 10
2.3513587745459574
 20
-168.39504757442981
 40
11.485903327529495
 50
162.35789489746094
 51
186.81228637695312
  0
ARC
  8
_0-6_副資材
  6
CONTINUOUS
 62
    4
 10
-0.1571861473290425
 20
-155.93348322687916
 40
8.9464197287688378
 50
314.71879577636719
 51
45.281188964843764
  0
ARC
  8
_0-6_副資材
  6
CONTINUOUS
 62
    4
 10
2.3513587745459574
 20
-155.68109460779141
 40
11.485903327529495
 50
162.35789489746094
 51
218.65948486328125
  0
ARC
  8
_0-6_副資材
  6
CONTINUOUS
 62
    4
 10
-0.1571861473290425
 20
-143.21909724055104
 40
8.9464197287688378
 50
314.71879577636719
 51
45.281188964843764
  0
ARC
  8
_0-6_副資材
  6
CONTINUOUS
 62
    4
 10
2.3513587745459574
 20
-142.96670862146328
 40
11.485903327529495
 50
162.35789489746094
 51
218.65948486328125
  0
ARC
  8
_0-6_副資材
  6
CONTINUOUS
 62
    4
 10
-0.1571861473290425
 20
-130.50520613386823
 40
8.9464197287688378
 50
314.71879577636719
 51
45.281188964843764
  0
ARC
  8
_0-6_副資材
  6
CONTINUOUS
 62
    4
 10
2.3513587745459574
 20
-130.25281751478033
 40
11.485903327529495
 50
162.35789489746094
 51
218.65948486328125
  0
ARC
  8
_0-6_副資材
  6
CONTINUOUS
 62
    4
 10
-0.1571861473290425
 20
-117.79125316722968
 40
8.9464197287688378
 50
314.71879577636719
 51
45.281188964843764
  0
ARC
  8
_0-6_副資材
  6
CONTINUOUS
 62
    4
 10
-0.1571861473290425
 20
-105.07742392050247
 40
8.9464197287688378
 50
314.71879577636719
 51
45.281188964843764
  0
ARC
  8
_0-6_副資材
  6
CONTINUOUS
 62
    4
 10
2.3513587745459574
 20
-117.53886454814193
 40
11.485903327529495
 50
162.35789489746094
 51
218.65948486328125
  0
ENDBLK
  0
BLOCK
  2
-021-棟一番自在台_前面__1_
 70
   64
 10
0
 20
0
 30
0
  0
LINE
  8
_0-6_副資材
  6
CONTINUOUS
 62
    4
 10
266.17992652615652
 20
-171.85438798352507
 11
264.63872301134461
 21
-175.27315718172488
  0
LINE
  8
_0-6_副資材
  6
CONTINUOUS
 62
    4
 10
33.728719569147422
 20
-73.254290027084338
 11
264.63872301134461
 21
-175.27315718172488
  0
LINE
  8
_0-6_副資材
  6
CONTINUOUS
 62
    4
 10
37.489746680580737
 20
-70.816266076966599
 11
266.17992652615652
 21
-171.85438798352507
  0
LINE
  8
_0-6_副資材
  6
CONTINUOUS
 62
    4
 10
-37.5
 20
-71.250000000000028
 11
-37.5
 21
3.75
  0
LINE
  8
_0-6_副資材
  6
CONTINUOUS
 62
    4
 10
-37.5
 20
3.75
 11
37.5
 21
3.75
  0
LINE
  8
_0-6_副資材
  6
CONTINUOUS
 62
    4
 10
37.5
 20
3.75
 11
37.5
 21
-70.832156747070272
  0
LINE
  8
_0-6_副資材
  6
CONTINUOUS
 62
    4
 10
-21.25
 20
3.75
 11
-21.25
 21
78.75
  0
LINE
  8
_0-6_副資材
  6
CONTINUOUS
 62
    4
 10
21.25
 20
78.75
 11
21.25
 21
3.75
  0
LINE
  8
_0-6_副資材
  6
CONTINUOUS
 62
    4
 10
-21.25
 20
78.75
 11
21.249999999999716
 21
78.75
  0
LINE
  8
_0-6_副資材
  6
CONTINUOUS
 62
    4
 10
-33.75
 20
-73.287108012225019
 11
-33.75
 21
0
  0
LINE
  8
_0-6_副資材
  6
CONTINUOUS
 62
    4
 10
-33.75
 20
0
 11
33.75
 21
0
  0
LINE
  8
_0-6_副資材
  6
CONTINUOUS
 62
    4
 10
33.75
 20
0
 11
33.75
 21
-73.287108012225019
  0
LINE
  8
_0-6_副資材
  6
CONTINUOUS
 62
    4
 10
-266.1798277642468
 20
-172.28354823026078
 11
-264.63862424943511
 21
-175.70231742846056
  0
LINE
  8
_0-6_副資材
  6
CONTINUOUS
 62
    4
 10
-33.728620807238265
 20
-73.683450273819048
 11
-264.63862424943511
 21
-175.70231742846056
  0
LINE
  8
_0-6_副資材
  6
CONTINUOUS
 62
    4
 10
-37.489647918671579
 20
-71.245426323701594
 11
-266.1798277642468
 21
-172.28354823026078
  0
ENDBLK
  0
BLOCK
  2
-022-コ__ススッレッド38mm
 70
   64
 10
0
 20
0
 30
0
  0
LINE
  8
_0-6_副資材
  6
CONTINUOUS
 62
    4
 10
6.0856019772063874
 20
-20.698387306154622
 11
5.7436514641242908
 21
-22.553109100467239
  0
LINE
  8
_0-6_副資材
  6
CONTINUOUS
 62
    4
 10
6.6048629400323833
 20
-18.885564404886495
 11
6.0856019772063874
 21
-20.698387306154622
  0
LINE
  8
_0-6_副資材
  6
CONTINUOUS
 62
    4
 10
7.3014300383613673
 20
-17.130175893750668
 11
6.6048629400323833
 21
-18.885564404886495
  0
LINE
  8
_0-6_副資材
  6
CONTINUOUS
 62
    4
 10
8.1689742807118293
 20
-15.447740351242985
 11
7.3014300383613673
 21
-17.130175893750668
  0
LINE
  8
_0-6_副資材
  6
CONTINUOUS
 62
    4
 10
9.1948301341991012
 20
-13.856868228544208
 11
8.1689742807118293
 21
-15.447740351242985
  0
LINE
  8
_0-6_副資材
  6
CONTINUOUS
 62
    4
 10
10.375833103082392
 20
-12.368429721002947
 11
9.1948301341991012
 21
-13.856868228544208
  0
LINE
  8
_0-6_副資材
  6
CONTINUOUS
 62
    4
 10
11.692977338113018
 20
-10.999504147225529
 11
10.375833103082392
 21
-12.368429721002947
  0
LINE
  8
_0-6_副資材
  6
CONTINUOUS
 62
    4
 10
-12.177152702288758
 20
-11.011922393740612
 11
-12.192981652353971
 21
-10.999504147225529
  0
LINE
  8
_0-6_副資材
  6
CONTINUOUS
 62
    4
 10
-10.809347414279671
 20
-12.439826179168776
 11
-12.177152702288758
 21
-11.011922393740612
  0
LINE
  8
_0-6_副資材
  6
CONTINUOUS
 62
    4
 10
-9.5935144996035859
 20
-13.996548123951023
 11
-10.809343100038724
 21
-12.439826179168776
  0
LINE
  8
_0-6_副資材
  6
CONTINUOUS
 62
    4
 10
-8.5454974688889251
 20
-15.663477776906802
 11
-9.5935144996035859
 21
-13.996548123951023
  0
LINE
  8
_0-6_副資材
  6
CONTINUOUS
 62
    4
 10
-7.6716193815358835
 20
-17.426623462466608
 11
-8.5454974688889251
 21
-15.663477776906802
  0
LINE
  8
_0-6_副資材
  6
CONTINUOUS
 62
    4
 10
-6.9813855889293563
 20
-19.265826678283311
 11
-7.6716193815358835
 21
-17.426623462466608
  0
LINE
  8
_0-6_副資材
  6
CONTINUOUS
 62
    4
 10
-6.4842868818909949
 20
-21.164003876102768
 11
-6.9813855889293563
 21
-19.265826678283311
  0
LINE
  8
_0-6_副資材
  6
CONTINUOUS
 62
    4
 10
-6.1866657339052367
 20
-23.100983864633911
 11
-6.4842868818909949
 21
-21.164003876102768
  0
LINE
  8
_0-6_副資材
  6
CONTINUOUS
 62
    4
 10
20.700349842639056
 20
0
 11
20.700349842639056
 21
-3.4145525303716795
  0
LINE
  8
_0-6_副資材
  6
CONTINUOUS
 62
    4
 10
20.700349842639056
 20
-3.4145525303716795
 11
-20.700349842639056
 21
-3.4145525303716795
  0
LINE
  8
_0-6_副資材
  6
CONTINUOUS
 62
    4
 10
20.700349842639056
 20
0
 11
-20.700349842639056
 21
0
  0
LINE
  8
_0-6_副資材
  6
CONTINUOUS
 62
    4
 10
-20.700349842639056
 20
-3.4145525303716795
 11
-20.700349842639056
 21
0
  0
LINE
  8
_0-6_副資材
  6
CONTINUOUS
 62
    4
 10
20.700349842639056
 20
-3.4145525303716795
 11
11.692977338113018
 21
-10.999504147225529
  0
LINE
  8
_0-6_副資材
  6
CONTINUOUS
 62
    4
 10
-20.700349842639056
 20
-3.4145525303716795
 11
-12.192981652353971
 21
-10.999504147225529
  0
LINE
  8
_0-6_副資材
  6
CONTINUOUS
 62
    4
 10
-6.0853457850688031
 20
-25.112600772299523
 11
-6.1866657339052367
 21
-23.112894185355852
  0
LINE
  8
_0-6_副資材
  6
CONTINUOUS
 62
    4
 10
5.7436514641242908
 20
-22.553109100467239
 11
5.5885075844089371
 21
-24.47035097606669
  0
LINE
  8
_0-6_副資材
  6
CONTINUOUS
 62
    4
 10
5.5885075844089371
 20
-24.524267218532412
 11
5.5853409315477265
 21
-24.579868343575182
  0
LINE
  8
_0-6_副資材
  6
CONTINUOUS
 62
    4
 10
9.2067953442703754
 20
-102.4735763880927
 11
-9.7018691555361514
 21
-115.10967408515349
  0
LINE
  8
_0-6_副資材
  6
CONTINUOUS
 62
    4
 10
5.5878061830353332
 20
-100.6290708514819
 11
-9.7018691555361514
 21
-115.10967408515349
  0
LINE
  8
_0-6_副資材
  6
CONTINUOUS
 62
    4
 10
9.2067953442703754
 20
-102.4735763880927
 11
5.5878061830353332
 21
-100.6290708514819
  0
LINE
  8
_0-6_副資材
  6
CONTINUOUS
 62
    4
 10
-6.0828805335811964
 20
-116.95417104398535
 11
9.2067953442703754
 21
-102.4735763880927
  0
LINE
  8
_0-6_副資材
  6
CONTINUOUS
 62
    4
 10
-9.7018691555361514
 20
-115.10967408515349
 11
-6.0828805335811964
 21
-116.95417104398535
  0
LINE
  8
_0-6_副資材
  6
CONTINUOUS
 62
    4
 10
-6.0828805335811964
 20
-111.69293887072146
 11
5.5878061830353332
 21
-100.6290708514819
  0
LINE
  8
_0-6_副資材
  6
CONTINUOUS
 62
    4
 10
-6.0828805335811964
 20
-104.31650361338036
 11
-6.0828805335811964
 21
-111.69294315961095
  0
LINE
  8
_0-6_副資材
  6
CONTINUOUS
 62
    4
 10
5.5878061830353332
 20
-93.208571543778405
 11
-6.0828805335811964
 21
-104.31650361338036
  0
LINE
  8
_0-6_副資材
  6
CONTINUOUS
 62
    4
 10
9.2067953442703754
 20
-89.88153845250477
 11
-9.7018691555361514
 21
-102.51764043845505
  0
LINE
  8
_0-6_副資材
  6
CONTINUOUS
 62
    4
 10
5.5878061830353332
 20
-88.037037204783445
 11
-9.7018691555361514
 21
-102.51764043845505
  0
LINE
  8
_0-6_副資材
  6
CONTINUOUS
 62
    4
 10
9.2067953442703754
 20
-89.88153845250477
 11
5.5878061830353332
 21
-88.037037204783445
  0
LINE
  8
_0-6_副資材
  6
CONTINUOUS
 62
    4
 10
-6.0828805335811964
 20
-104.3621459750658
 11
9.2067953442703754
 21
-89.88153845250477
  0
LINE
  8
_0-6_副資材
  6
CONTINUOUS
 62
    4
 10
-9.7018691555361514
 20
-102.51764043845505
 11
-6.0828805335811964
 21
-104.3621459750658
  0
LINE
  8
_0-6_副資材
  6
CONTINUOUS
 62
    4
 10
-6.0828805335811964
 20
-99.100905224023052
 11
5.5878061830353332
 21
-88.037037204783445
  0
LINE
  8
_0-6_副資材
  6
CONTINUOUS
 62
    4
 10
-6.0828805335811964
 20
-91.724465677792466
 11
-6.0828805335811964
 21
-99.100905224023052
  0
LINE
  8
_0-6_副資材
  6
CONTINUOUS
 62
    4
 10
-5.4939618362900688
 20
-116.50406067242324
 11
5.5878061830353332
 21
-106.02566037625792
  0
LINE
  8
_0-6_副資材
  6
CONTINUOUS
 62
    4
 10
9.2067953442703754
 20
-89.88153845250477
 11
-9.7018691555361514
 21
-102.51763614956559
  0
LINE
  8
_0-6_副資材
  6
CONTINUOUS
 62
    4
 10
5.5878061830353332
 20
-88.037032915893988
 11
-9.7018691555361514
 21
-102.51763614956559
  0
LINE
  8
_0-6_副資材
  6
CONTINUOUS
 62
    4
 10
9.2067953442703754
 20
-89.88153845250477
 11
5.5878061830353332
 21
-88.037032915893988
  0
LINE
  8
_0-6_副資材
  6
CONTINUOUS
 62
    4
 10
-6.0828805335811964
 20
-104.36213310839742
 11
9.2067953442703754
 21
-89.88153845250477
  0
LINE
  8
_0-6_副資材
  6
CONTINUOUS
 62
    4
 10
-9.7018691555361514
 20
-102.51763614956559
 11
-6.0828805335811964
 21
-104.36213310839742
  0
LINE
  8
_0-6_副資材
  6
CONTINUOUS
 62
    4
 10
-6.0828805335811964
 20
-99.100900935133581
 11
5.5878061830353332
 21
-88.037032915893988
  0
LINE
  8
_0-6_副資材
  6
CONTINUOUS
 62
    4
 10
5.5878061830353332
 20
-80.616533608190508
 11
-6.0828805335811964
 21
-91.724465677792466
  0
LINE
  8
_0-6_副資材
  6
CONTINUOUS
 62
    4
 10
5.5878061830353332
 20
-88.037032915893988
 11
5.5878061830353332
 21
-80.616533608190508
  0
LINE
  8
_0-6_副資材
  6
CONTINUOUS
 62
    4
 10
9.2067953442703754
 20
-77.289500516916846
 11
-9.7018691555361514
 21
-89.925602502867122
  0
LINE
  8
_0-6_副資材
  6
CONTINUOUS
 62
    4
 10
5.5878061830353332
 20
-75.444999269195534
 11
-9.7018691555361514
 21
-89.925602502867122
  0
LINE
  8
_0-6_副資材
  6
CONTINUOUS
 62
    4
 10
9.2067953442703754
 20
-77.289500516916846
 11
5.5878061830353332
 21
-75.444999269195534
  0
LINE
  8
_0-6_副資材
  6
CONTINUOUS
 62
    4
 10
-6.0828805335811964
 20
-91.770108039477918
 11
9.2067953442703754
 21
-77.289500516916846
  0
LINE
  8
_0-6_副資材
  6
CONTINUOUS
 62
    4
 10
-9.7018691555361514
 20
-89.925602502867122
 11
-6.0828805335811964
 21
-91.770108039477918
  0
LINE
  8
_0-6_副資材
  6
CONTINUOUS
 62
    4
 10
-6.0828805335811964
 20
-86.508867288435141
 11
5.5878061830353332
 21
-75.444999269195534
  0
LINE
  8
_0-6_副資材
  6
CONTINUOUS
 62
    4
 10
-6.0828805335811964
 20
-79.132432031094012
 11
-6.0828805335811964
 21
-86.508867288435141
  0
LINE
  8
_0-6_副資材
  6
CONTINUOUS
 62
    4
 10
5.5878061830353332
 20
-68.024499961492069
 11
-6.0828805335811964
 21
-79.132432031094012
  0
LINE
  8
_0-6_副資材
  6
CONTINUOUS
 62
    4
 10
5.5878061830353332
 20
-75.444999269195534
 11
5.5878061830353332
 21
-68.024499961492069
  0
LINE
  8
_0-6_副資材
  6
CONTINUOUS
 62
    4
 10
9.2067953442703754
 20
-64.695901425563704
 11
-9.7018691555361514
 21
-77.333568856168696
  0
LINE
  8
_0-6_副資材
  6
CONTINUOUS
 62
    4
 10
5.5878061830353332
 20
-62.852969911386552
 11
-9.7018691555361514
 21
-77.333568856168696
  0
LINE
  8
_0-6_副資材
  6
CONTINUOUS
 62
    4
 10
9.2067953442703754
 20
-64.695901425563704
 11
5.5878061830353332
 21
-62.852969911386552
  0
LINE
  8
_0-6_副資材
  6
CONTINUOUS
 62
    4
 10
-6.0828805335811964
 20
-79.178070103889993
 11
9.2067953442703754
 21
-64.695901425563704
  0
LINE
  8
_0-6_副資材
  6
CONTINUOUS
 62
    4
 10
-9.7018691555361514
 20
-77.333568856168696
 11
-6.0828805335811964
 21
-79.178070103889993
  0
LINE
  8
_0-6_副資材
  6
CONTINUOUS
 62
    4
 10
-6.0828805335811964
 20
-73.915259619303072
 11
5.5878061830353332
 21
-62.852969911386552
  0
LINE
  8
_0-6_副資材
  6
CONTINUOUS
 62
    4
 10
-6.0828805335811964
 20
-66.54040267328503
 11
-6.0828805335811964
 21
-73.915259619303072
  0
LINE
  8
_0-6_副資材
  6
CONTINUOUS
 62
    4
 10
5.5878061830353332
 20
-55.432466314793615
 11
-6.0828805335811964
 21
-66.54040267328503
  0
LINE
  8
_0-6_副資材
  6
CONTINUOUS
 62
    4
 10
5.5878061830353332
 20
-62.852969911386552
 11
5.5878061830353332
 21
-55.432466314793615
  0
LINE
  8
_0-6_副資材
  6
CONTINUOUS
 62
    4
 10
9.2067953442703754
 20
-52.103867778865272
 11
-9.7018691555361514
 21
-64.741539498359685
  0
LINE
  8
_0-6_副資材
  6
CONTINUOUS
 62
    4
 10
5.5878061830353332
 20
-50.260940553577584
 11
-9.7018691555361514
 21
-64.741539498359685
  0
LINE
  8
_0-6_副資材
  6
CONTINUOUS
 62
    4
 10
9.2067953442703754
 20
-52.103867778865272
 11
5.5878061830353332
 21
-50.260940553577584
  0
LINE
  8
_0-6_副資材
  6
CONTINUOUS
 62
    4
 10
-6.0828805335811964
 20
-66.586040746081011
 11
9.2067953442703754
 21
-52.103867778865272
  0
LINE
  8
_0-6_副資材
  6
CONTINUOUS
 62
    4
 10
-9.7018691555361514
 20
-64.741539498359685
 11
-6.0828805335811964
 21
-66.586040746081011
  0
LINE
  8
_0-6_副資材
  6
CONTINUOUS
 62
    4
 10
-6.0828805335811964
 20
-61.323225972604625
 11
5.5878061830353332
 21
-50.260940553577584
  0
LINE
  8
_0-6_副資材
  6
CONTINUOUS
 62
    4
 10
-6.0828805335811964
 20
-53.948369026586604
 11
-6.0828805335811964
 21
-61.323225972604625
  0
LINE
  8
_0-6_副資材
  6
CONTINUOUS
 62
    4
 10
5.5878061830353332
 20
-42.840441245874089
 11
-6.0828805335811964
 21
-53.948369026586604
  0
LINE
  8
_0-6_副資材
  6
CONTINUOUS
 62
    4
 10
9.2067953442703754
 20
-39.511836276611561
 11
-9.7018691555361514
 21
-52.149505851661246
  0
LINE
  8
_0-6_副資材
  6
CONTINUOUS
 62
    4
 10
5.5878061830353332
 20
-37.668909051323851
 11
-9.7018691555361514
 21
-52.149505851661246
  0
LINE
  8
_0-6_副資材
  6
CONTINUOUS
 62
    4
 10
9.2067953442703754
 20
-39.511836276611561
 11
5.5878061830353332
 21
-37.668909051323851
  0
LINE
  8
_0-6_副資材
  6
CONTINUOUS
 62
    4
 10
-6.0828805335811964
 20
-53.994011388272014
 11
9.2067953442703754
 21
-39.511836276611561
  0
LINE
  8
_0-6_副資材
  6
CONTINUOUS
 62
    4
 10
-9.7018691555361514
 20
-52.149505851661246
 11
-6.0828805335811964
 21
-53.994011388272014
  0
LINE
  8
_0-6_副資材
  6
CONTINUOUS
 62
    4
 10
-6.0828805335811964
 20
-48.731200903685107
 11
5.5878061830353332
 21
-37.668909051323851
  0
LINE
  8
_0-6_副資材
  6
CONTINUOUS
 62
    4
 10
-9.7018691555361514
 20
-39.557478638296999
 11
-6.0828805335811964
 21
-41.400405863584695
  0
LINE
  8
_0-6_副資材
  6
CONTINUOUS
 62
    4
 10
-5.4939618362900688
 20
-103.91202273683533
 11
5.5878061830353332
 21
-93.433622440670007
  0
LINE
  8
_0-6_副資材
  6
CONTINUOUS
 62
    4
 10
-9.704334407023758
 20
-39.510577659919413
 11
-6.0853457850688031
 21
-41.355083196530188
  0
LINE
  8
_0-6_副資材
  6
CONTINUOUS
 62
    4
 10
-6.0853457850688031
 20
-48.729940142548244
 11
5.5853409315477265
 21
-37.666076412198102
  0
LINE
  8
_0-6_副資材
  6
CONTINUOUS
 62
    4
 10
-6.0853457850688031
 20
-53.991176604701543
 11
9.2043300927828042
 21
-39.510577659919413
  0
LINE
  8
_0-6_副資材
  6
CONTINUOUS
 62
    4
 10
5.5853409315477265
 20
-37.666076412198102
 11
-9.704334407023758
 21
-52.148249379413834
  0
LINE
  8
_0-6_副資材
  6
CONTINUOUS
 62
    4
 10
9.2043300927828042
 20
-39.510577659919413
 11
-9.704334407023758
 21
-52.148249379413834
  0
LINE
  8
_0-6_副資材
  6
CONTINUOUS
 62
    4
 10
5.5853409315477265
 20
-42.839180484737227
 11
-6.0853457850688031
 21
-53.947108265449714
  0
LINE
  8
_0-6_副資材
  6
CONTINUOUS
 62
    4
 10
5.5853409315477265
 20
-42.839180216681626
 11
-6.0853457850688031
 21
-53.947109337672082
  0
LINE
  8
_0-6_副資材
  6
CONTINUOUS
 62
    4
 10
9.2043300927828042
 20
-39.510576051585858
 11
-9.704334407023758
 21
-52.102608089950749
  0
LINE
  8
_0-6_副資材
  6
CONTINUOUS
 62
    4
 10
5.5853409315477265
 20
-37.66607453580896
 11
-9.704334407023758
 21
-52.102608089950749
  0
LINE
  8
_0-6_副資材
  6
CONTINUOUS
 62
    4
 10
9.2043300927828042
 20
-39.510576051585858
 11
5.5853409315477265
 21
-37.66607453580896
  0
LINE
  8
_0-6_副資材
  6
CONTINUOUS
 62
    4
 10
-6.0853457850688031
 20
-53.947109337672082
 11
9.2043300927828042
 21
-39.510576051585858
  0
LINE
  8
_0-6_副資材
  6
CONTINUOUS
 62
    4
 10
-9.704334407023758
 20
-52.102608089950749
 11
-6.0853457850688031
 21
-53.947109337672082
  0
LINE
  8
_0-6_副資材
  6
CONTINUOUS
 62
    4
 10
-6.0853457850688031
 20
-48.684302069752263
 11
5.5853409315477265
 21
-37.66607453580896
  0
LINE
  8
_0-6_副資材
  6
CONTINUOUS
 62
    4
 10
-9.704334407023758
 20
-39.510576051585858
 11
-6.0853457850688031
 21
-41.355081990280041
  0
LINE
  8
_0-6_副資材
  6
CONTINUOUS
 62
    4
 10
5.5878061830353332
 20
-42.840438029206986
 11
-6.0828805335811964
 21
-53.992435221393684
  0
LINE
  8
_0-6_副資材
  6
CONTINUOUS
 62
    4
 10
-9.7018691555361514
 20
-39.557475421629903
 11
-6.0828805335811964
 21
-41.400402646917613
  0
LINE
  8
_0-6_副資材
  6
CONTINUOUS
 62
    4
 10
-6.0828805335811964
 20
-48.731197687017996
 11
5.5878061830353332
 21
-37.668905834656755
  0
LINE
  8
_0-6_副資材
  6
CONTINUOUS
 62
    4
 10
-9.7018691555361514
 20
-52.149507996105974
 11
-6.0828805335811964
 21
-53.992435221393684
  0
LINE
  8
_0-6_副資材
  6
CONTINUOUS
 62
    4
 10
-6.0828805335811964
 20
-53.992435221393684
 11
9.2067953442703754
 21
-39.511833059944465
  0
LINE
  8
_0-6_副資材
  6
CONTINUOUS
 62
    4
 10
9.2067953442703754
 20
-39.511833059944465
 11
5.5878061830353332
 21
-37.668905834656755
  0
LINE
  8
_0-6_副資材
  6
CONTINUOUS
 62
    4
 10
5.5878061830353332
 20
-37.668905834656755
 11
-9.7018691555361514
 21
-52.149507996105974
  0
LINE
  8
_0-6_副資材
  6
CONTINUOUS
 62
    4
 10
9.2067953442703754
 20
-39.511833059944465
 11
-9.7018691555361514
 21
-52.149507996105974
  0
LINE
  8
_0-6_副資材
  6
CONTINUOUS
 62
    4
 10
5.5878061830353332
 20
-42.840438029206986
 11
-6.0828805335811964
 21
-53.948366882141855
  0
LINE
  8
_0-6_副資材
  6
CONTINUOUS
 62
    4
 10
5.5878061830353332
 20
-50.30500674838467
 11
5.5878061830353332
 21
-42.840438029206986
  0
LINE
  8
_0-6_副資材
  6
CONTINUOUS
 62
    4
 10
9.2067953442703754
 20
-39.511834132166825
 11
-9.7018691555361514
 21
-52.149507996105974
  0
LINE
  8
_0-6_副資材
  6
CONTINUOUS
 62
    4
 10
5.5878061830353332
 20
-37.667332884445514
 11
-9.7018691555361514
 21
-52.149507996105974
  0
LINE
  8
_0-6_副資材
  6
CONTINUOUS
 62
    4
 10
-6.0828805335811964
 20
-53.992435221393684
 11
9.2067953442703754
 21
-39.511834132166825
  0
LINE
  8
_0-6_副資材
  6
CONTINUOUS
 62
    4
 10
-6.0828805335811964
 20
-48.731198759240385
 11
5.5878061830353332
 21
-37.667332884445514
  0
LINE
  8
_0-6_副資材
  6
CONTINUOUS
 62
    4
 10
-6.0828805335811964
 20
-41.356334307665783
 11
-6.0828805335811964
 21
-48.731200903685107
  0
LINE
  8
_0-6_副資材
  6
CONTINUOUS
 62
    4
 10
5.5853409315477265
 20
-37.666076412198095
 11
5.5853409315477265
 21
-30.201508765242799
  0
LINE
  8
_0-6_副資材
  6
CONTINUOUS
 62
    4
 10
-6.0853457850688031
 20
-48.729935853658773
 11
5.5853409315477265
 21
-37.666076412198095
  0
LINE
  8
_0-6_副資材
  6
CONTINUOUS
 62
    4
 10
-6.0853457850688031
 20
-53.947112554339185
 11
9.2043300927828042
 21
-39.510577659919413
  0
LINE
  8
_0-6_副資材
  6
CONTINUOUS
 62
    4
 10
5.5853409315477265
 20
-37.666076412198095
 11
-9.704334407023758
 21
-52.102607017728396
  0
LINE
  8
_0-6_副資材
  6
CONTINUOUS
 62
    4
 10
9.2043300927828042
 20
-39.510577659919413
 11
-9.704334407023758
 21
-52.102607017728396
  0
LINE
  8
_0-6_副資材
  6
CONTINUOUS
 62
    4
 10
5.5853409315477265
 20
-30.201508765242799
 11
-6.0853457850688031
 21
-37.30724647511741
  0
LINE
  8
_0-6_副資材
  6
CONTINUOUS
 62
    4
 10
-6.0853457850688031
 20
-37.30724647511741
 11
-6.0853457850688031
 21
-34.293405248128465
  0
LINE
  8
_0-6_副資材
  6
CONTINUOUS
 62
    4
 10
-6.0853457850688031
 20
-41.353504885207116
 11
5.5853409315477265
 21
-30.201508765242799
  0
LINE
  8
_0-6_副資材
  6
CONTINUOUS
 62
    4
 10
5.5853409315477265
 20
-30.201508765242799
 11
-9.704334407023758
 21
-39.510577659919413
  0
LINE
  8
_0-6_副資材
  6
CONTINUOUS
 62
    4
 10
-9.704334407023758
 20
-39.510577659919413
 11
-6.0853457850688031
 21
-41.353504885207116
  0
LINE
  8
_0-6_副資材
  6
CONTINUOUS
 62
    4
 10
5.5853409315477265
 20
-42.837602173414133
 11
-6.0853457850688031
 21
-53.947112554339185
  0
LINE
  8
_0-6_副資材
  6
CONTINUOUS
 62
    4
 10
5.5853409315477265
 20
-42.793540267496503
 11
-6.0853457850688031
 21
-53.947111348089024
  0
LINE
  8
_0-6_副資材
  6
CONTINUOUS
 62
    4
 10
5.5853409315477265
 20
-50.259679792440707
 11
5.5853409315477265
 21
-42.793540267496503
  0
LINE
  8
_0-6_副資材
  6
CONTINUOUS
 62
    4
 10
9.2043300927828042
 20
-39.510577659919413
 11
-9.704334407023758
 21
-52.102605409394855
  0
LINE
  8
_0-6_副資材
  6
CONTINUOUS
 62
    4
 10
5.5853409315477265
 20
-37.666076412198095
 11
-9.704334407023758
 21
-52.102605409394855
  0
LINE
  8
_0-6_副資材
  6
CONTINUOUS
 62
    4
 10
9.2067953442703754
 20
-39.511834132166825
 11
5.5853409315477265
 21
-37.666076412198095
  0
LINE
  8
_0-6_副資材
  6
CONTINUOUS
 62
    4
 10
-6.0853457850688031
 20
-53.947111348089024
 11
9.2043300927828042
 21
-39.510577659919413
  0
LINE
  8
_0-6_副資材
  6
CONTINUOUS
 62
    4
 10
-6.0853457850688031
 20
-48.684299389196333
 11
5.5853409315477265
 21
-37.666076412198095
  0
LINE
  8
_0-6_副資材
  6
CONTINUOUS
 62
    4
 10
-6.0853457850688031
 20
-41.353504885207116
 11
-6.0853457850688031
 21
-48.729940142548244
  0
LINE
  8
_0-6_副資材
  6
CONTINUOUS
 62
    4
 10
9.2067953442703754
 20
-127.65765225926853
 11
-9.7018691555361514
 21
-140.29374995632932
  0
LINE
  8
_0-6_副資材
  6
CONTINUOUS
 62
    4
 10
5.5878061830353332
 20
-125.81314672265773
 11
-9.7018691555361514
 21
-140.29374995632932
  0
LINE
  8
_0-6_副資材
  6
CONTINUOUS
 62
    4
 10
9.2067953442703754
 20
-127.65765225926853
 11
5.5878061830353332
 21
-125.81314672265773
  0
LINE
  8
_0-6_副資材
  6
CONTINUOUS
 62
    4
 10
-6.0828805335811964
 20
-142.1382469151612
 11
9.2067953442703754
 21
-127.65765225926853
  0
LINE
  8
_0-6_副資材
  6
CONTINUOUS
 62
    4
 10
-9.7018691555361514
 20
-140.29374995632932
 11
-6.0828805335811964
 21
-142.1382469151612
  0
LINE
  8
_0-6_副資材
  6
CONTINUOUS
 62
    4
 10
-6.0828805335811964
 20
-136.87701474189734
 11
5.5878061830353332
 21
-125.81314672265773
  0
LINE
  8
_0-6_副資材
  6
CONTINUOUS
 62
    4
 10
-6.0828805335811964
 20
-129.5005794845562
 11
-6.0828805335811964
 21
-136.87701903078678
  0
LINE
  8
_0-6_副資材
  6
CONTINUOUS
 62
    4
 10
5.5878061830353332
 20
-118.39264741495425
 11
-6.0828805335811964
 21
-129.50057948455623
  0
LINE
  8
_0-6_副資材
  6
CONTINUOUS
 62
    4
 10
9.2067953442703754
 20
-115.06561432368061
 11
-9.7018691555361514
 21
-127.70171630963088
  0
LINE
  8
_0-6_副資材
  6
CONTINUOUS
 62
    4
 10
5.5878061830353332
 20
-113.22111307595927
 11
-9.7018691555361514
 21
-127.70171630963088
  0
LINE
  8
_0-6_副資材
  6
CONTINUOUS
 62
    4
 10
9.2067953442703754
 20
-115.06561432368061
 11
5.5878061830353332
 21
-113.22111307595927
  0
LINE
  8
_0-6_副資材
  6
CONTINUOUS
 62
    4
 10
-6.0828805335811964
 20
-129.54622184624168
 11
9.2067953442703754
 21
-115.06561432368061
  0
LINE
  8
_0-6_副資材
  6
CONTINUOUS
 62
    4
 10
-9.7018691555361514
 20
-127.70171630963088
 11
-6.0828805335811964
 21
-129.54622184624168
  0
LINE
  8
_0-6_副資材
  6
CONTINUOUS
 62
    4
 10
-6.0828805335811964
 20
-124.2849810951989
 11
5.5878061830353332
 21
-113.22111307595927
  0
LINE
  8
_0-6_副資材
  6
CONTINUOUS
 62
    4
 10
-6.0828805335811964
 20
-116.90854154896829
 11
-6.0828805335811964
 21
-124.2849810951989
  0
LINE
  8
_0-6_副資材
  6
CONTINUOUS
 62
    4
 10
-5.4939618362900688
 20
-141.68813654359909
 11
5.5878061830353332
 21
-131.2097362474338
  0
LINE
  8
_0-6_副資材
  6
CONTINUOUS
 62
    4
 10
9.2067953442703754
 20
-115.06561432368061
 11
-9.7018691555361514
 21
-127.70171202074141
  0
LINE
  8
_0-6_副資材
  6
CONTINUOUS
 62
    4
 10
5.5878061830353332
 20
-113.22110878706981
 11
-9.7018691555361514
 21
-127.70171202074141
  0
LINE
  8
_0-6_副資材
  6
CONTINUOUS
 62
    4
 10
9.2067953442703754
 20
-115.06561432368061
 11
5.5878061830353332
 21
-113.22110878706981
  0
LINE
  8
_0-6_副資材
  6
CONTINUOUS
 62
    4
 10
-6.0828805335811964
 20
-129.54620897957327
 11
9.2067953442703754
 21
-115.06561432368061
  0
LINE
  8
_0-6_副資材
  6
CONTINUOUS
 62
    4
 10
-9.7018691555361514
 20
-127.70171202074141
 11
-6.0828805335811964
 21
-129.54620897957327
  0
LINE
  8
_0-6_副資材
  6
CONTINUOUS
 62
    4
 10
-6.0828805335811964
 20
-124.28497680630942
 11
5.5878061830353332
 21
-113.22110878706981
  0
LINE
  8
_0-6_副資材
  6
CONTINUOUS
 62
    4
 10
5.5878061830353332
 20
-105.80060947936633
 11
-6.0828805335811964
 21
-116.90854154896829
  0
LINE
  8
_0-6_副資材
  6
CONTINUOUS
 62
    4
 10
9.2067953442703754
 20
-102.4735763880927
 11
-9.7018691555361514
 21
-115.10967837404296
  0
LINE
  8
_0-6_副資材
  6
CONTINUOUS
 62
    4
 10
-6.0828805335811964
 20
-116.95418391065374
 11
9.2067953442703754
 21
-102.4735763880927
  0
LINE
  8
_0-6_副資材
  6
CONTINUOUS
 62
    4
 10
-9.7018691555361514
 20
-115.10967837404296
 11
-6.0828805335811964
 21
-116.95418391065374
  0
LINE
  8
_0-6_副資材
  6
CONTINUOUS
 62
    4
 10
-5.4939618362900688
 20
-129.09609860801115
 11
5.5878061830353332
 21
-118.61769831184583
  0
LINE
  8
_0-6_副資材
  6
CONTINUOUS
 62
    4
 10
-6.0828805335811964
 20
-111.69294315961095
 11
5.5878061830353332
 21
-100.62907514037137
  0
LINE
  8
_0-6_副資材
  6
CONTINUOUS
 62
    4
 10
5.5878061830353332
 20
-100.62907514037137
 11
-9.7018691555361514
 21
-115.10967837404296
  0
LINE
  8
_0-6_副資材
  6
CONTINUOUS
 62
    4
 10
9.2067953442703754
 20
-102.4735763880927
 11
5.5878061830353332
 21
-100.62907514037137
  0
LINE
  8
_0-6_副資材
  6
CONTINUOUS
 62
    4
 10
5.5878061830353332
 20
-105.80060947936633
 11
5.5878061830353332
 21
-113.22110878706981
  0
LINE
  8
_0-6_副資材
  6
CONTINUOUS
 62
    4
 10
5.5878061830353332
 20
-93.208571543778405
 11
5.5878061830353332
 21
-100.6290708514819
  0
LINE
  8
_0-6_副資材
  6
CONTINUOUS
 62
    4
 10
5.5878061830353332
 20
-125.81314672265773
 11
5.5878061830353332
 21
-118.39264741495425
  0
LINE
  8
_0-6_副資材
  6
CONTINUOUS
 62
    4
 10
5.5853409315477265
 20
-24.579868343575182
 11
5.5853409315477265
 21
-30.201508765242799
  0
LINE
  8
_0-6_副資材
  6
CONTINUOUS
 62
    4
 10
-6.0853457850688031
 20
-34.293405248128465
 11
-6.0853457850688031
 21
-25.163749177547441
  0
LINE
  8
_0-6_副資材
  6
CONTINUOUS
 62
    4
 10
0.0000000000000088
 20
-189.46560508268377
 11
-6.0828805335811875
 21
-167.32232278633703
  0
LINE
  8
_0-6_副資材
  6
CONTINUOUS
 62
    4
 10
4.3213159903416187
 20
-169.70664510655774
 11
0.0000000000000088
 21
-189.46560508268377
  0
LINE
  8
_0-6_副資材
  6
CONTINUOUS
 62
    4
 10
9.2067953442703754
 20
-152.84172813044435
 11
-9.7018691555361425
 21
-165.47782582750514
  0
LINE
  8
_0-6_副資材
  6
CONTINUOUS
 62
    4
 10
5.5878061830353332
 20
-150.99722259383358
 11
-9.7018691555361425
 21
-165.47782582750514
  0
LINE
  8
_0-6_副資材
  6
CONTINUOUS
 62
    4
 10
9.2067953442703754
 20
-152.84172813044435
 11
5.5878061830353332
 21
-150.99722259383358
  0
LINE
  8
_0-6_副資材
  6
CONTINUOUS
 62
    4
 10
-6.0828805335811875
 20
-167.32232278633703
 11
9.2067953442703754
 21
-152.84172813044435
  0
LINE
  8
_0-6_副資材
  6
CONTINUOUS
 62
    4
 10
-9.7018691555361425
 20
-165.47782582750514
 11
-6.0828805335811875
 21
-167.32232278633703
  0
LINE
  8
_0-6_副資材
  6
CONTINUOUS
 62
    4
 10
-6.0828805335811964
 20
-162.06109061307316
 11
5.5878061830353332
 21
-150.99722259383358
  0
LINE
  8
_0-6_副資材
  6
CONTINUOUS
 62
    4
 10
-6.0828805335811964
 20
-154.68465535573205
 11
-6.0828805335811964
 21
-162.06109061307316
  0
LINE
  8
_0-6_副資材
  6
CONTINUOUS
 62
    4
 10
5.5878061830353332
 20
-143.57672328613009
 11
-6.0828805335811964
 21
-154.68465535573205
  0
LINE
  8
_0-6_副資材
  6
CONTINUOUS
 62
    4
 10
9.2067953442703754
 20
-140.24969019485644
 11
-9.7018691555361514
 21
-152.8857921808067
  0
LINE
  8
_0-6_副資材
  6
CONTINUOUS
 62
    4
 10
5.5878061830353332
 20
-138.40518894713512
 11
-9.7018691555361514
 21
-152.8857921808067
  0
LINE
  8
_0-6_副資材
  6
CONTINUOUS
 62
    4
 10
9.2067953442703754
 20
-140.24969019485644
 11
5.5878061830353332
 21
-138.40518894713512
  0
LINE
  8
_0-6_副資材
  6
CONTINUOUS
 62
    4
 10
-6.0828805335811964
 20
-154.7302977174175
 11
9.2067953442703754
 21
-140.24969019485644
  0
LINE
  8
_0-6_副資材
  6
CONTINUOUS
 62
    4
 10
-9.7018691555361514
 20
-152.8857921808067
 11
-6.0828805335811964
 21
-154.7302977174175
  0
LINE
  8
_0-6_副資材
  6
CONTINUOUS
 62
    4
 10
-6.0828805335811964
 20
-149.46905696637475
 11
5.5878061830353332
 21
-138.40518894713512
  0
LINE
  8
_0-6_副資材
  6
CONTINUOUS
 62
    4
 10
-6.0828805335811964
 20
-142.09261742014417
 11
-6.0828805335811964
 21
-149.46905696637475
  0
LINE
  8
_0-6_副資材
  6
CONTINUOUS
 62
    4
 10
7.6711790258209067
 20
-166.55745939472496
 11
-3.7747063462551989
 21
-174.24864767211602
  0
LINE
  8
_0-6_副資材
  6
CONTINUOUS
 62
    4
 10
5.3186757430386411
 20
-165.38811083767843
 11
-3.7747063462551989
 21
-174.24864767211602
  0
LINE
  8
_0-6_副資材
  6
CONTINUOUS
 62
    4
 10
-5.49396183629006
 20
-166.87221241477491
 11
5.5878061830353332
 21
-156.39381211860962
  0
LINE
  8
_0-6_副資材
  6
CONTINUOUS
 62
    4
 10
7.6711790258209067
 20
-166.55745939472496
 11
4.3213159903416187
 21
-169.70664510655774
  0
LINE
  8
_0-6_副資材
  6
CONTINUOUS
 62
    4
 10
5.3186757430386411
 20
-165.38811083767843
 11
7.6711790258209067
 21
-166.55745939472496
  0
LINE
  8
_0-6_副資材
  6
CONTINUOUS
 62
    4
 10
5.5878061830353332
 20
-164.21877943618972
 11
5.3186757430386411
 21
-165.38811083767843
  0
LINE
  8
_0-6_副資材
  6
CONTINUOUS
 62
    4
 10
5.5878061830353332
 20
-156.39381211860962
 11
5.5878061830353332
 21
-164.21877943618972
  0
LINE
  8
_0-6_副資材
  6
CONTINUOUS
 62
    4
 10
9.2067953442703754
 20
-140.24969019485644
 11
-9.7018691555361514
 21
-152.88578789191729
  0
LINE
  8
_0-6_副資材
  6
CONTINUOUS
 62
    4
 10
5.5878061830353332
 20
-138.40518465824567
 11
-9.7018691555361514
 21
-152.88578789191729
  0
LINE
  8
_0-6_副資材
  6
CONTINUOUS
 62
    4
 10
9.2067953442703754
 20
-140.24969019485644
 11
5.5878061830353332
 21
-138.40518465824567
  0
LINE
  8
_0-6_副資材
  6
CONTINUOUS
 62
    4
 10
-6.0828805335811964
 20
-154.73028485074909
 11
9.2067953442703754
 21
-140.24969019485644
  0
LINE
  8
_0-6_副資材
  6
CONTINUOUS
 62
    4
 10
-9.7018691555361514
 20
-152.88578789191729
 11
-6.0828805335811964
 21
-154.73028485074909
  0
LINE
  8
_0-6_副資材
  6
CONTINUOUS
 62
    4
 10
-6.0828805335811964
 20
-149.46905267748525
 11
5.5878061830353332
 21
-138.40518465824567
  0
LINE
  8
_0-6_副資材
  6
CONTINUOUS
 62
    4
 10
5.5878061830353332
 20
-130.98468535054218
 11
-6.0828805335811964
 21
-142.09261742014417
  0
LINE
  8
_0-6_副資材
  6
CONTINUOUS
 62
    4
 10
9.2067953442703754
 20
-127.65765225926853
 11
-9.7018691555361514
 21
-140.29375424521879
  0
LINE
  8
_0-6_副資材
  6
CONTINUOUS
 62
    4
 10
-6.0828805335811964
 20
-142.13825978182956
 11
9.2067953442703754
 21
-127.65765225926853
  0
LINE
  8
_0-6_副資材
  6
CONTINUOUS
 62
    4
 10
-9.7018691555361514
 20
-140.29375424521879
 11
-6.0828805335811964
 21
-142.13825978182956
  0
LINE
  8
_0-6_副資材
  6
CONTINUOUS
 62
    4
 10
-5.4939618362900688
 20
-154.280174479187
 11
5.5878061830353332
 21
-143.80177418302168
  0
LINE
  8
_0-6_副資材
  6
CONTINUOUS
 62
    4
 10
-6.0828805335811964
 20
-136.87701903078678
 11
5.5878061830353332
 21
-125.81315101154721
  0
LINE
  8
_0-6_副資材
  6
CONTINUOUS
 62
    4
 10
5.5878061830353332
 20
-125.81315101154721
 11
-9.7018691555361514
 21
-140.29375424521879
  0
LINE
  8
_0-6_副資材
  6
CONTINUOUS
 62
    4
 10
9.2067953442703754
 20
-127.65765225926853
 11
5.5878061830353332
 21
-125.81315101154721
  0
LINE
  8
_0-6_副資材
  6
CONTINUOUS
 62
    4
 10
5.5878061830353332
 20
-150.99722259383358
 11
5.5878061830353332
 21
-143.57672328613009
  0
LINE
  8
_0-6_副資材
  6
CONTINUOUS
 62
    4
 10
5.5878061830353332
 20
-130.98468535054218
 11
5.5878061830353332
 21
-138.40518465824567
  0
ENDBLK
  0
BLOCK
  2
-023-用紙枠A4横_1_
 70
   64
 10
0
 20
0
 30
0
  0
LINE
  8
_0-0_用紙枠
  6
DASHED1
 62
    7
 10
0
 20
0
 11
1485
 21
0
  0
LINE
  8
_0-0_用紙枠
  6
DASHED1
 62
    7
 10
1485
 20
0
 11
1485
 21
-1050
  0
LINE
  8
_0-0_用紙枠
  6
DASHED1
 62
    7
 10
1485
 20
-1050
 11
0
 21
-1050
  0
LINE
  8
_0-0_用紙枠
  6
DASHED1
 62
    7
 10
0
 20
-1050
 11
0
 21
0
  0
ENDBLK
  0
BLOCK
  2
-024-TS桟瓦_右_
 70
   64
 10
0
 20
0
 30
0
  0
LINE
  8
_0-7_瓦
  6
CONTINUOUS
 62
    2
 10
-24.225847419931199
 20
-1.4872398283154453
 11
-19.584254761503317
 21
-3.0158623596258849
  0
LINE
  8
_0-7_瓦
  6
CONTINUOUS
 62
    2
 10
-19.584254761503317
 20
-3.0158623596258849
 11
-10.412125915799635
 21
24.835295163138014
  0
LINE
  8
_0-7_瓦
  6
CONTINUOUS
 62
    2
 10
-13.620637993055169
 20
31.217833492839056
 11
-24.375143155534644
 21
-1.4381309357334615
  0
LINE
  8
_0-7_瓦
  6
CONTINUOUS
 62
    2
 10
-41.26266790123438
 20
-21.632495892655967
 11
-31.635130458779344
 21
-24.803177561339105
  0
LINE
  8
_0-7_瓦
  6
CONTINUOUS
 62
    2
 10
-27.389045510343522
 20
-17.016893943292359
 11
-31.635130458779344
 21
-24.803177561339105
  0
LINE
  8
_0-7_瓦
  6
CONTINUOUS
 62
    2
 10
-27.389045510343522
 20
-17.016893943292359
 11
4.2079286724727183
 21
-27.422591967954197
  0
LINE
  8
_0-7_瓦
  6
CONTINUOUS
 62
    2
 10
-19.584254761503317
 20
-3.0158623596258849
 11
-20.046990973873875
 21
-4.4211066970139612
  0
LINE
  8
_0-7_瓦
  6
CONTINUOUS
 62
    2
 10
-33.337525472895635
 20
2.6790934311735981
 11
-24.028806680132249
 21
-0.3865505366174204
  0
LINE
  8
_0-7_瓦
  6
CONTINUOUS
 62
    2
 10
4.2079286724727183
 20
-27.422591967954197
 11
3.5823497371330859
 21
-29.322185349617236
  0
LINE
  8
_0-7_瓦
  6
CONTINUOUS
 62
    2
 10
22.927437898480107
 20
30.867230089309317
 11
23.590170826431631
 21
32.879471554991149
  0
LINE
  8
_0-7_瓦
  6
CONTINUOUS
 62
    2
 10
23.590170826431631
 20
32.879471554991149
 11
28.339304477507312
 21
31.315474811317952
  0
LINE
  8
_0-7_瓦
  6
CONTINUOUS
 62
    2
 10
-20.208392107015953
 20
42.299020523748503
 11
-41.26266790123438
 21
-21.632495892655967
  0
LINE
  8
_0-7_瓦
  6
CONTINUOUS
 62
    2
 10
-5.9729605896701798
 20
-10.382893768397032
 11
-5.5786997609082789
 21
-9.1859223573331406
  0
LINE
  8
_0-7_瓦
  6
CONTINUOUS
 62
    2
 10
-20.628848803855604
 20
40.343739376168202
 11
21.622388230923804
 21
31.25697775637537
  0
LINE
  8
_0-7_瓦
  6
CONTINUOUS
 62
    2
 10
-20.208392107015953
 20
42.299020523748503
 11
23.590173237458529
 21
32.879482765681033
  0
LINE
  8
_0-7_瓦
  6
CONTINUOUS
 62
    2
 10
28.339223911804723
 20
31.315501343420529
 11
27.676175910770766
 21
29.302131769514297
  0
LINE
  8
_0-7_瓦
  6
CONTINUOUS
 62
    2
 10
-20.046990973873875
 20
-4.4211066970139612
 11
-5.5787025083002817
 21
-9.1859306997314505
  0
LINE
  8
_0-7_瓦
  6
DASHED1
 62
    2
 10
-10.362979490586852
 20
-7.6103647677201991
 11
-14.762684255993932
 21
-20.970100752284253
  0
LINE
  8
_0-7_瓦
  6
DASHED1
 62
    2
 10
-15.112013142447438
 20
-6.0463676278583378
 11
-19.511717907854518
 21
-19.406103612422392
  0
LINE
  8
_0-7_瓦
  6
CONTINUOUS
 62
    2
 10
3.5823497371330859
 20
-29.322185349617236
 11
103.98440183841998
 21
-62.387235097530791
  0
LINE
  8
_0-7_瓦
  6
CONTINUOUS
 62
    2
 10
-5.9729605896701798
 20
-10.382893768397032
 11
108.67640507361905
 21
-48.139923351917773
  0
LINE
  8
_0-7_瓦
  6
CONTINUOUS
 62
    2
 10
123.77202748196233
 20
-2.3699920137413955
 11
21.630435340623677
 21
31.294394864207504
  0
ENDBLK
  0
ENDSEC
  0
SECTION
  2
ENTITIES
  0
INSERT
  2
-018-TS桟瓦_側断面_
  8
_0-7_瓦
 10
723.30242951004334
 20
355.08471949678409
 41
1
 42
1
 50
18.22774532
  0
LINE
  8
_0-5_躯体
  6
CONTINUOUS
 62
    3
 10
2265.2167065045669
 20
350.82830607623521
 11
2415.0231945100436
 21
283.41500949678402
  0
INSERT
  2
-019-防水シ__ト
  8
_0-6_副資材
 10
765.30656401004353
 20
432.09879049678409
 41
1
 42
1
 50
0
  0
LINE
  8
ADD_LINE
  6
DOT
 62
    9
 10
2250.021708757718
 20
312.71724286900746
 11
2250.0030401201589
 21
315.59041927671296
  0
LINE
  8
ADD_LINE
  6
DOT
 62
    9
 10
2250.0030401201589
 20
315.59041927671296
 11
2249.9676875832943
 21
320.53588662128493
  0
LINE
  8
ADD_LINE
  6
DOT
 62
    9
 10
2249.9676875832943
 20
320.53588662128493
 11
2249.9235427388494
 21
325.45833984778307
  0
LINE
  8
ADD_LINE
  6
DOT
 62
    9
 10
2249.9235427388494
 20
325.45833984778307
 11
2249.8650408351923
 21
330.34321305869253
  0
LINE
  8
ADD_LINE
  6
DOT
 62
    9
 10
2249.8650408351923
 20
330.34321305869253
 11
2249.7866171206892
 21
335.17594035649824
  0
LINE
  8
ADD_LINE
  6
DOT
 62
    9
 10
2249.7866171206892
 20
335.17594035649824
 11
2249.6827068437078
 21
339.94195584368526
  0
LINE
  8
ADD_LINE
  6
DOT
 62
    9
 10
2249.6827068437078
 20
339.94195584368526
 11
2249.6085681386203
 21
342.6699377535806
  0
LINE
  8
ADD_LINE
  6
DOT
 62
    9
 10
2249.6085681386203
 20
342.6699377535806
 11
2249.5474684180681
 21
344.68522105158462
  0
LINE
  8
ADD_LINE
  6
DOT
 62
    9
 10
2249.5474684180681
 20
344.68522105158462
 11
2249.4536347044068
 21
348.14643913702707
  0
LINE
  8
ADD_LINE
  6
DOT
 62
    9
 10
2249.4536347044068
 20
348.14643913702707
 11
2249.4145163414792
 21
351.62993816847631
  0
LINE
  8
ADD_LINE
  6
DOT
 62
    9
 10
2249.4145163414792
 20
351.62993816847631
 11
2249.476793480831
 21
355.18136171050651
  0
LINE
  8
ADD_LINE
  6
DOT
 62
    9
 10
2249.476793480831
 20
355.18136171050651
 11
2249.6871462740082
 21
358.84635332769176
  0
LINE
  8
ADD_LINE
  6
DOT
 62
    9
 10
2249.6871462740082
 20
358.84635332769176
 11
2250.092254872558
 21
362.67055658460663
  0
LINE
  8
ADD_LINE
  6
DOT
 62
    9
 10
2250.092254872558
 20
362.67055658460663
 11
2250.4348493768152
 21
364.97953118484884
  0
LINE
  8
ADD_LINE
  6
DOT
 62
    9
 10
2250.4348493768152
 20
364.97953118484884
 11
2250.6441948144875
 21
366.20368998756658
  0
LINE
  8
ADD_LINE
  6
DOT
 62
    9
 10
2250.6441948144875
 20
366.20368998756658
 11
2251.0110835714117
 21
368.32653418682344
  0
LINE
  8
ADD_LINE
  6
DOT
 62
    9
 10
2251.0110835714117
 20
368.32653418682344
 11
2251.3083841743273
 21
370.40915123742644
  0
LINE
  8
ADD_LINE
  6
DOT
 62
    9
 10
2251.3083841743273
 20
370.40915123742644
 11
2251.4464248704953
 21
372.38677072236356
  0
LINE
  8
ADD_LINE
  6
DOT
 62
    9
 10
2251.4464248704953
 20
372.38677072236356
 11
2251.3355339071745
 21
374.19462222462295
  0
LINE
  8
ADD_LINE
  6
DOT
 62
    9
 10
2251.3355339071745
 20
374.19462222462295
 11
2250.8860395316265
 21
375.7679353271925
  0
LINE
  8
ADD_LINE
  6
DOT
 62
    9
 10
2250.8860395316265
 20
375.7679353271925
 11
2250.4348493768152
 21
376.5474685195806
  0
LINE
  8
ADD_LINE
  6
DOT
 62
    9
 10
2250.4348493768152
 20
376.5474685195806
 11
2249.970470833397
 21
377.08324484408877
  0
LINE
  8
ADD_LINE
  6
DOT
 62
    9
 10
2249.970470833397
 20
377.08324484408877
 11
2248.9584567699312
 21
377.86015990546673
  0
LINE
  8
ADD_LINE
  6
DOT
 62
    9
 10
2248.9584567699312
 20
377.86015990546673
 11
2247.7136662037374
 21
378.47772970729739
  0
LINE
  8
ADD_LINE
  6
DOT
 62
    9
 10
2247.7136662037374
 20
378.47772970729739
 11
2246.2765288746518
 21
378.96679685660791
  0
LINE
  8
ADD_LINE
  6
DOT
 62
    9
 10
2246.2765288746518
 20
378.96679685660791
 11
2244.6874745225118
 21
379.35820396042561
  0
LINE
  8
ADD_LINE
  6
DOT
 62
    9
 10
2244.6874745225118
 20
379.35820396042561
 11
2242.9869328871523
 21
379.68279362577761
  0
LINE
  8
ADD_LINE
  6
DOT
 62
    9
 10
2242.9869328871523
 20
379.68279362577761
 11
2241.9654666853153
 21
379.85259347236109
  0
LINE
  8
ADD_LINE
  6
DOT
 62
    9
 10
2241.9654666853153
 20
379.85259347236109
 11
2241.1157956419916
 21
379.98506600133862
  0
LINE
  8
ADD_LINE
  6
DOT
 62
    9
 10
2241.1157956419916
 20
379.98506600133862
 11
2239.6570136032124
 21
380.17707069254459
  0
LINE
  8
ADD_LINE
  6
DOT
 62
    9
 10
2239.6570136032124
 20
380.17707069254459
 11
2238.2536765250043
 21
380.28252910104476
  0
LINE
  8
ADD_LINE
  6
DOT
 62
    9
 10
2238.2536765250043
 20
380.28252910104476
 11
2236.9611766401222
 21
380.25437713718179
  0
LINE
  8
ADD_LINE
  6
DOT
 62
    9
 10
2236.9611766401222
 20
380.25437713718179
 11
2235.8349061813219
 21
380.04555071129829
  0
LINE
  8
ADD_LINE
  6
DOT
 62
    9
 10
2235.8349061813219
 20
380.04555071129829
 11
2234.9302573813575
 21
379.60898573373686
  0
LINE
  8
ADD_LINE
  6
DOT
 62
    9
 10
2234.9302573813575
 20
379.60898573373686
 11
2234.5289355415593
 21
379.23288254371471
  0
LINE
  8
ADD_LINE
  6
DOT
 62
    9
 10
2234.5289355415593
 20
379.23288254371471
 11
2234.2568169709875
 21
378.81690325583452
  0
LINE
  8
ADD_LINE
  6
DOT
 62
    9
 10
2234.2568169709875
 20
378.81690325583452
 11
2233.9548643831981
 21
377.93965165941427
  0
LINE
  8
ADD_LINE
  6
DOT
 62
    9
 10
2233.9548643831981
 20
377.93965165941427
 11
2233.8265299269387
 21
376.90207708702451
  0
LINE
  8
ADD_LINE
  6
DOT
 62
    9
 10
2233.8265299269387
 20
376.90207708702451
 11
2233.8275700968179
 21
375.75332698736281
  0
LINE
  8
ADD_LINE
  6
DOT
 62
    9
 10
2233.8275700968179
 20
375.75332698736281
 11
2233.9137413874437
 21
374.54254880912686
  0
LINE
  8
ADD_LINE
  6
DOT
 62
    9
 10
2233.9137413874437
 20
374.54254880912686
 11
2234.0408002934241
 21
373.31889000101427
  0
LINE
  8
ADD_LINE
  6
DOT
 62
    9
 10
2234.0408002934241
 20
373.31889000101427
 11
2234.1157949224616
 21
372.62263263815379
  0
LINE
  8
ADD_LINE
  6
DOT
 62
    9
 10
2234.1157949224616
 20
372.62263263815379
 11
2234.2293306948063
 21
371.41255793265856
  0
LINE
  8
ADD_LINE
  6
DOT
 62
    9
 10
2234.2293306948063
 20
371.41255793265856
 11
2234.3501980377123
 21
369.45296968999196
  0
LINE
  8
ADD_LINE
  6
DOT
 62
    9
 10
2234.3501980377123
 20
369.45296968999196
 11
2234.3766074743403
 21
367.59198308187888
  0
LINE
  8
ADD_LINE
  6
DOT
 62
    9
 10
2234.3766074743403
 20
367.59198308187888
 11
2234.3089449963923
 21
365.75769324348897
  0
LINE
  8
ADD_LINE
  6
DOT
 62
    9
 10
2234.3089449963923
 20
365.75769324348897
 11
2234.147596595571
 21
363.87819530999172
  0
LINE
  8
ADD_LINE
  6
DOT
 62
    9
 10
2234.147596595571
 20
363.87819530999172
 11
2233.8929482635795
 21
361.88158441655662
  0
LINE
  8
ADD_LINE
  6
DOT
 62
    9
 10
2233.8929482635795
 20
361.88158441655662
 11
2233.7026543033644
 21
360.64155468432455
  0
LINE
  8
ADD_LINE
  6
DOT
 62
    9
 10
2233.7026543033644
 20
360.64155468432455
 11
2233.5265209327008
 21
359.59521786876485
  0
LINE
  8
ADD_LINE
  6
DOT
 62
    9
 10
2233.5265209327008
 20
359.59521786876485
 11
2233.1635217775697
 21
357.74413191231736
  0
LINE
  8
ADD_LINE
  6
DOT
 62
    9
 10
2233.1635217775697
 20
357.74413191231736
 11
2232.7071732702252
 21
355.94013710660408
  0
LINE
  8
ADD_LINE
  6
DOT
 62
    9
 10
2232.7071732702252
 20
355.94013710660408
 11
2232.1362433553272
 21
354.30725313543871
  0
LINE
  8
ADD_LINE
  6
DOT
 62
    9
 10
2232.1362433553272
 20
354.30725313543871
 11
2231.4294999775352
 21
352.96949968263533
  0
LINE
  8
ADD_LINE
  6
DOT
 62
    9
 10
2231.4294999775352
 20
352.96949968263533
 11
2230.5657110815082
 21
352.05089643200779
  0
LINE
  8
ADD_LINE
  6
DOT
 62
    9
 10
2230.5657110815082
 20
352.05089643200779
 11
2229.984388731486
 21
351.759031373727
  0
LINE
  8
ADD_LINE
  6
DOT
 62
    9
 10
2229.984388731486
 20
351.759031373727
 11
2229.3158131843761
 21
351.66720343079066
  0
LINE
  8
ADD_LINE
  6
DOT
 62
    9
 10
2229.3158131843761
 20
351.66720343079066
 11
2228.0416979409883
 21
351.97072301610325
  0
LINE
  8
ADD_LINE
  6
DOT
 62
    9
 10
2228.0416979409883
 20
351.97072301610325
 11
2226.6759302208484
 21
352.76462110003257
  0
LINE
  8
ADD_LINE
  6
DOT
 62
    9
 10
2226.6759302208484
 20
352.76462110003257
 11
2225.2906226618993
 21
353.93932363054648
  0
LINE
  8
ADD_LINE
  6
DOT
 62
    9
 10
2225.2906226618993
 20
353.93932363054648
 11
2223.9578879020842
 21
355.38525655561267
  0
LINE
  8
ADD_LINE
  6
DOT
 62
    9
 10
2223.9578879020842
 20
355.38525655561267
 11
2222.7498385793456
 21
356.99284582319899
  0
LINE
  8
ADD_LINE
  6
DOT
 62
    9
 10
2222.7498385793456
 20
356.99284582319899
 11
2222.1347169686323
 21
357.95614066019039
  0
LINE
  8
ADD_LINE
  6
DOT
 62
    9
 10
2222.1347169686323
 20
357.95614066019039
 11
2221.1989013318025
 21
359.73465093074935
  0
LINE
  8
ADD_LINE
  6
DOT
 62
    9
 10
2221.1989013318025
 20
359.73465093074935
 11
2220.1397543259068
 21
362.77254847406192
  0
LINE
  8
ADD_LINE
  6
DOT
 62
    9
 10
2220.1397543259068
 20
362.77254847406192
 11
2219.6450817328418
 21
365.77816487432051
  0
LINE
  8
ADD_LINE
  6
DOT
 62
    9
 10
2219.6450817328418
 20
365.77816487432051
 11
2219.555340656108
 21
368.75591192410667
  0
LINE
  8
ADD_LINE
  6
DOT
 62
    9
 10
2219.555340656108
 20
368.75591192410667
 11
2219.710988199206
 21
371.71020141600167
  0
LINE
  8
ADD_LINE
  6
DOT
 62
    9
 10
2219.710988199206
 20
371.71020141600167
 11
2219.9524814656361
 21
374.64544514258694
  0
LINE
  8
ADD_LINE
  6
DOT
 62
    9
 10
2219.9524814656361
 20
374.64544514258694
 11
2220.0690138731447
 21
376.34089821003187
  0
LINE
  8
ADD_LINE
  6
DOT
 62
    9
 10
2220.0690138731447
 20
376.34089821003187
 11
2220.1471092891243
 21
378.51341218019661
  0
LINE
  8
ADD_LINE
  6
DOT
 62
    9
 10
2220.1471092891243
 20
378.51341218019661
 11
2220.1314325417038
 21
382.25847723085417
  0
LINE
  8
ADD_LINE
  6
DOT
 62
    9
 10
2220.1314325417038
 20
382.25847723085417
 11
2220.0257886632344
 21
386.02553726792598
  0
LINE
  8
ADD_LINE
  6
DOT
 62
    9
 10
2220.0257886632344
 20
386.02553726792598
 11
2219.9468246699398
 21
389.84112265684217
  0
LINE
  8
ADD_LINE
  6
DOT
 62
    9
 10
2219.9468246699398
 20
389.84112265684217
 11
2220.0111875780458
 21
393.73176376303297
  0
LINE
  8
ADD_LINE
  6
DOT
 62
    9
 10
2220.0111875780458
 20
393.73176376303297
 11
2220.3355244037753
 21
397.72399095192844
  0
LINE
  8
ADD_LINE
  6
DOT
 62
    9
 10
2220.3355244037753
 20
397.72399095192844
 11
2220.6887248017911
 21
400.09648380814156
  0
LINE
  8
ADD_LINE
  6
DOT
 62
    9
 10
2220.6887248017911
 20
400.09648380814156
 11
2220.970769915752
 21
401.56390637220943
  0
LINE
  8
ADD_LINE
  6
DOT
 62
    9
 10
2220.970769915752
 20
401.56390637220943
 11
2221.5136937932702
 21
404.10598758959782
  0
LINE
  8
ADD_LINE
  6
DOT
 62
    9
 10
2221.5136937932702
 20
404.10598758959782
 11
2222.01682466486
 21
406.61784732750664
  0
LINE
  8
ADD_LINE
  6
DOT
 62
    9
 10
2222.01682466486
 20
406.61784732750664
 11
2222.3505250960802
 21
409.04661940605342
  0
LINE
  8
ADD_LINE
  6
DOT
 62
    9
 10
2222.3505250960802
 20
409.04661940605342
 11
2222.3851576524903
 21
411.33943764535621
  0
LINE
  8
ADD_LINE
  6
DOT
 62
    9
 10
2222.3851576524903
 20
411.33943764535621
 11
2221.9910848996492
 21
413.44343586553259
  0
LINE
  8
ADD_LINE
  6
DOT
 62
    9
 10
2221.9910848996492
 20
413.44343586553259
 11
2221.515006039986
 21
414.55640547655617
  0
LINE
  8
ADD_LINE
  6
DOT
 62
    9
 10
2221.515006039986
 20
414.55640547655617
 11
2221.0487548075789
 21
415.29981170739092
  0
LINE
  8
ADD_LINE
  6
DOT
 62
    9
 10
2221.0487548075789
 20
415.29981170739092
 11
2220.0338656545223
 21
416.49676724297035
  0
LINE
  8
ADD_LINE
  6
DOT
 62
    9
 10
2220.0338656545223
 20
416.49676724297035
 11
2218.8209011956988
 21
417.6250461071038
  0
LINE
  8
ADD_LINE
  6
DOT
 62
    9
 10
2218.8209011956988
 20
417.6250461071038
 11
2217.4901208163215
 21
418.72957731764222
  0
LINE
  8
ADD_LINE
  6
DOT
 62
    9
 10
2217.4901208163215
 20
418.72957731764222
 11
2216.1217839016049
 21
419.85528989243647
  0
LINE
  8
ADD_LINE
  6
DOT
 62
    9
 10
2216.1217839016049
 20
419.85528989243647
 11
2214.7961498367631
 21
421.0471128493374
  0
LINE
  8
ADD_LINE
  6
DOT
 62
    9
 10
2214.7961498367631
 20
421.0471128493374
 11
2214.0784748962301
 21
421.78636631076353
  0
LINE
  8
ADD_LINE
  6
DOT
 62
    9
 10
2214.0784748962301
 20
421.78636631076353
 11
2213.7340527834122
 21
422.17794410168995
  0
LINE
  8
ADD_LINE
  6
DOT
 62
    9
 10
2213.7340527834122
 20
422.17794410168995
 11
2213.1658393524149
 21
422.86860729829493
  0
LINE
  8
ADD_LINE
  6
DOT
 62
    9
 10
2213.1658393524149
 20
422.86860729829493
 11
2212.6165818858813
 21
423.56018485977302
  0
LINE
  8
ADD_LINE
  6
DOT
 62
    9
 10
2212.6165818858813
 20
423.56018485977302
 11
2212.0706157001628
 21
424.23088295911725
  0
LINE
  8
ADD_LINE
  6
DOT
 62
    9
 10
2212.0706157001628
 20
424.23088295911725
 11
2211.512276111609
 21
424.85890776932069
  0
LINE
  8
ADD_LINE
  6
DOT
 62
    9
 10
2211.512276111609
 20
424.85890776932069
 11
2210.9258984365711
 21
425.42246546337651
  0
LINE
  8
ADD_LINE
  6
DOT
 62
    9
 10
2210.9258984365711
 20
425.42246546337651
 11
2210.5667796339008
 21
425.71120219219034
  0
LINE
  8
ADD_LINE
  6
DOT
 62
    9
 10
2210.5667796339008
 20
425.71120219219034
 11
2209.622773783994
 21
426.2796363055852
  0
LINE
  8
ADD_LINE
  6
DOT
 62
    9
 10
2209.622773783994
 20
426.2796363055852
 11
2207.7866178546747
 21
426.85677874667908
  0
LINE
  8
ADD_LINE
  6
DOT
 62
    9
 10
2207.7866178546747
 20
426.85677874667908
 11
2205.7440134258886
 21
427.01332459295378
  0
LINE
  8
ADD_LINE
  6
DOT
 62
    9
 10
2205.7440134258886
 20
427.01332459295378
 11
2203.5618803118841
 21
426.85325539459609
  0
LINE
  8
ADD_LINE
  6
DOT
 62
    9
 10
2203.5618803118841
 20
426.85325539459609
 11
2201.307138326908
 21
426.48055270179299
  0
LINE
  8
ADD_LINE
  6
DOT
 62
    9
 10
2201.307138326908
 20
426.48055270179299
 11
2199.0467072852089
 21
425.99919806473122
  0
LINE
  8
ADD_LINE
  6
DOT
 62
    9
 10
2199.0467072852089
 20
425.99919806473122
 11
2197.7594204418765
 21
425.71120219219034
  0
LINE
  8
ADD_LINE
  6
DOT
 62
    9
 10
2197.7594204418765
 20
425.71120219219034
 11
2196.8016875673279
 21
425.50121837918596
  0
LINE
  8
ADD_LINE
  6
DOT
 62
    9
 10
2196.8016875673279
 20
425.50121837918596
 11
2195.1943608093311
 21
425.14668553505817
  0
LINE
  8
ADD_LINE
  6
DOT
 62
    9
 10
2195.1943608093311
 20
425.14668553505817
 11
2193.6400371959412
 21
424.77461073986268
  0
LINE
  8
ADD_LINE
  6
DOT
 62
    9
 10
2193.6400371959412
 20
424.77461073986268
 11
2192.1356782600237
 21
424.35354513560799
  0
LINE
  8
ADD_LINE
  6
DOT
 62
    9
 10
2192.1356782600237
 20
424.35354513560799
 11
2190.678245534446
 21
423.85203986430213
  0
LINE
  8
ADD_LINE
  6
DOT
 62
    9
 10
2190.678245534446
 20
423.85203986430213
 11
2189.2647005520726
 21
423.23864606795354
  0
LINE
  8
ADD_LINE
  6
DOT
 62
    9
 10
2189.2647005520726
 20
423.23864606795354
 11
2188.4637565121811
 21
422.81921785850739
  0
LINE
  8
ADD_LINE
  6
DOT
 62
    9
 10
2188.4637565121811
 20
422.81921785850739
 11
2187.6977167534924
 21
422.36270828420299
  0
LINE
  8
ADD_LINE
  6
DOT
 62
    9
 10
2187.6977167534924
 20
422.36270828420299
 11
2186.3979429354968
 21
421.49211731811334
  0
LINE
  8
ADD_LINE
  6
DOT
 62
    9
 10
2186.3979429354968
 20
421.49211731811334
 11
2185.1123784518845
 21
420.57178717824888
  0
LINE
  8
ADD_LINE
  6
DOT
 62
    9
 10
2185.1123784518845
 20
420.57178717824888
 11
2183.8266591394545
 21
419.66679226241496
  0
LINE
  8
ADD_LINE
  6
DOT
 62
    9
 10
2183.8266591394545
 20
419.66679226241496
 11
2182.5264208350072
 21
418.84220696841686
  0
LINE
  8
ADD_LINE
  6
DOT
 62
    9
 10
2182.5264208350072
 20
418.84220696841686
 11
2181.1972993753425
 21
418.16310569405999
  0
LINE
  8
ADD_LINE
  6
DOT
 62
    9
 10
2181.1972993753425
 20
418.16310569405999
 11
2180.4075144397789
 21
417.86153042933671
  0
LINE
  8
ADD_LINE
  6
DOT
 62
    9
 10
2180.4075144397789
 20
417.86153042933671
 11
2179.4682955054277
 21
417.61172455413026
  0
LINE
  8
ADD_LINE
  6
DOT
 62
    9
 10
2179.4682955054277
 20
417.61172455413026
 11
2177.7971981037699
 21
417.4154645610522
  0
LINE
  8
ADD_LINE
  6
DOT
 62
    9
 10
2177.7971981037699
 20
417.4154645610522
 11
2176.0655984386585
 21
417.46960856616499
  0
LINE
  8
ADD_LINE
  6
DOT
 62
    9
 10
2176.0655984386585
 20
417.46960856616499
 11
2174.2793216841733
 21
417.72025513704335
  0
LINE
  8
ADD_LINE
  6
DOT
 62
    9
 10
2174.2793216841733
 20
417.72025513704335
 11
2172.4441930143935
 21
418.11350284126161
  0
LINE
  8
ADD_LINE
  6
DOT
 62
    9
 10
2172.4441930143935
 20
418.11350284126161
 11
2170.5660376033989
 21
418.59545024639453
  0
LINE
  8
ADD_LINE
  6
DOT
 62
    9
 10
2170.5660376033989
 20
418.59545024639453
 11
2169.4592880336936
 21
418.89438197708057
  0
LINE
  8
ADD_LINE
  6
DOT
 62
    9
 10
2169.4592880336936
 20
418.89438197708057
 11
2167.8819506167506
 21
419.3166372473404
  0
LINE
  8
ADD_LINE
  6
DOT
 62
    9
 10
2167.8819506167506
 20
419.3166372473404
 11
2165.1448950800245
 21
419.98845546504668
  0
LINE
  8
ADD_LINE
  6
DOT
 62
    9
 10
2165.1448950800245
 20
419.98845546504668
 11
2162.4394488202324
 21
420.49575238823797
  0
LINE
  8
ADD_LINE
  6
DOT
 62
    9
 10
2162.4394488202324
 20
420.49575238823797
 11
2159.8281369991519
 21
420.72995617066908
  0
LINE
  8
ADD_LINE
  6
DOT
 62
    9
 10
2159.8281369991519
 20
420.72995617066908
 11
2157.3734847785622
 21
420.58249496609454
  0
LINE
  8
ADD_LINE
  6
DOT
 62
    9
 10
2157.3734847785622
 20
420.58249496609454
 11
2155.1380173202406
 21
419.94479692826917
  0
LINE
  8
ADD_LINE
  6
DOT
 62
    9
 10
2155.1380173202406
 20
419.94479692826917
 11
2153.966514817535
 21
419.30752259617816
  0
LINE
  8
ADD_LINE
  6
DOT
 62
    9
 10
2153.966514817535
 20
419.30752259617816
 11
2153.5005059699724
 21
418.97214733026317
  0
LINE
  8
ADD_LINE
  6
DOT
 62
    9
 10
2153.5005059699724
 20
418.97214733026317
 11
2152.7337241568739
 21
418.31246289825231
  0
LINE
  8
ADD_LINE
  6
DOT
 62
    9
 10
2152.7337241568739
 20
418.31246289825231
 11
2152.0004863252284
 21
417.56877697299848
  0
LINE
  8
ADD_LINE
  6
DOT
 62
    9
 10
2152.0004863252284
 20
417.56877697299848
 11
2151.2858057634735
 21
416.76330038060428
  0
LINE
  8
ADD_LINE
  6
DOT
 62
    9
 10
2151.2858057634735
 20
416.76330038060428
 11
2150.57469576005
 21
415.9182439471723
  0
LINE
  8
ADD_LINE
  6
DOT
 62
    9
 10
2150.57469576005
 20
415.9182439471723
 11
2149.8521696033954
 21
415.05581849880508
  0
LINE
  8
ADD_LINE
  6
DOT
 62
    9
 10
2149.8521696033954
 20
415.05581849880508
 11
2149.4219680074616
 21
414.55640547655617
  0
LINE
  8
ADD_LINE
  6
DOT
 62
    9
 10
2149.4219680074616
 20
414.55640547655617
 11
2148.7452149083538
 21
413.80355991571957
  0
LINE
  8
ADD_LINE
  6
DOT
 62
    9
 10
2148.7452149083538
 20
413.80355991571957
 11
2147.5521041554325
 21
412.52684444076067
  0
LINE
  8
ADD_LINE
  6
DOT
 62
    9
 10
2147.5521041554325
 20
412.52684444076067
 11
2146.3836940908295
 21
411.25991641395927
  0
LINE
  8
ADD_LINE
  6
DOT
 62
    9
 10
2146.3836940908295
 20
411.25991641395927
 11
2145.3074098081215
 21
409.98281406221304
  0
LINE
  8
ADD_LINE
  6
DOT
 62
    9
 10
2145.3074098081215
 20
409.98281406221304
 11
2144.3906764008866
 21
408.67557561241949
  0
LINE
  8
ADD_LINE
  6
DOT
 62
    9
 10
2144.3906764008866
 20
408.67557561241949
 11
2143.7009189627015
 21
407.31823929147623
  0
LINE
  8
ADD_LINE
  6
DOT
 62
    9
 10
2143.7009189627015
 20
407.31823929147623
 11
2143.431429030547
 21
406.5001634041538
  0
LINE
  8
ADD_LINE
  6
DOT
 62
    9
 10
2143.431429030547
 20
406.5001634041538
 11
2143.2473605334512
 21
405.46432126030339
  0
LINE
  8
ADD_LINE
  6
DOT
 62
    9
 10
2143.2473605334512
 20
405.46432126030339
 11
2143.2476679699353
 21
403.5954147932062
  0
LINE
  8
ADD_LINE
  6
DOT
 62
    9
 10
2143.2476679699353
 20
403.5954147932062
 11
2143.5350414988666
 21
401.64176173488238
  0
LINE
  8
ADD_LINE
  6
DOT
 62
    9
 10
2143.5350414988666
 20
401.64176173488238
 11
2143.9757091137653
 21
399.62694455405676
  0
LINE
  8
ADD_LINE
  6
DOT
 62
    9
 10
2143.9757091137653
 20
399.62694455405676
 11
2144.4358988081517
 21
397.57454571945431
  0
LINE
  8
ADD_LINE
  6
DOT
 62
    9
 10
2144.4358988081517
 20
397.57454571945431
 11
2144.7818385755454
 21
395.50814769980002
  0
LINE
  8
ADD_LINE
  6
DOT
 62
    9
 10
2144.7818385755454
 20
395.50814769980002
 11
2144.8774211973887
 21
394.31251514077576
  0
LINE
  8
ADD_LINE
  6
DOT
 62
    9
 10
2144.8774211973887
 20
394.31251514077576
 11
2144.8689434364851
 21
393.12816033464685
  0
LINE
  8
ADD_LINE
  6
DOT
 62
    9
 10
2144.8689434364851
 20
393.12816033464685
 11
2144.614951146089
 21
391.11651432109181
  0
LINE
  8
ADD_LINE
  6
DOT
 62
    9
 10
2144.614951146089
 20
391.11651432109181
 11
2144.082636008382
 21
389.16154123937599
  0
LINE
  8
ADD_LINE
  6
DOT
 62
    9
 10
2144.082636008382
 20
389.16154123937599
 11
2143.300700425305
 21
387.28447539132191
  0
LINE
  8
ADD_LINE
  6
DOT
 62
    9
 10
2143.300700425305
 20
387.28447539132191
 11
2142.2978467987973
 21
385.50655107875218
  0
LINE
  8
ADD_LINE
  6
DOT
 62
    9
 10
2142.2978467987973
 20
385.50655107875218
 11
2141.1027775307975
 21
383.84900260348934
  0
LINE
  8
ADD_LINE
  6
DOT
 62
    9
 10
2141.1027775307975
 20
383.84900260348934
 11
2140.3328743873153
 21
382.95114811559279
  0
LINE
  8
ADD_LINE
  6
DOT
 62
    9
 10
2140.3328743873153
 20
382.95114811559279
 11
2139.2787101885087
 21
381.87959673614648
  0
LINE
  8
ADD_LINE
  6
DOT
 62
    9
 10
2139.2787101885087
 20
381.87959673614648
 11
2137.2938489361736
 21
380.22779372583869
  0
LINE
  8
ADD_LINE
  6
DOT
 62
    9
 10
2137.2938489361736
 20
380.22779372583869
 11
2135.1298195054455
 21
378.82021171705321
  0
LINE
  8
ADD_LINE
  6
DOT
 62
    9
 10
2135.1298195054455
 20
378.82021171705321
 11
2132.8245876171113
 21
377.65278127080637
  0
LINE
  8
ADD_LINE
  6
DOT
 62
    9
 10
2132.8245876171113
 20
377.65278127080637
 11
2130.4161189919582
 21
376.72143294811468
  0
LINE
  8
ADD_LINE
  6
DOT
 62
    9
 10
2130.4161189919582
 20
376.72143294811468
 11
2127.9423793507731
 21
376.02209730999471
  0
LINE
  8
ADD_LINE
  6
DOT
 62
    9
 10
2127.9423793507731
 20
376.02209730999471
 11
2126.492663647547
 21
375.72118728138548
  0
LINE
  8
ADD_LINE
  6
DOT
 62
    9
 10
2126.492663647547
 20
375.72118728138548
 11
2124.9545920912296
 21
375.4842679673356
  0
LINE
  8
ADD_LINE
  6
DOT
 62
    9
 10
2124.9545920912296
 20
375.4842679673356
 11
2122.296762244343
 21
375.2546615149804
  0
LINE
  8
ADD_LINE
  6
DOT
 62
    9
 10
2122.296762244343
 20
375.2546615149804
 11
2119.6293899628226
 21
375.21994680871131
  0
LINE
  8
ADD_LINE
  6
DOT
 62
    9
 10
2119.6293899628226
 20
375.21994680871131
 11
2116.9501847147762
 21
375.34345819621058
  0
LINE
  8
ADD_LINE
  6
DOT
 62
    9
 10
2116.9501847147762
 20
375.34345819621058
 11
2114.2568559683114
 21
375.58853002516014
  0
LINE
  8
ADD_LINE
  6
DOT
 62
    9
 10
2114.2568559683114
 20
375.58853002516014
 11
2111.547113191536
 21
375.91849664324218
  0
LINE
  8
ADD_LINE
  6
DOT
 62
    9
 10
2111.547113191536
 20
375.91849664324218
 11
2109.9670388836448
 21
376.13432790048307
  0
LINE
  8
ADD_LINE
  6
DOT
 62
    9
 10
2109.9670388836448
 20
376.13432790048307
 11
2107.5901337347655
 21
376.47881147639498
  0
LINE
  8
ADD_LINE
  6
DOT
 62
    9
 10
2107.5901337347655
 20
376.47881147639498
 11
2103.4928727493066
 21
377.16391214244459
  0
LINE
  8
ADD_LINE
  6
DOT
 62
    9
 10
2103.4928727493066
 20
377.16391214244459
 11
2099.4516510702997
 21
378.03000271651086
  0
LINE
  8
ADD_LINE
  6
DOT
 62
    9
 10
2099.4516510702997
 20
378.03000271651086
 11
2095.530377605462
 21
379.1533542629619
  0
LINE
  8
ADD_LINE
  6
DOT
 62
    9
 10
2095.530377605462
 20
379.1533542629619
 11
2091.7929612625098
 21
380.61023784616555
  0
LINE
  8
ADD_LINE
  6
DOT
 62
    9
 10
2091.7929612625098
 20
380.61023784616555
 11
2088.3033109491598
 21
382.4769245304899
  0
LINE
  8
ADD_LINE
  6
DOT
 62
    9
 10
2088.3033109491598
 20
382.4769245304899
 11
2086.4180235950839
 21
383.77742935378791
  0
LINE
  8
ADD_LINE
  6
DOT
 62
    9
 10
2086.4180235950839
 20
383.77742935378791
 11
2085.746089753944
 21
384.30504040370761
  0
LINE
  8
ADD_LINE
  6
DOT
 62
    9
 10
2085.746089753944
 20
384.30504040370761
 11
2084.6212036603029
 21
385.26583936727354
  0
LINE
  8
ADD_LINE
  6
DOT
 62
    9
 10
2084.6212036603029
 20
385.26583936727354
 11
2083.5321473374365
 21
386.28112253300219
  0
LINE
  8
ADD_LINE
  6
DOT
 62
    9
 10
2083.5321473374365
 20
386.28112253300219
 11
2082.4710976912893
 21
387.33899378688409
  0
LINE
  8
ADD_LINE
  6
DOT
 62
    9
 10
2082.4710976912893
 20
387.33899378688409
 11
2081.4302316278054
 21
388.42755701491006
  0
LINE
  8
ADD_LINE
  6
DOT
 62
    9
 10
2081.4302316278054
 20
388.42755701491006
 11
2080.401726052929
 21
389.53491610307077
  0
LINE
  8
ADD_LINE
  6
DOT
 62
    9
 10
2080.401726052929
 20
389.53491610307077
 11
2079.8077736895225
 21
390.18110894980009
  0
TEXT
  8
_0-2_タイトル
 62
    7
 10
861.64579500000002
 20
38.871104999999986
 40
12
 41
0.9416666666666667
 50
0
  1
No.001
  0
TEXT
  8
_0-2_タイトル
 62
    7
 10
1022.085095
 20
49.053635
 40
12
 41
0.9500000000000001
 50
0
  1
Ver 1.0
  0
TEXT
  8
_0-2_タイトル
 62
    7
 10
862.79898000000003
 20
105.11640999999997
 40
16.699999999999999
 41
1
 50
0
  1
防災棟　木造
  0
TEXT
  8
_0-2_タイトル
 62
    7
 10
862.52609695682952
 20
72.689608398207
 40
16.699999999999999
 41
1.0000000000000002
 50
0
  1
ＭＢＫ工法 大棟　一般部
  0
TEXT
  8
_0-2_タイトル
 62
    7
 10
1022.1774849999999
 20
32.840155000000024
 40
12
 41
0.9533333333333332
 50
0
  1
2016.01.16 更新
  0
TEXT
  8
_0-2_タイトル
 62
    7
 10
941.69139999999993
 20
36.308990000000065
 40
14
 41
1
 50
0
  1
S=1/5
  0
TEXT
  8
_0-2_タイトル
 62
    7
 10
2507.0850949999999
 20
49.053635
 40
12
 41
0.9500000000000001
 50
0
  1
Ver 1.0
  0
TEXT
  8
_0-2_タイトル
 62
    7
 10
2347.79898
 20
105.11640999999997
 40
16.699999999999999
 41
1
 50
0
  1
防災棟　木造
  0
TEXT
  8
_0-2_タイトル
 62
    7
 10
2507.1774850000002
 20
32.840155000000024
 40
12
 41
0.9533333333333332
 50
0
  1
2016.01.16 更新
  0
TEXT
  8
_0-2_タイトル
 62
    7
 10
2426.6914000000002
 20
36.308990000000065
 40
14
 41
1
 50
0
  1
S=1/5
  0
TEXT
  8
_0-2_タイトル
 62
    7
 10
3992.0850949999999
 20
49.053635
 40
12
 41
0.9500000000000001
 50
0
  1
Ver 1.0
  0
TEXT
  8
_0-2_タイトル
 62
    7
 10
3832.79898
 20
105.11640999999997
 40
16.699999999999999
 41
1
 50
0
  1
防災棟　木造
  0
TEXT
  8
_0-2_タイトル
 62
    7
 10
3992.1774849999997
 20
32.840155000000024
 40
12
 41
0.9533333333333332
 50
0
  1
2016.01.16 更新
  0
TEXT
  8
_0-2_タイトル
 62
    7
 10
3911.6913999999997
 20
36.308990000000065
 40
14
 41
1
 50
0
  1
S=1/5
  0
TEXT
  8
_0-2_タイトル
 62
    7
 10
2346.6457949999999
 20
38.871104999999986
 40
12
 41
0.9416666666666667
 50
0
  1
No.002
  0
TEXT
  8
_0-2_タイトル
 62
    7
 10
2347.5260969568299
 20
72.689608398207
 40
16.699999999999999
 41
1.0000000000000002
 50
0
  1
ＭＢＫ工法 大棟　換気部
  0
TEXT
  8
_0-2_タイトル
 62
    7
 10
3831.6457949999999
 20
38.871104999999986
 40
12
 41
0.9416666666666667
 50
0
  1
No.003
  0
TEXT
  8
_0-2_タイトル
 62
    7
 10
3832.5260969568299
 20
72.689608398207
 40
16.699999999999999
 41
1.0000000000000002
 50
0
  1
ＭＢＫ工法 隅棟
  0
LINE
  8
_0-5_躯体
  6
CONTINUOUS
 62
    3
 10
751.59772951004345
 20
351.36889949678402
 11
752.82876451004336
 21
348.63311949678405
  0
LINE
  8
_0-5_躯体
  6
CONTINUOUS
 62
    3
 10
779.01539451004339
 20
351.36889949678402
 11
777.78435451004339
 21
348.63311949678405
  0
LINE
  8
_0-5_躯体
  6
CONTINUOUS
 62
    3
 10
779.01539451004339
 20
351.36889949678402
 11
930.02319451004337
 21
283.41500949678402
  0
INSERT
  2
-007-のし受け台座通気穴なし_断面_
  8
_0-6_副資材
 10
765.25022291015534
 20
414.99768059949122
 41
10
 42
10
 50
0
  0
INSERT
  2
-000-防災大熨斗_断面_
  8
_0-7_瓦
 10
765.31304630985971
 20
370.79418539218915
 41
0.2
 42
0.2
 50
0
  0
INSERT
  2
-000-防災大熨斗_断面_
  8
_0-7_瓦
 10
765.31304630985971
 20
396.3516973088515
 41
0.2
 42
0.2
 50
0
  0
INSERT
  2
-001-防災小熨斗_断面_
  8
_0-7_瓦
 10
765.2110219778865
 20
436.42320330942141
 41
0.1
 42
0.1
 50
0
  0
INSERT
  2
-001-防災小熨斗_断面_
  8
_0-7_瓦
 10
765.2110219778865
 20
461.66191002559015
 41
0.1
 42
0.1
 50
0
  0
INSERT
  2
-001-防災小熨斗_断面_
  8
_0-7_瓦
 10
765.2110219778865
 20
486.90061674175894
 41
0.1
 42
0.1
 50
0
  0
INSERT
  2
-002-5寸丸紐付_正面_
  8
_0-7_瓦
 10
765.24645896135917
 20
553.62795165384375
 41
0.8
 42
0.8
 50
0
  0
INSERT
  2
-003-押さえ木
  8
_0-6_副資材
 10
765.24645896135917
 20
589.25561102265272
 41
1
 42
1
 50
0
  0
INSERT
  2
-004-らくちんスリムビス180mm
  8
_0-6_副資材
 10
765.24645896135917
 20
596.75559852265269
 41
0.02
 42
0.02
 50
0
  0
INSERT
  2
-005-らくちんスリムビス55mm
  8
_0-6_副資材
 10
765.24933828497421
 20
605.87845640620651
 41
0.02
 42
0.02
 50
0
  0
LINE
  8
_0-5_躯体
  6
CONTINUOUS
 62
    3
 10
765.30660451004337
 20
341.08844449678406
 11
893.46918951004341
 21
283.41500949678402
  0
LINE
  8
_0-5_躯体
  6
CONTINUOUS
 62
    3
 10
763.66489951004337
 20
344.73654949678405
 11
627.39566451004339
 21
283.41500949678402
  0
LINE
  8
_0-5_躯体
  6
CONTINUOUS
 62
    3
 10
762.02345451004351
 20
348.38421449678407
 11
617.64826951004341
 21
283.41500949678402
  0
LINE
  8
_0-5_躯体
  6
CONTINUOUS
 62
    3
 10
760.3820145100434
 20
352.03188449678407
 11
607.90087951004341
 21
283.41500949678402
  0
LINE
  8
_0-5_躯体
  6
CONTINUOUS
 62
    3
 10
768.58975451004335
 20
348.38434949678407
 11
912.96519951004348
 21
283.41500949678402
  0
LINE
  8
_0-5_躯体
  6
CONTINUOUS
 62
    3
 10
766.94830951004349
 20
344.73663949678405
 11
903.21784951004349
 21
283.41500949678402
  0
LINE
  8
_0-5_躯体
  6
CONTINUOUS
 62
    3
 10
760.38218951004342
 20
352.03148949678405
 11
765.30660451004337
 21
341.08844449678406
  0
LINE
  8
_0-5_躯体
  6
CONTINUOUS
 62
    3
 10
770.23119951004344
 20
352.03201449678409
 11
922.71263951004346
 21
283.41500949678402
  0
LINE
  8
_0-5_躯体
  6
CONTINUOUS
 62
    3
 10
770.23119951004344
 20
352.03201449678409
 11
765.30660451004337
 21
341.08844449678406
  0
LINE
  8
_0-5_躯体
  6
CONTINUOUS
 62
    3
 10
765.30660451004337
 20
341.08844449678406
 11
637.14397451004345
 21
283.41500949678402
  0
INSERT
  2
-021-棟一番自在台_前面__1_
  8
_0-6_副資材
 10
765.30662451004343
 20
377.48896949678408
 41
0.4
 42
0.4
 50
0
  0
LINE
  8
_0-5_躯体
  6
CONTINUOUS
 62
    3
 10
801.15536951004344
 20
341.40584949678407
 11
820.30571451004346
 21
332.78827449678408
  0
LINE
  8
_0-5_躯体
  6
CONTINUOUS
 62
    3
 10
807.3107395100435
 20
355.08471949678409
 11
820.30571451004346
 21
332.78827449678408
  0
LINE
  8
_0-5_躯体
  6
CONTINUOUS
 62
    3
 10
807.3107395100435
 20
355.08471949678409
 11
801.15536951004344
 21
341.40584949678407
  0
LINE
  8
_0-5_躯体
  6
CONTINUOUS
 62
    3
 10
826.46117451004341
 20
346.46705449678404
 11
807.3107395100435
 21
355.08471949678409
  0
LINE
  8
_0-5_躯体
  6
CONTINUOUS
 62
    3
 10
820.30571451004346
 20
332.78827449678408
 11
826.46117451004341
 21
346.46705449678404
  0
LINE
  8
_0-5_躯体
  6
CONTINUOUS
 62
    3
 10
710.3074495100434
 20
332.78827449678408
 11
704.15203451004345
 21
346.46705449678404
  0
LINE
  8
_0-5_躯体
  6
CONTINUOUS
 62
    3
 10
704.15203451004345
 20
346.46705449678404
 11
723.30242951004334
 21
355.08471949678409
  0
LINE
  8
_0-5_躯体
  6
CONTINUOUS
 62
    3
 10
723.30242951004334
 20
355.08471949678409
 11
729.45783951004341
 21
341.40584949678407
  0
LINE
  8
_0-5_躯体
  6
CONTINUOUS
 62
    3
 10
729.45783951004341
 20
341.40584949678407
 11
710.3074495100434
 21
332.78827449678408
  0
LINE
  8
_0-5_躯体
  6
CONTINUOUS
 62
    3
 10
723.30242951004334
 20
355.08471949678409
 11
710.3074495100434
 21
332.78827449678408
  0
LINE
  8
_0-3_文字
  6
CONTINUOUS
 62
    7
 10
763.86438749805257
 20
637.66844095305476
 11
840.77521552353016
 21
714.57926897853235
  0
LINE
  8
_0-3_文字
  6
CONTINUOUS
 62
    7
 10
840.77521552353016
 20
714.57926897853235
 11
868.64145756174685
 21
714.57926897853235
  0
LINE
  8
_0-3_文字
  6
CONTINUOUS
 62
    7
 10
773.45605450279902
 20
604.97441685471404
 11
840.17529260576464
 21
671.69365495767966
  0
LINE
  8
_0-3_文字
  6
CONTINUOUS
 62
    7
 10
779.41978528295238
 20
589.31962355681151
 11
835.70249452064968
 21
645.60233279450881
  0
LINE
  8
_0-3_文字
  6
CONTINUOUS
 62
    7
 10
717.54607843886129
 20
643.73866692571085
 11
666.85436680755788
 21
694.43037855701436
  0
LINE
  8
_0-3_文字
  6
CONTINUOUS
 62
    7
 10
659.39970333236613
 20
514.02752245737543
 11
600.8805950521114
 21
572.54663073763015
  0
LINE
  8
_0-3_文字
  6
CONTINUOUS
 62
    7
 10
630.32651577911861
 20
446.19008483313104
 11
586.71673444924727
 21
489.79986616300238
  0
LINE
  8
_0-3_文字
  6
CONTINUOUS
 62
    7
 10
777.92885258791421
 20
452.89928196080353
 11
903.16719897113455
 21
578.13762834402394
  0
LINE
  8
_0-3_文字
  6
CONTINUOUS
 62
    7
 10
767.49232372264578
 20
399.22570493942339
 11
891.23973741082773
 21
522.97311862760546
  0
LINE
  8
_0-3_文字
  6
CONTINUOUS
 62
    7
 10
842.78442482208175
 20
423.82609440755596
 11
899.06713405977916
 21
480.1088036452532
  0
LINE
  8
_0-3_文字
  6
CONTINUOUS
 62
    7
 10
869.62121333277196
 20
375.37078181880992
 11
930.00398748182465
 21
435.75355596786267
  0
LINE
  8
_0-3_文字
  6
CONTINUOUS
 62
    7
 10
840.17529260576464
 20
671.69365495767966
 11
865.14841524765689
 21
671.69365495767966
  0
LINE
  8
_0-3_文字
  6
CONTINUOUS
 62
    7
 10
835.70249452064968
 20
645.60233279450881
 11
862.91201620509935
 21
645.60233279450881
  0
LINE
  8
_0-3_文字
  6
CONTINUOUS
 62
    7
 10
903.16719897113455
 20
578.13762834402394
 11
927.76758843926712
 21
578.13762834402394
  0
LINE
  8
_0-3_文字
  6
CONTINUOUS
 62
    7
 10
891.23973741082773
 20
522.97311862760546
 11
915.84012687896029
 21
522.97311862760546
  0
LINE
  8
_0-3_文字
  6
CONTINUOUS
 62
    7
 10
899.06713405977916
 20
480.1088036452532
 11
921.05839131159451
 21
480.1088036452532
  0
LINE
  8
_0-3_文字
  6
CONTINUOUS
 62
    7
 10
930.00398748182465
 20
435.75355596786267
 11
955.34984329747635
 21
435.75355596786267
  0
LINE
  8
_0-3_文字
  6
CONTINUOUS
 62
    7
 10
666.85436680755788
 20
694.43037855701436
 11
643.7449100344636
 21
694.43037855701436
  0
LINE
  8
_0-3_文字
  6
CONTINUOUS
 62
    7
 10
600.8805950521114
 20
572.54663073763015
 11
577.39840510525755
 21
572.54663073763015
  0
LINE
  8
_0-3_文字
  6
CONTINUOUS
 62
    7
 10
586.71673444924727
 20
489.79986616300238
 11
564.7254771974317
 21
489.79986616300238
  0
TEXT
  8
_0-3_文字
 62
    7
 10
469.30578471497813
 20
480.48153681901283
 40
17.5
 41
1
 50
0
  1
防災大熨斗
  0
TEXT
  8
_0-3_文字
 62
    7
 10
484.21511166536152
 20
563.9737677411598
 40
17.5
 41
1
 50
0
  1
防災小熨斗
  0
TEXT
  8
_0-3_文字
 62
    7
 10
245.29314728546774
 20
719.4035011989065
 40
15
 41
1
 50
0
  1
100
  0
TEXT
  8
_0-3_文字
 62
    7
 10
190.50137074280877
 20
678.03011891159258
 40
15
 41
1
 50
0
  1
45
  0
LINE
  8
_0-4_寸法
  6
CONTINUOUS
 62
    7
 10
690.67809990676494
 20
771.16351738166838
 11
839.83557876058853
 21
771.16351738166838
  0
POINT
  8
_0-4_寸法
 62
    7
 10
690.67809990676494
 20
771.16351738166838
  0
POINT
  8
_0-4_寸法
 62
    7
 10
839.83557876058853
 20
771.16351738166838
  0
LINE
  8
_0-4_寸法
  6
CONTINUOUS
 62
    7
 10
690.67809990676494
 20
771.16351738166838
 11
690.67809990676494
 21
758.4834897943424
  0
LINE
  8
_0-4_寸法
  6
CONTINUOUS
 62
    7
 10
839.83557876058853
 20
771.16351738166838
 11
839.83557876058853
 21
758.4834897943424
  0
LINE
  8
_0-4_寸法
  6
CONTINUOUS
 62
    7
 10
665.45600097788656
 20
829.22469633416142
 11
864.99349197788661
 21
829.22469633416142
  0
POINT
  8
_0-4_寸法
 62
    7
 10
665.45600097788656
 20
829.22469633416142
  0
POINT
  8
_0-4_寸法
 62
    7
 10
864.99349197788661
 20
829.22469633416142
  0
LINE
  8
_0-4_寸法
  6
CONTINUOUS
 62
    7
 10
665.45600097788656
 20
829.22469633416142
 11
665.45600097788656
 21
814.54255912778376
  0
LINE
  8
_0-4_寸法
  6
CONTINUOUS
 62
    7
 10
864.99349197788661
 20
829.22469633416142
 11
864.99349197788661
 21
814.54255912778376
  0
TEXT
  8
_0-4_寸法
 62
    7
 10
752.72474647788658
 20
831.72469633416142
 40
15
 41
1
 50
0
  1
200
  0
LINE
  8
_0-4_寸法
  6
CONTINUOUS
 62
    7
 10
635.34017655985974
 20
886.61850541363719
 11
895.24029155985977
 21
886.61850541363719
  0
POINT
  8
_0-4_寸法
 62
    7
 10
635.34017655985974
 20
886.61850541363719
  0
POINT
  8
_0-4_寸法
 62
    7
 10
895.24029155985977
 20
886.61850541363719
  0
LINE
  8
_0-4_寸法
  6
CONTINUOUS
 62
    7
 10
635.34017655985974
 20
886.61850541363719
 11
635.34017655985974
 21
871.93636820725965
  0
LINE
  8
_0-4_寸法
  6
CONTINUOUS
 62
    7
 10
895.24029155985977
 20
886.61850541363719
 11
895.24029155985977
 21
871.93636820725965
  0
TEXT
  8
_0-4_寸法
 62
    7
 10
752.7902340598597
 20
889.11850541363719
 40
15
 41
1
 50
0
  1
260
  0
TEXT
  8
_0-4_寸法
 62
    7
 10
752.75683933367668
 20
773.66351738166838
 40
15
 41
1
 50
0
  1
150
  0
LINE
  8
_0-4_寸法
  6
CONTINUOUS
 62
    7
 10
1260.9928217571533
 20
561.6195330650437
 11
1260.9928217571533
 21
624.94619834169032
  0
POINT
  8
_0-4_寸法
 62
    7
 10
1260.9928217571533
 20
561.6195330650437
  0
POINT
  8
_0-4_寸法
 62
    7
 10
1260.9928217571533
 20
624.94619834169032
  0
LINE
  8
_0-4_寸法
  6
CONTINUOUS
 62
    7
 10
1260.9928217571533
 20
561.6195330650437
 11
1246.6932059447984
 21
561.6195330650437
  0
LINE
  8
_0-4_寸法
  6
CONTINUOUS
 62
    7
 10
1260.9928217571533
 20
624.94619834169032
 11
1246.6932059447984
 21
624.94619834169032
  0
TEXT
  8
_0-4_寸法
 62
    7
 10
1258.4928217571533
 20
585.15786570336695
 40
15
 41
1
 50
90
  1
65
  0
TEXT
  8
_0-3_文字
 62
    7
 10
933.73131921942047
 20
471.5359406487828
 40
17.5
 41
1
 50
0
  1
のし瓦受け台座(専用板金) 大棟用
  0
TEXT
  8
_0-3_文字
 62
    7
 10
579.23168789808915
 20
685.50955414012742
 40
17.5
 41
1
 50
0
  1
5寸紐丸
  0
TEXT
  8
_0-3_文字
 62
    7
 10
941.93144904213125
 20
569.19203217379402
 40
17.5
 41
1
 50
0
  1
棟芯材(防腐処理) 40×40
  0
LINE
  8
_0-3_文字
  6
CONTINUOUS
 62
    7
 10
316.18505016424086
 20
710.1629313436224
 11
216.18505016424086
 21
710.1629313436224
  0
LINE
  8
_0-3_文字
  6
CONTINUOUS
 62
    7
 10
216.18505016424086
 20
710.1629313436224
 11
216.18505016424086
 21
665.1629313436224
  0
LINE
  8
_0-3_文字
  6
CONTINUOUS
 62
    7
 10
316.18505016424086
 20
710.1629313436224
 11
216.18505016424086
 21
665.1629313436224
  0
INSERT
  2
-006-棟一番自在受けF90_前面_
  8
_0-6_副資材
 10
765.30658201004348
 20
413.09193449678418
 41
0.4
 42
0.4
 50
0
  0
INSERT
  2
-008-棟芯材
  8
_0-6_副資材
 10
765.30658201004348
 20
421.09193449678406
 41
1
 42
1
 50
0
  0
TEXT
  8
_0-3_文字
 62
    7
 10
-1286.61623433366
 20
757.88187101992492
 40
17.5
 41
1
 50
0
  1
　レイヤ0　　　用紙枠
  0
TEXT
  8
_0-3_文字
 62
    7
 10
-1286.61623433366
 20
737.88187101992492
 40
17.5
 41
1
 50
0
  1
　レイヤ1　　　補助線
  0
TEXT
  8
_0-3_文字
 62
    7
 10
-1286.61623433366
 20
717.88187101992492
 40
17.5
 41
1
 50
0
  1
　レイヤ2　　　タイトル
  0
TEXT
  8
_0-3_文字
 62
    7
 10
-1286.61623433366
 20
697.88187101992492
 40
17.5
 41
1
 50
0
  1
　レイヤ3　　　文字
  0
TEXT
  8
_0-3_文字
 62
    7
 10
-1286.61623433366
 20
677.88187101992492
 40
17.5
 41
1
 50
0
  1
　レイヤ4　　　寸法
  0
TEXT
  8
_0-3_文字
 62
    7
 10
-1286.1035656606239
 20
657.20007401001681
 40
17.5
 41
1
 50
0
  1
　レイヤ5　　　躯体
  0
TEXT
  8
_0-3_文字
 62
    7
 10
-1286.1035656606239
 20
637.20007401001692
 40
17.5
 41
1
 50
0
  1
　レイヤ6　　　副資材
  0
TEXT
  8
_0-3_文字
 62
    7
 10
-1286.1035656606239
 20
617.20007401001692
 40
17.5
 41
1
 50
0
  1
　レイヤ7　　　瓦
  0
TEXT
  8
_0-3_文字
 62
    7
 10
-1286.61623433366
 20
777.88187101992492
 40
17.5
 41
1
 50
0
  1
レイヤ設定
  0
TEXT
  8
_0-3_文字
 62
    7
 10
-1282.5982193336599
 20
830.04071601992473
 40
17.5
 41
1
 50
0
  1
縮尺　　　　S=1/5
  0
TEXT
  8
_0-3_文字
 62
    7
 10
-1282.5982193336599
 20
850.04071601992473
 40
17.5
 41
1
 50
0
  1
図面サイズ　A4
  0
TEXT
  8
_0-3_文字
 62
    7
 10
-1327.5050193336599
 20
906.26102101992478
 40
25
 41
1
 50
0
  1
防災棟　木造 
  0
TEXT
  8
_0-3_文字
 62
    7
 10
-1195.6757893336601
 20
883.21355101992481
 40
25
 41
1
 50
0
  1
ＭＢＫ工法
  0
LINE
  8
_0-3_文字
  6
CONTINUOUS
 62
    5
 10
2144.9982895100438
 20
308.53498949678402
 11
2145.5447345100438
 21
307.29297449678404
  0
INSERT
  2
-000-防災大熨斗_断面_
  8
_0-7_瓦
 10
2250.3130463098596
 20
370.79418539218915
 41
0.2
 42
0.2
 50
0
  0
INSERT
  2
-000-防災大熨斗_断面_
  8
_0-7_瓦
 10
2250.3130463098596
 20
396.3516973088515
 41
0.2
 42
0.2
 50
0
  0
INSERT
  2
-001-防災小熨斗_断面_
  8
_0-7_瓦
 10
2250.2110219778865
 20
436.42320330942141
 41
0.1
 42
0.1
 50
0
  0
INSERT
  2
-001-防災小熨斗_断面_
  8
_0-7_瓦
 10
2250.2110219778865
 20
461.66191002559015
 41
0.1
 42
0.1
 50
0
  0
INSERT
  2
-001-防災小熨斗_断面_
  8
_0-7_瓦
 10
2250.2110219778865
 20
486.90061674175894
 41
0.1
 42
0.1
 50
0
  0
INSERT
  2
-002-5寸丸紐付_正面_
  8
_0-7_瓦
 10
2250.2464589613592
 20
553.62795165384375
 41
0.8
 42
0.8
 50
0
  0
INSERT
  2
-003-押さえ木
  8
_0-6_副資材
 10
2250.2464589613592
 20
589.25561102265272
 41
1
 42
1
 50
0
  0
INSERT
  2
-004-らくちんスリムビス180mm
  8
_0-6_副資材
 10
2250.2464589613592
 20
596.75559852265269
 41
0.02
 42
0.02
 50
0
  0
INSERT
  2
-005-らくちんスリムビス55mm
  8
_0-6_副資材
 10
2250.2493382849743
 20
605.87845640620651
 41
0.02
 42
0.02
 50
0
  0
INSERT
  2
-016-防水シ__ト_1_
  8
_0-6_副資材
 10
2250.3065640100435
 20
432.09879049678409
 41
1
 42
1
 50
0
  0
LINE
  8
_0-5_躯体
  6
CONTINUOUS
 62
    3
 10
2286.1553695100433
 20
341.40584949678407
 11
2305.3057145100433
 21
332.78827449678408
  0
LINE
  8
_0-5_躯体
  6
CONTINUOUS
 62
    3
 10
2292.3107395100437
 20
355.08471949678409
 11
2305.3057145100433
 21
332.78827449678408
  0
LINE
  8
_0-5_躯体
  6
CONTINUOUS
 62
    3
 10
2292.3107395100437
 20
355.08471949678409
 11
2286.1553695100433
 21
341.40584949678407
  0
LINE
  8
_0-5_躯体
  6
CONTINUOUS
 62
    3
 10
2311.4611745100433
 20
346.46705449678404
 11
2292.3107395100437
 21
355.08471949678409
  0
LINE
  8
_0-5_躯体
  6
CONTINUOUS
 62
    3
 10
2305.3057145100433
 20
332.78827449678408
 11
2311.4611745100433
 21
346.46705449678404
  0
LINE
  8
_0-5_躯体
  6
CONTINUOUS
 62
    3
 10
2195.3074495100432
 20
332.78827449678408
 11
2189.1520345100434
 21
346.46705449678404
  0
LINE
  8
_0-5_躯体
  6
CONTINUOUS
 62
    3
 10
2189.1520345100434
 20
346.46705449678404
 11
2208.3024295100431
 21
355.08471949678409
  0
LINE
  8
_0-5_躯体
  6
CONTINUOUS
 62
    3
 10
2208.3024295100431
 20
355.08471949678409
 11
2214.4578395100434
 21
341.40584949678407
  0
LINE
  8
_0-5_躯体
  6
CONTINUOUS
 62
    3
 10
2214.4578395100434
 20
341.40584949678407
 11
2195.3074495100432
 21
332.78827449678408
  0
LINE
  8
_0-5_躯体
  6
CONTINUOUS
 62
    3
 10
2208.3024295100431
 20
355.08471949678409
 11
2195.3074495100432
 21
332.78827449678408
  0
LINE
  8
_0-3_文字
  6
CONTINUOUS
 62
    7
 10
2248.8643874980526
 20
637.66844095305476
 11
2325.7752155235303
 21
714.57926897853235
  0
LINE
  8
_0-3_文字
  6
CONTINUOUS
 62
    7
 10
2325.7752155235303
 20
714.57926897853235
 11
2353.6414575617468
 21
714.57926897853235
  0
LINE
  8
_0-3_文字
  6
CONTINUOUS
 62
    7
 10
2258.4560545027994
 20
604.97441685471404
 11
2325.1752926057648
 21
671.69365495767966
  0
LINE
  8
_0-3_文字
  6
CONTINUOUS
 62
    7
 10
2264.4197852829525
 20
589.31962355681151
 11
2320.7024945206499
 21
645.60233279450881
  0
LINE
  8
_0-3_文字
  6
CONTINUOUS
 62
    7
 10
2202.5460784388615
 20
643.73866692571085
 11
2151.8543668075581
 21
694.43037855701436
  0
LINE
  8
_0-3_文字
  6
CONTINUOUS
 62
    7
 10
2144.3997033323662
 20
514.02752245737543
 11
2085.8805950521114
 21
572.54663073763015
  0
LINE
  8
_0-3_文字
  6
CONTINUOUS
 62
    7
 10
2115.3265157791184
 20
446.19008483313104
 11
2071.7167344492473
 21
489.79986616300238
  0
LINE
  8
_0-3_文字
  6
CONTINUOUS
 62
    7
 10
2262.9288525879142
 20
452.89928196080353
 11
2388.1671989711344
 21
578.13762834402394
  0
LINE
  8
_0-3_文字
  6
CONTINUOUS
 62
    7
 10
2327.7844248220817
 20
423.82609440755596
 11
2384.0671340597792
 21
480.1088036452532
  0
LINE
  8
_0-3_文字
  6
CONTINUOUS
 62
    7
 10
2354.6212133327717
 20
375.37078181880992
 11
2415.0039874818244
 21
435.75355596786267
  0
LINE
  8
_0-3_文字
  6
CONTINUOUS
 62
    7
 10
2325.1752926057648
 20
671.69365495767966
 11
2350.1484152476569
 21
671.69365495767966
  0
LINE
  8
_0-3_文字
  6
CONTINUOUS
 62
    7
 10
2320.7024945206499
 20
645.60233279450881
 11
2347.9120162050995
 21
645.60233279450881
  0
LINE
  8
_0-3_文字
  6
CONTINUOUS
 62
    7
 10
2388.1671989711344
 20
578.13762834402394
 11
2412.767588439267
 21
578.13762834402394
  0
LINE
  8
_0-3_文字
  6
CONTINUOUS
 62
    7
 10
2384.0671340597792
 20
480.1088036452532
 11
2406.0583913115947
 21
480.1088036452532
  0
LINE
  8
_0-3_文字
  6
CONTINUOUS
 62
    7
 10
2415.0039874818244
 20
435.75355596786267
 11
2440.3498432974761
 21
435.75355596786267
  0
LINE
  8
_0-3_文字
  6
CONTINUOUS
 62
    7
 10
2151.8543668075581
 20
694.43037855701436
 11
2128.7449100344638
 21
694.43037855701436
  0
LINE
  8
_0-3_文字
  6
CONTINUOUS
 62
    7
 10
2085.8805950521114
 20
572.54663073763015
 11
2062.3984051052576
 21
572.54663073763015
  0
LINE
  8
_0-3_文字
  6
CONTINUOUS
 62
    7
 10
2071.7167344492473
 20
489.79986616300238
 11
2049.7254771974317
 21
489.79986616300238
  0
TEXT
  8
_0-3_文字
 62
    7
 10
1954.3057847149782
 20
480.48153681901283
 40
17.5
 41
1
 50
0
  1
防災大熨斗
  0
TEXT
  8
_0-3_文字
 62
    7
 10
1969.2151116653617
 20
563.9737677411598
 40
17.5
 41
1
 50
0
  1
防災小熨斗
  0
TEXT
  8
_0-3_文字
 62
    7
 10
1730.2931472854677
 20
719.4035011989065
 40
15
 41
1
 50
0
  1
100
  0
TEXT
  8
_0-3_文字
 62
    7
 10
1675.5013707428088
 20
678.03011891159258
 40
15
 41
1
 50
0
  1
45
  0
LINE
  8
_0-4_寸法
  6
CONTINUOUS
 62
    7
 10
2175.6780999067651
 20
771.16351738166838
 11
2324.8355787605888
 21
771.16351738166838
  0
POINT
  8
_0-4_寸法
 62
    7
 10
2175.6780999067651
 20
771.16351738166838
  0
POINT
  8
_0-4_寸法
 62
    7
 10
2324.8355787605888
 20
771.16351738166838
  0
LINE
  8
_0-4_寸法
  6
CONTINUOUS
 62
    7
 10
2175.6780999067651
 20
771.16351738166838
 11
2175.6780999067651
 21
758.4834897943424
  0
LINE
  8
_0-4_寸法
  6
CONTINUOUS
 62
    7
 10
2324.8355787605888
 20
771.16351738166838
 11
2324.8355787605888
 21
758.4834897943424
  0
LINE
  8
_0-4_寸法
  6
CONTINUOUS
 62
    7
 10
2150.4560009778866
 20
829.22469633416142
 11
2349.9934919778866
 21
829.22469633416142
  0
POINT
  8
_0-4_寸法
 62
    7
 10
2150.4560009778866
 20
829.22469633416142
  0
POINT
  8
_0-4_寸法
 62
    7
 10
2349.9934919778866
 20
829.22469633416142
  0
LINE
  8
_0-4_寸法
  6
CONTINUOUS
 62
    7
 10
2150.4560009778866
 20
829.22469633416142
 11
2150.4560009778866
 21
814.54255912778376
  0
LINE
  8
_0-4_寸法
  6
CONTINUOUS
 62
    7
 10
2349.9934919778866
 20
829.22469633416142
 11
2349.9934919778866
 21
814.54255912778376
  0
TEXT
  8
_0-4_寸法
 62
    7
 10
2237.7247464778866
 20
831.72469633416142
 40
15
 41
1
 50
0
  1
200
  0
LINE
  8
_0-4_寸法
  6
CONTINUOUS
 62
    7
 10
2120.3401765598596
 20
886.61850541363719
 11
2380.2402915598595
 21
886.61850541363719
  0
POINT
  8
_0-4_寸法
 62
    7
 10
2120.3401765598596
 20
886.61850541363719
  0
POINT
  8
_0-4_寸法
 62
    7
 10
2380.2402915598595
 20
886.61850541363719
  0
LINE
  8
_0-4_寸法
  6
CONTINUOUS
 62
    7
 10
2120.3401765598596
 20
886.61850541363719
 11
2120.3401765598596
 21
871.93636820725965
  0
LINE
  8
_0-4_寸法
  6
CONTINUOUS
 62
    7
 10
2380.2402915598595
 20
886.61850541363719
 11
2380.2402915598595
 21
871.93636820725965
  0
TEXT
  8
_0-4_寸法
 62
    7
 10
2237.7902340598598
 20
889.11850541363719
 40
15
 41
1
 50
0
  1
260
  0
TEXT
  8
_0-4_寸法
 62
    7
 10
2237.7568393336769
 20
773.66351738166838
 40
15
 41
1
 50
0
  1
150
  0
LINE
  8
_0-4_寸法
  6
CONTINUOUS
 62
    7
 10
2745.9928217571533
 20
561.6195330650437
 11
2745.9928217571533
 21
624.94619834169032
  0
POINT
  8
_0-4_寸法
 62
    7
 10
2745.9928217571533
 20
561.6195330650437
  0
POINT
  8
_0-4_寸法
 62
    7
 10
2745.9928217571533
 20
624.94619834169032
  0
LINE
  8
_0-4_寸法
  6
CONTINUOUS
 62
    7
 10
2745.9928217571533
 20
561.6195330650437
 11
2731.6932059447981
 21
561.6195330650437
  0
LINE
  8
_0-4_寸法
  6
CONTINUOUS
 62
    7
 10
2745.9928217571533
 20
624.94619834169032
 11
2731.6932059447981
 21
624.94619834169032
  0
TEXT
  8
_0-4_寸法
 62
    7
 10
2743.4928217571533
 20
585.15786570336695
 40
15
 41
1
 50
90
  1
65
  0
TEXT
  8
_0-3_文字
 62
    7
 10
2064.2316878980891
 20
685.50955414012742
 40
17.5
 41
1
 50
0
  1
5寸紐丸
  0
TEXT
  8
_0-3_文字
 62
    7
 10
2426.9314490421311
 20
569.19203217379402
 40
17.5
 41
1
 50
0
  1
棟芯材(防腐処理) 40×40
  0
LINE
  8
_0-3_文字
  6
CONTINUOUS
 62
    7
 10
1801.1850501642407
 20
710.1629313436224
 11
1701.1850501642407
 21
710.1629313436224
  0
LINE
  8
_0-3_文字
  6
CONTINUOUS
 62
    7
 10
1701.1850501642407
 20
710.1629313436224
 11
1701.1850501642407
 21
665.1629313436224
  0
LINE
  8
_0-3_文字
  6
CONTINUOUS
 62
    7
 10
1801.1850501642407
 20
710.1629313436224
 11
1701.1850501642407
 21
665.1629313436224
  0
INSERT
  2
-008-棟芯材
  8
_0-6_副資材
 10
2250.3065820100433
 20
421.09193449678406
 41
1
 42
1
 50
0
  0
INSERT
  2
-009-SS850
  8
_0-6_副資材
 10
2250.3162245100434
 20
364.03342818582786
 41
0.2
 42
0.2
 50
0
  0
LINE
  8
_0-3_文字
  6
CONTINUOUS
 62
    7
 10
2249.749533449633
 20
393.17670088036027
 11
2373.4969471378149
 21
516.92411456854234
  0
LINE
  8
_0-3_文字
  6
CONTINUOUS
 62
    7
 10
2373.4969471378149
 20
516.92411456854234
 11
2398.0973366059475
 21
516.92411456854234
  0
TEXT
  8
_0-3_文字
 62
    7
 10
2413.0066635563307
 20
507.9785183983123
 40
17.5
 41
1
 50
0
  1
換気棟 SS850J
  0
LINE
  8
_0-5_躯体
  6
CONTINUOUS
 62
    3
 10
2236.6304659401135
 20
348.08692221309173
 11
2241.5548809401134
 21
337.14387721309163
  0
LINE
  8
_0-5_躯体
  6
CONTINUOUS
 62
    3
 10
2263.9855617864441
 20
348.09253097609064
 11
2259.0609667864442
 21
337.14896097609062
  0
LINE
  8
_0-5_躯体
  6
CONTINUOUS
 62
    3
 10
2236.6279419939247
 20
348.09253095262619
 11
2092.9008795100435
 21
283.41500949678402
  0
LINE
  8
_0-5_躯体
  6
CONTINUOUS
 62
    3
 10
2238.2694045635758
 20
344.44486948017129
 11
2102.6482695100435
 21
283.41500949678402
  0
LINE
  8
_0-5_躯体
  6
CONTINUOUS
 62
    3
 10
2239.9108663047678
 20
340.79720986991492
 11
2112.3956645100434
 21
283.41500949678402
  0
LINE
  8
_0-5_躯体
  6
CONTINUOUS
 62
    3
 10
2241.5525328863591
 20
337.14909508756944
 11
2122.1439745100433
 21
283.41500949678402
  0
LINE
  8
_0-5_躯体
  6
CONTINUOUS
 62
    3
 10
2259.0609675101728
 20
337.14896258438057
 11
2378.4691895100432
 21
283.41500949678402
  0
LINE
  8
_0-5_躯体
  6
CONTINUOUS
 62
    3
 10
2260.7026538215505
 20
340.79716290676356
 11
2388.2178495100434
 21
283.41500949678402
  0
LINE
  8
_0-5_躯体
  6
CONTINUOUS
 62
    3
 10
2262.3441152659998
 20
344.44486352369239
 11
2397.9651995100435
 21
283.41500949678402
  0
LINE
  8
_0-5_躯体
  6
CONTINUOUS
 62
    3
 10
2263.985561707264
 20
348.09253101172192
 11
2407.7126395100436
 21
283.41500949678402
  0
LINE
  8
_0-5_躯体
  6
CONTINUOUS
 62
    3
 10
2235.3967758626136
 20
350.82846686808034
 11
2085.5900595100434
 21
283.41500949678402
  0
LINE
  8
_0-5_躯体
  6
CONTINUOUS
 62
    3
 10
2235.3967758626136
 20
350.82846686808034
 11
2236.6278108626138
 21
348.09268686808031
  0
LINE
  8
_0-5_躯体
  6
CONTINUOUS
 62
    3
 10
2265.2167065045669
 20
350.82830607623521
 11
2263.9856665045672
 21
348.09252607623523
  0
TEXT
  8
_0-3_文字
 62
    7
 10
2418.7313192194206
 20
471.5359406487828
 40
17.5
 41
1
 50
0
  1
のし瓦受け台座通気(専用板金) 大棟用
  0
INSERT
  2
-010-のし受け台座通気穴あり_断面_
  8
_0-6_副資材
 10
2250.3177132868082
 20
415.21389176442341
 41
10
 42
10
 50
0
  0
LINE
  8
ADD_LINE
  6
DOT
 62
    9
 10
2079.8077736895225
 20
390.18110894980009
 11
2079.8077736895225
 21
384.81028090153183
  0
LINE
  8
ADD_LINE
  6
DOT
 62
    9
 10
2079.8077736895225
 20
390.18110894980009
 11
2084.1457501900468
 21
390.18110894980009
  0
INSERT
  2
-011-棟一番自在台_前面__1__1_
  8
_0-6_副資材
 10
3735.3066245100435
 20
377.48896949678408
 41
0.4
 42
0.4
 50
0
  0
TEXT
  8
_0-3_文字
 62
    7
 10
3215.2931472854675
 20
719.4035011989065
 40
15
 41
1
 50
0
  1
100
  0
LINE
  8
_0-4_寸法
  6
CONTINUOUS
 62
    7
 10
3660.6780999067651
 20
771.16351738166838
 11
3809.8355787605888
 21
771.16351738166838
  0
POINT
  8
_0-4_寸法
 62
    7
 10
3660.6780999067651
 20
771.16351738166838
  0
POINT
  8
_0-4_寸法
 62
    7
 10
3809.8355787605888
 20
771.16351738166838
  0
LINE
  8
_0-4_寸法
  6
CONTINUOUS
 62
    7
 10
3660.6780999067651
 20
771.16351738166838
 11
3660.6780999067651
 21
758.4834897943424
  0
LINE
  8
_0-4_寸法
  6
CONTINUOUS
 62
    7
 10
3809.8355787605888
 20
771.16351738166838
 11
3809.8355787605888
 21
758.4834897943424
  0
LINE
  8
_0-4_寸法
  6
CONTINUOUS
 62
    7
 10
3635.4560009778861
 20
829.22469633416142
 11
3834.9934919778866
 21
829.22469633416142
  0
POINT
  8
_0-4_寸法
 62
    7
 10
3635.4560009778861
 20
829.22469633416142
  0
POINT
  8
_0-4_寸法
 62
    7
 10
3834.9934919778866
 20
829.22469633416142
  0
LINE
  8
_0-4_寸法
  6
CONTINUOUS
 62
    7
 10
3635.4560009778861
 20
829.22469633416142
 11
3635.4560009778861
 21
814.54255912778376
  0
LINE
  8
_0-4_寸法
  6
CONTINUOUS
 62
    7
 10
3834.9934919778866
 20
829.22469633416142
 11
3834.9934919778866
 21
814.54255912778376
  0
TEXT
  8
_0-4_寸法
 62
    7
 10
3722.7247464778866
 20
831.72469633416142
 40
15
 41
1
 50
0
  1
200
  0
LINE
  8
_0-4_寸法
  6
CONTINUOUS
 62
    7
 10
3605.3401765598596
 20
886.61850541363719
 11
3865.24029155986
 21
886.61850541363719
  0
POINT
  8
_0-4_寸法
 62
    7
 10
3605.3401765598596
 20
886.61850541363719
  0
POINT
  8
_0-4_寸法
 62
    7
 10
3865.24029155986
 20
886.61850541363719
  0
LINE
  8
_0-4_寸法
  6
CONTINUOUS
 62
    7
 10
3605.3401765598596
 20
886.61850541363719
 11
3605.3401765598596
 21
871.93636820725965
  0
LINE
  8
_0-4_寸法
  6
CONTINUOUS
 62
    7
 10
3865.24029155986
 20
886.61850541363719
 11
3865.24029155986
 21
871.93636820725965
  0
TEXT
  8
_0-4_寸法
 62
    7
 10
3722.7902340598598
 20
889.11850541363719
 40
15
 41
1
 50
0
  1
260
  0
TEXT
  8
_0-4_寸法
 62
    7
 10
3722.7568393336769
 20
773.66351738166838
 40
15
 41
1
 50
0
  1
150
  0
LINE
  8
_0-3_文字
  6
CONTINUOUS
 62
    7
 10
3185.9693967259932
 20
709.40441932402314
 11
3285.9693967259932
 21
709.40441932402314
  0
LINE
  8
_0-3_文字
  6
CONTINUOUS
 62
    7
 10
3185.9693967259932
 20
679.10441932402307
 11
3285.9693967259932
 21
709.40441932402314
  0
LINE
  8
_0-3_文字
  6
CONTINUOUS
 62
    7
 10
3185.9693967259932
 20
709.40441932402314
 11
3185.9693967259932
 21
679.10441932402307
  0
LINE
  8
_0-7_瓦
  6
CONTINUOUS
 62
    2
 10
3989.2141045100434
 20
312.15207748689443
 11
3997.0808045100439
 21
311.73237748689451
  0
ARC
  8
_0-7_瓦
  6
CONTINUOUS
 62
    2
 10
3989.4387045100439
 20
315.00757748689443
 40
2.8643000000000001
 50
187.3776
 51
265.50380000000001
  0
LINE
  8
_0-7_瓦
  6
CONTINUOUS
 62
    2
 10
3999.1282045100434
 20
318.08887748689449
 11
3997.0808045100439
 21
311.73237748689451
  0
LINE
  8
_0-7_瓦
  6
CONTINUOUS
 62
    2
 10
3987.1299045100436
 20
317.27037748689457
 11
3986.5980045100441
 21
314.63977748689433
  0
LINE
  8
_0-7_瓦
  6
CONTINUOUS
 62
    2
 10
3951.1990045100438
 20
312.14727748689432
 11
3954.8851045100441
 21
317.17087748689426
  0
ARC
  8
_0-7_瓦
  6
CONTINUOUS
 62
    2
 10
3948.6775045100439
 20
315.39287748689452
 40
4.1100000000000003
 50
208.00179999999997
 51
307.84399999999999
  0
ARC
  8
_0-7_瓦
  6
CONTINUOUS
 62
    2
 10
3940.9512045100437
 20
315.12147748689449
 40
4.4210000000000003
 50
229.06039999999999
 51
337.95920000000001
  0
LINE
  8
_0-7_瓦
  6
CONTINUOUS
 62
    2
 10
3938.0543045100439
 20
311.78187748689442
 11
3937.9757045100441
 21
318.05467748689443
  0
LINE
  8
_0-7_瓦
  6
CONTINUOUS
 62
    2
 10
3893.5607045100437
 20
325.33377748689446
 11
3883.5516045100439
 21
320.4675774868943
  0
LINE
  8
_0-7_瓦
  6
CONTINUOUS
 62
    2
 10
3880.8205045100435
 20
321.34727748689454
 11
3883.5516045100439
 21
320.4675774868943
  0
LINE
  8
_0-7_瓦
  6
CONTINUOUS
 62
    2
 10
3874.6166045100435
 20
329.48317748689431
 11
3880.8205045100435
 21
321.34727748689454
  0
LINE
  8
_0-7_瓦
  6
CONTINUOUS
 62
    2
 10
3809.8514045100437
 20
345.96407748689433
 11
3813.2132045100434
 21
344.88127748689436
  0
LINE
  8
_0-7_瓦
  6
CONTINUOUS
 62
    2
 10
3823.517904510044
 20
350.2347774868943
 11
3813.2132045100434
 21
344.88127748689436
  0
LINE
  8
_0-7_瓦
  6
CONTINUOUS
 62
    2
 10
3806.1859045100437
 20
361.65927748689444
 11
3809.8514045100437
 21
345.96407748689433
  0
ARC
  8
_0-7_瓦
  6
CONTINUOUS
 62
    2
 10
3967.7447045100439
 20
655.28987748689451
 40
338.65819999999997
 50
250.94149999999999
 51
275.42509999999999
  0
ARC
  8
_0-7_瓦
  6
CONTINUOUS
 62
    2
 10
3967.7450045100436
 20
655.29057748689434
 40
325.65820000000002
 50
250.94149999999999
 51
274.71600000000001
  0
ARC
  8
_0-7_瓦
  6
CONTINUOUS
 62
    2
 10
3968.3651045100441
 20
655.40817748689449
 40
325.65820000000002
 50
250.94149999999999
 51
268.82589999999999
  0
ARC
  8
_0-7_瓦
  6
CONTINUOUS
 62
    2
 10
3974.497004510044
 20
674.44587748689423
 40
335.65820000000002
 50
250.94149999999999
 51
264.06529999999998
  0
ARC
  8
_0-7_瓦
  6
CONTINUOUS
 62
    2
 10
3974.497004510044
 20
674.44587748689423
 40
325.65820000000002
 50
250.94149999999999
 51
268.7833
  0
ARC
  8
_0-7_瓦
  6
CONTINUOUS
 62
    2
 10
3937.4326045100433
 20
354.6867774868943
 40
14.296100000000001
 50
279.49779999999998
 51
337.53559999999999
  0
LINE
  8
_0-7_瓦
  6
CONTINUOUS
 62
    2
 10
3997.7745045100437
 20
333.51837748689434
 11
3994.5193045100441
 21
330.73487748689433
  0
LINE
  8
_0-7_瓦
  6
CONTINUOUS
 62
    2
 10
3997.7745045100437
 20
333.51837748689434
 11
4004.0611045100441
 21
331.49357748689442
  0
LINE
  8
_0-7_瓦
  6
CONTINUOUS
 62
    2
 10
4004.0611045100441
 20
331.49357748689442
 11
3999.7628045100441
 21
318.1485774868944
  0
LINE
  8
_0-7_瓦
  6
CONTINUOUS
 62
    2
 10
3968.1824045100439
 20
330.45417748689431
 11
3961.9904045100434
 21
330.75577748689454
  0
LINE
  8
_0-7_瓦
  6
CONTINUOUS
 62
    2
 10
3967.7307045100433
 20
349.0130774868943
 11
3961.8482045100436
 21
330.30347748689439
  0
LINE
  8
_0-7_瓦
  6
CONTINUOUS
 62
    2
 10
4004.6004045100435
 20
350.6675774868944
 11
3967.7307045100433
 21
349.0130774868943
  0
LINE
  8
_0-7_瓦
  6
CONTINUOUS
 62
    2
 10
4005.1831045100434
 20
337.68057748689432
 11
3972.2263045100435
 21
336.20167748689425
  0
LINE
  8
_0-7_瓦
  6
CONTINUOUS
 62
    2
 10
3972.2263045100435
 20
336.20167748689425
 11
3968.1824045100439
 21
330.45417748689431
  0
ARC
  8
_0-7_瓦
  6
CONTINUOUS
 62
    2
 10
4005.5004045100441
 20
318.67667748689445
 40
19.003499999999999
 50
31.720300000000002
 51
91.611500000000007
  0
ARC
  8
_0-7_瓦
  6
CONTINUOUS
 62
    2
 10
4005.5004045100441
 20
318.67667748689445
 40
32.003500000000003
 50
31.720300000000002
 51
91.611500000000007
  0
INSERT
  2
-001-防災小熨斗_断面_
  8
_0-7_瓦
 10
3735.2110644778859
 20
432.32023830942131
 41
0.1
 42
0.1
 50
0
  0
INSERT
  2
-000-防災大熨斗_断面_
  8
_0-7_瓦
 10
3735.3130888098594
 20
392.24873230885134
 41
0.2
 42
0.2
 50
0
  0
INSERT
  2
-017-防水シ__ト_2_
  8
_0-6_副資材
 10
3735.3066065100434
 20
427.99582549678399
 41
1
 42
1
 50
0
  0
LINE
  8
_0-3_文字
  6
CONTINUOUS
 62
    7
 10
3600.3265582791182
 20
442.08711983313094
 11
3556.7167769492471
 21
485.69690116300228
  0
LINE
  8
_0-3_文字
  6
CONTINUOUS
 62
    7
 10
3747.9288950879136
 20
448.79631696080344
 11
3873.1672414711338
 21
574.0346633440239
  0
LINE
  8
_0-3_文字
  6
CONTINUOUS
 62
    7
 10
3737.4923662226456
 20
395.1227399394233
 11
3861.2397799108276
 21
518.8701536276053
  0
LINE
  8
_0-3_文字
  6
CONTINUOUS
 62
    7
 10
3812.7844673220811
 20
419.72312940755586
 11
3869.0671765597785
 21
476.00583864525311
  0
LINE
  8
_0-3_文字
  6
CONTINUOUS
 62
    7
 10
3873.1672414711338
 20
574.0346633440239
 11
3897.7676309392664
 21
574.0346633440239
  0
LINE
  8
_0-3_文字
  6
CONTINUOUS
 62
    7
 10
3861.2397799108276
 20
518.8701536276053
 11
3885.8401693789601
 21
518.8701536276053
  0
LINE
  8
_0-3_文字
  6
CONTINUOUS
 62
    7
 10
3869.0671765597785
 20
476.00583864525311
 11
3891.0584338115946
 21
476.00583864525311
  0
LINE
  8
_0-3_文字
  6
CONTINUOUS
 62
    7
 10
3900.0040299818243
 20
431.65059096786257
 11
3925.3498857974764
 21
431.65059096786257
  0
LINE
  8
_0-3_文字
  6
CONTINUOUS
 62
    7
 10
3556.7167769492471
 20
485.69690116300228
 11
3534.7255196974311
 21
485.69690116300228
  0
INSERT
  2
-006-棟一番自在受けF90_前面_
  8
_0-6_副資材
 10
3735.3066245100435
 20
408.98896949678402
 41
0.4
 42
0.4
 50
0
  0
INSERT
  2
-008-棟芯材
  8
_0-6_副資材
 10
3735.3066245100435
 20
416.98896949678397
 41
1
 42
1
 50
0
  0
LINE
  8
_0-4_寸法
  6
CONTINUOUS
 62
    7
 10
4230.9928642571522
 20
507.03915463270607
 11
4230.9928642571522
 21
570.36581990935269
  0
POINT
  8
_0-4_寸法
 62
    7
 10
4230.9928642571522
 20
507.03915463270607
  0
POINT
  8
_0-4_寸法
 62
    7
 10
4230.9928642571522
 20
570.36581990935269
  0
LINE
  8
_0-4_寸法
  6
CONTINUOUS
 62
    7
 10
4230.9928642571522
 20
507.03915463270607
 11
4216.693248444798
 21
507.03915463270607
  0
LINE
  8
_0-4_寸法
  6
CONTINUOUS
 62
    7
 10
4230.9928642571522
 20
570.36581990935269
 11
4216.693248444798
 21
570.36581990935269
  0
INSERT
  2
-002-5寸丸紐付_正面_
  8
_0-7_瓦
 10
3735.246501461359
 20
499.04757322150613
 41
0.8
 42
0.8
 50
0
  0
INSERT
  2
-005-らくちんスリムビス55mm
  8
_0-6_副資材
 10
3735.2493807849737
 20
551.29807797386889
 41
0.02
 42
0.02
 50
0
  0
INSERT
  2
-003-押さえ木
  8
_0-6_副資材
 10
3735.246501461359
 20
534.67523259031509
 41
1
 42
1
 50
0
  0
LINE
  8
_0-3_文字
  6
CONTINUOUS
 62
    7
 10
3663.061367333185
 20
571.1024442938434
 11
3612.3696557018816
 21
621.79415592514692
  0
LINE
  8
_0-3_文字
  6
CONTINUOUS
 62
    7
 10
3612.3696557018816
 20
621.79415592514692
 11
3589.2601989287868
 21
621.79415592514692
  0
LINE
  8
_0-3_文字
  6
CONTINUOUS
 62
    7
 10
3856.7794077041335
 20
702.64609133426632
 11
3884.6456497423496
 21
702.64609133426632
  0
LINE
  8
_0-3_文字
  6
CONTINUOUS
 62
    7
 10
3736.2378052726617
 20
582.10448890279497
 11
3856.7794077041335
 21
702.64609133426632
  0
LINE
  8
_0-3_文字
  6
CONTINUOUS
 62
    7
 10
3850.3521270166134
 20
655.14568563829494
 11
3875.325249658506
 21
655.14568563829494
  0
LINE
  8
_0-3_文字
  6
CONTINUOUS
 62
    7
 10
3745.5008162805457
 20
550.29437490222699
 11
3850.3521270166134
 21
655.14568563829494
  0
LINE
  8
_0-3_文字
  6
CONTINUOUS
 62
    7
 10
3838.4069162575565
 20
623.58465206019173
 11
3865.6164379420061
 21
623.58465206019173
  0
LINE
  8
_0-3_文字
  6
CONTINUOUS
 62
    7
 10
3760.4041452695515
 20
545.58188107218643
 11
3838.4069162575565
 21
623.58465206019173
  0
LINE
  8
_0-3_文字
  6
CONTINUOUS
 62
    7
 10
3839.6212558327716
 20
371.26781681880982
 11
3900.0040299818243
 21
431.65059096786257
  0
TEXT
  8
_0-3_文字
 62
    7
 10
3903.73136171942
 20
467.4329756487827
 40
17.5
 41
1
 50
0
  1
のし瓦受け台座(専用板金) 隅棟用
  0
TEXT
  8
_0-3_文字
 62
    7
 10
3911.931491542131
 20
565.08906717379386
 40
17.5
 41
1
 50
0
  1
棟芯材(防腐処理) 40×40
  0
TEXT
  8
_0-4_寸法
 62
    7
 10
4228.4928642571522
 20
530.57748727102944
 40
15
 41
1
 50
90
  1
65
  0
TEXT
  8
_0-3_文字
 62
    7
 10
3524.7469767924126
 20
612.87333150825998
 40
17.5
 41
1
 50
0
  1
5寸紐丸
  0
TEXT
  8
_0-3_文字
 62
    7
 10
3439.3058272149779
 20
476.37857181901268
 40
17.5
 41
1
 50
0
  1
防災大熨斗
  0
INSERT
  2
-000-防災大熨斗_断面_
  8
_0-7_瓦
 10
3735.3130888098594
 20
366.69122039218905
 41
0.2
 42
0.2
 50
0
  0
LINE
  8
_0-3_文字
  6
CONTINUOUS
 62
    7
 10
3627.8320873707962
 20
484.63155547561621
 11
3569.3129790905418
 21
543.15066375587105
  0
LINE
  8
_0-3_文字
  6
CONTINUOUS
 62
    7
 10
3569.3129790905418
 20
543.15066375587105
 11
3545.830789143688
 21
543.15066375587105
  0
TEXT
  8
_0-3_文字
 62
    7
 10
3452.6474957037917
 20
534.57780075940047
 40
17.5
 41
1
 50
0
  1
防災小熨斗
  0
ARC
  8
_0-7_瓦
  6
CONTINUOUS
 62
    2
 10
3919.7137045100435
 20
517.76017748689446
 40
159.6738
 50
212.41117486495352
 51
251.16309999999999
  0
ARC
  8
_0-7_瓦
  6
CONTINUOUS
 62
    2
 10
3913.2585045100441
 20
504.11207748689446
 40
154.6825
 50
210.80461247198005
 51
251.8374
  0
ARC
  8
_0-7_瓦
  6
CONTINUOUS
 62
    2
 10
3916.366604510044
 20
508.9188774868943
 40
170.53480000000005
 50
213.49147738915158
 51
251.19919999999999
  0
ARC
  8
_0-7_瓦
  6
CONTINUOUS
 62
    2
 10
3912.472704510044
 20
504.04677748689426
 40
177.6825
 50
214.8078892879671
 51
251.74090000000001
  0
LINE
  8
_0-7_瓦
  6
CONTINUOUS
 62
    2
 10
3766.5828245184639
 20
402.62087486684203
 11
3784.9133457429002
 21
432.17638414557666
  0
ARC
  8
_0-7_瓦
  6
CONTINUOUS
 62
    2
 10
4177.4999045100431
 20
425.62467748689443
 40
170.53480000000005
 50
211.90170000000001
 51
217.01603327551371
  0
ARC
  8
_0-7_瓦
  6
CONTINUOUS
 62
    2
 10
4173.6400045100436
 20
420.72547748689442
 40
177.6825
 50
211.1643
 51
219.56548239559396
  0
LINE
  8
_0-7_瓦
  6
CONTINUOUS
 62
    2
 10
3470.5110010797721
 20
340.11405253795931
 11
3444.356301079772
 21
320.00755253795944
  0
LINE
  8
_0-7_瓦
  6
CONTINUOUS
 62
    2
 10
3444.356301079772
 20
320.00755253795944
 11
3444.3382010797723
 21
312.97995253795938
  0
LINE
  8
_0-7_瓦
  6
CONTINUOUS
 62
    2
 10
3462.5879010797726
 20
350.42055253795934
 11
3433.3279010797723
 21
327.92685253795935
  0
LINE
  8
_0-7_瓦
  6
CONTINUOUS
 62
    2
 10
3433.3279010797723
 20
327.92685253795935
 11
3439.2348010797723
 21
309.2249525379595
  0
LINE
  8
_0-7_瓦
  6
CONTINUOUS
 62
    2
 10
3444.3382010797723
 20
312.97995253795938
 11
3439.0920010797718
 21
309.67715253795933
  0
LINE
  8
_0-7_瓦
  6
CONTINUOUS
 62
    2
 10
3467.7073010797722
 20
312.8582525379594
 11
3468.7968010797722
 21
310.40545253795943
  0
LINE
  8
_0-7_瓦
  6
CONTINUOUS
 62
    2
 10
3426.546501079772
 20
348.78435253795953
 11
3432.9576010797723
 21
328.48605253795938
  0
LINE
  8
_0-7_瓦
  6
CONTINUOUS
 62
    2
 10
3457.7765010797721
 20
360.17905253795931
 11
3429.7520010797725
 21
338.63515253795924
  0
LINE
  8
_0-7_瓦
  6
CONTINUOUS
 62
    2
 10
3463.6864010797722
 20
352.1089525379594
 11
3432.9576010797723
 21
328.48605253795938
  0
LINE
  8
_0-7_瓦
  6
CONTINUOUS
 62
    2
 10
3455.2747010797721
 20
370.86915253795939
 11
3426.546501079772
 21
348.78435253795953
  0
ARC
  8
_0-7_瓦
  6
CONTINUOUS
 62
    2
 10
3481.666301079772
 20
324.72535253795922
 40
32.003500000000003
 50
66.70229999999998
 51
126.59350000000001
  0
ARC
  8
_0-7_瓦
  6
CONTINUOUS
 62
    2
 10
3481.666301079772
 20
324.72535253795922
 40
19.003499999999999
 50
66.70229999999998
 51
126.59350000000001
  0
ARC
  8
_0-7_瓦
  6
CONTINUOUS
 62
    2
 10
3478.1914010797718
 20
338.59145253795941
 40
39.585700000000003
 50
71.998300000000015
 51
125.3742
  0
ARC
  8
_0-7_瓦
  6
CONTINUOUS
 62
    2
 10
3481.8989010797718
 20
325.79285253795945
 40
42.003500000000003
 50
66.70229999999998
 51
125.0501
  0
ARC
  8
_0-7_瓦
  6
CONTINUOUS
 62
    2
 10
3481.8989010797718
 20
325.79285253795945
 40
32.003500000000003
 50
66.70229999999998
 51
124.68579999999999
  0
LINE
  8
_0-7_瓦
  6
CONTINUOUS
 62
    2
 10
3556.7105010797723
 20
327.10235253795929
 11
3568.7869010797722
 21
316.42825253795939
  0
LINE
  8
_0-7_瓦
  6
CONTINUOUS
 62
    2
 10
3568.7869010797722
 20
316.42825253795939
 11
3572.1547010797722
 21
317.49195253795921
  0
LINE
  8
_0-7_瓦
  6
CONTINUOUS
 62
    2
 10
3577.4566010797726
 20
327.8234525379595
 11
3572.1547010797722
 21
317.49195253795921
  0
ARC
  8
_0-7_瓦
  6
CONTINUOUS
 62
    2
 10
3470.8998010797723
 20
312.35015253795939
 40
2.8643000000000001
 50
222.75939999999997
 51
300.88560000000001
  0
LINE
  8
_0-7_瓦
  6
CONTINUOUS
 62
    2
 10
3472.3702010797724
 20
309.8919525379593
 11
3479.0270010797717
 21
314.10475253795943
  0
LINE
  8
_0-7_瓦
  6
CONTINUOUS
 62
    2
 10
3477.015701079772
 20
320.47275253795942
 11
3479.0270010797717
 21
314.10475253795943
  0
LINE
  8
_0-7_瓦
  6
CONTINUOUS
 62
    2
 10
3473.276001079772
 20
334.25805253795954
 11
3477.498601079772
 21
320.88885253795934
  0
LINE
  8
_0-7_瓦
  6
CONTINUOUS
 62
    2
 10
3466.9780010797722
 20
332.26885253795928
 11
3473.276001079772
 21
334.25805253795954
  0
LINE
  8
_0-7_瓦
  6
CONTINUOUS
 62
    2
 10
3466.9780010797722
 20
332.26885253795928
 11
3465.9357010797721
 21
328.11455253795941
  0
LINE
  8
_0-7_瓦
  6
CONTINUOUS
 62
    2
 10
3441.3788010797721
 20
287.87645253795932
 11
3441.4753010797722
 21
294.10655253795943
  0
ARC
  8
_0-7_瓦
  6
CONTINUOUS
 62
    2
 10
3256.1815010797723
 20
577.22595253795942
 40
325.65820000000002
 50
302.8282196789666
 51
310.09769999999997
  0
ARC
  8
_0-7_瓦
  6
CONTINUOUS
 62
    2
 10
3256.181801079772
 20
577.2251525379595
 40
338.65819999999997
 50
302.19970345525888
 51
310.80680000000001
  0
ARC
  8
_0-7_瓦
  6
CONTINUOUS
 62
    2
 10
3437.4437010797719
 20
289.06265253795942
 40
4.1100000000000003
 50
282.60634617678841
 51
343.22570000000002
  0
ARC
  8
_0-7_瓦
  6
CONTINUOUS
 62
    2
 10
3560.9220010797726
 20
504.7349525379592
 40
177.6825
 50
246.1463
 51
287.12270000000001
  0
ARC
  8
_0-7_瓦
  6
CONTINUOUS
 62
    2
 10
3561.2757010797718
 20
510.96195253795952
 40
170.53480000000005
 50
246.88369999999998
 51
286.58089999999999
  0
ARC
  8
_0-7_瓦
  6
CONTINUOUS
 62
    2
 10
3561.154601079772
 20
505.80235253795934
 40
164.6825
 50
246.32719999999995
 51
287.21919999999994
  0
ARC
  8
_0-7_瓦
  6
CONTINUOUS
 62
    2
 10
3561.154601079772
 20
505.80235253795934
 40
154.6825
 50
246.32719999999995
 51
287.21919999999994
  0
ARC
  8
_0-7_瓦
  6
CONTINUOUS
 62
    2
 10
3558.515001079772
 20
520.6675525379593
 40
159.6738
 50
244.75880000000004
 51
286.54480000000001
  0
ARC
  8
_0-7_瓦
  6
CONTINUOUS
 62
    2
 10
3518.4130010797726
 20
660.04895253795939
 40
338.65819999999997
 50
286.25941660437405
 51
304.05934938641155
  0
LINE
  8
_0-7_瓦
  6
CONTINUOUS
 62
    2
 10
3640.9025010797718
 20
337.45055253795942
 11
3643.6385010797721
 21
338.31465253795943
  0
ARC
  8
_0-7_瓦
  6
CONTINUOUS
 62
    2
 10
3512.456101079772
 20
680.13605253795913
 40
325.65820000000002
 50
286.32330000000002
 51
304.20669379832981
  0
ARC
  8
_0-7_瓦
  6
CONTINUOUS
 62
    2
 10
3512.456101079772
 20
680.13605253795913
 40
335.65820000000002
 50
286.32330000000002
 51
299.447
  0
ARC
  8
_0-7_瓦
  6
CONTINUOUS
 62
    2
 10
3518.4799010797719
 20
661.06385253795952
 40
325.65820000000002
 50
286.32330000000002
 51
304.47661883464758
  0
ARC
  8
_0-7_瓦
  6
CONTINUOUS
 62
    2
 10
3518.412701079772
 20
660.04975253795931
 40
325.65820000000002
 50
286.32330000000002
 51
304.555856253591
  0
LINE
  8
_0-7_瓦
  6
CONTINUOUS
 62
    2
 10
3695.5346282370697
 20
410.811868475045
 11
3708.0789850150518
 21
379.48489396113064
  0
LINE
  8
_0-7_瓦
  6
CONTINUOUS
 62
    2
 10
3703.6100010797727
 20
370.70035253795925
 11
3703.7009883565656
 21
376.57454770014169
  0
ARC
  8
_0-7_瓦
  6
CONTINUOUS
 62
    2
 10
3699.6749010797721
 20
371.88645253795937
 40
4.1100000000000003
 50
243.38350000000003
 51
343.22570000000002
  0
LINE
  8
_0-7_瓦
  6
CONTINUOUS
 62
    2
 10
3693.104501079772
 20
362.79135253795926
 11
3689.4083010797722
 21
367.86005253795935
  0
ARC
  8
_0-7_瓦
  6
CONTINUOUS
 62
    2
 10
3693.5327010797719
 20
367.1915525379593
 40
4.4210000000000003
 50
264.44209999999998
 51
13.34089999999998
  0
LINE
  8
_0-7_瓦
  6
CONTINUOUS
 62
    2
 10
3648.623584345105
 20
347.4236489668283
 11
3643.6385010797721
 21
338.31465253795943
  0
LINE
  8
_0-7_瓦
  6
CONTINUOUS
 62
    2
 10
3630.8187557791025
 20
340.58952986003294
 11
3640.9025010797718
 21
337.45055253795942
  0
INSERT
  2
-013-のし受け台座隅棟用_断面_
  8
_0-6_副資材
 10
3735.2464929432917
 20
424.91861419624911
 41
0.4
 42
0.4
 50
0
  0
INSERT
  2
-012-らくちんスリムビス125mm
  8
_0-6_副資材
 10
3735.246501461359
 20
542.17522009031507
 41
0.05
 42
0.05
 50
0
  0
TEXT
  8
_0-3_文字
 62
    7
 10
968.76823755282135
 20
426.80795979763263
 40
17.5
 41
1
 50
0
  1
棟防水シート
  0
TEXT
  8
_0-3_文字
 62
    7
 10
930.74945382934379
 20
514.02752245737543
 40
17.5
 41
1
 50
0
  1
棟金具
  0
TEXT
  8
_0-3_文字
 62
    7
 10
2453.7682375528216
 20
426.80795979763263
 40
17.5
 41
1
 50
0
  1
棟防水シート
  0
TEXT
  8
_0-3_文字
 62
    7
 10
3900.7494963293439
 20
509.92455745737527
 40
17.5
 41
1
 50
0
  1
棟金具
  0
TEXT
  8
_0-3_文字
 62
    7
 10
3938.768280052821
 20
422.70499479763248
 40
17.5
 41
1
 50
0
  1
棟防水シート
  0
INSERT
  2
-015-丸釘N45
  8
_0-6_副資材
 10
713.72735056182341
 20
350.77562354489601
 41
0.2
 42
0.2
 50
24.22774532
  0
INSERT
  2
-015-丸釘N45
  8
_0-6_副資材
 10
816.88595701004351
 20
350.7758869967841
 41
0.2
 42
0.2
 50
-24.22774532
  0
INSERT
  2
-015-丸釘N45
  8
_0-6_副資材
 10
2198.7272095100434
 20
350.7758869967841
 41
0.2
 42
0.2
 50
24.22774532
  0
INSERT
  2
-015-丸釘N45
  8
_0-6_副資材
 10
2301.8859570100435
 20
350.7758869967841
 41
0.2
 42
0.2
 50
-24.22774532
  0
LINE
  8
_0-5_躯体
  6
CONTINUOUS
 62
    3
 10
751.59772951004345
 20
351.36889949678402
 11
600.59005951004337
 21
283.41500949678402
  0
INSERT
  2
-018-TS桟瓦_側断面_
  8
_0-7_瓦
 10
2208.3024295100431
 20
355.08471949678409
 41
1
 42
1
 50
18.22774532
  0
INSERT
  2
-014-タイトル枠
  8
_0-2_タイトル
 10
1162.2273065432096
 20
85.68237472222215
 41
1
 42
1
 50
0
  0
INSERT
  2
-014-タイトル枠
  8
_0-2_タイトル
 10
2647.2273065432096
 20
85.68237472222215
 41
1
 42
1
 50
0
  0
INSERT
  2
-014-タイトル枠
  8
_0-2_タイトル
 10
4132.22730654321
 20
85.68237472222215
 41
1
 42
1
 50
0
  0
INSERT
  2
-020-eスクリング釘65mm
  8
_0-6_副資材
 10
705.50036087239857
 20
375.00454743456686
 41
0.2
 42
0.2
 50
18
  0
INSERT
  2
-020-eスクリング釘65mm
  8
_0-6_副資材
 10
2190.5003608723982
 20
375.00454743456686
 41
0.2
 42
0.2
 50
18
  0
INSERT
  2
-022-コ__ススッレッド38mm
  8
_0-6_副資材
 10
690.8492952121112
 20
322.71999332168332
 41
0.2
 42
0.2
 50
24.22774532
  0
INSERT
  2
-022-コ__ススッレッド38mm
  8
_0-6_副資材
 10
736.58444065177775
 20
342.92634063168856
 41
0.2
 42
0.2
 50
24.22774532
  0
INSERT
  2
-022-コ__ススッレッド38mm
  8
_0-6_副資材
 10
3658.6160976761166
 20
329.05193419272962
 41
0.2
 42
0.2
 50
16.856808540000003
  0
INSERT
  2
-022-コ__ススッレッド38mm
  8
_0-6_副資材
 10
3706.0691931634783
 20
344.97897176408298
 41
0.2
 42
0.2
 50
16.856808540000003
  0
LINE
  8
_0-3_文字
  6
CONTINUOUS
 62
    5
 10
3629.9630701109413
 20
308.51181316188877
 11
3630.5097883410103
 21
307.2699184098426
  0
LINE
  8
_0-5_躯体
  6
CONTINUOUS
 62
    3
 10
3735.2855408498854
 20
339.87625822524603
 11
3735.3066045100441
 21
339.8294774868944
  0
LINE
  8
_0-5_躯体
  6
CONTINUOUS
 62
    3
 10
3735.2855408498854
 20
339.87625822524603
 11
3735.2644977752889
 21
339.82946822341273
  0
LINE
  8
_0-5_躯体
  6
CONTINUOUS
 62
    3
 10
3731.7666780959621
 20
351.20476066317173
 11
3735.2855408498854
 21
339.87625822524603
  0
LINE
  8
_0-3_文字
  6
CONTINUOUS
 62
    7
 10
3731.7666780959621
 20
351.20476066317173
 11
3731.8109780736831
 21
351.21819419789568
  0
LINE
  8
_0-5_躯体
  6
CONTINUOUS
 62
    3
 10
3715.2181141764113
 20
350.20725827027024
 11
3710.8652435761082
 21
364.56178778318065
  0
LINE
  8
_0-5_躯体
  6
CONTINUOUS
 62
    3
 10
3448.2061746956201
 20
252.78184090435565
 11
3735.2644977752889
 21
339.82946822341273
  0
LINE
  8
_0-5_躯体
  6
CONTINUOUS
 62
    3
 10
3445.9036978963873
 20
260.3747546835566
 11
3732.962020976056
 21
347.42238200261352
  0
LINE
  8
_0-5_躯体
  6
CONTINUOUS
 62
    3
 10
3447.0548642575482
 20
256.57853535629795
 11
3734.1131873372169
 21
343.62616267535498
  0
LINE
  8
_0-5_躯体
  6
CONTINUOUS
 62
    3
 10
3444.7526549940139
 20
264.1705668788386
 11
3731.7666780959621
 21
351.20476066317173
  0
LINE
  8
_0-5_躯体
  6
CONTINUOUS
 62
    3
 10
3715.2181141764113
 20
350.20725827027024
 11
3443.6360937709005
 21
267.85266830402827
  0
LINE
  8
_0-5_躯体
  6
CONTINUOUS
 62
    3
 10
3710.8652435761082
 20
364.56178778318065
 11
3439.283223170597
 21
282.20719781693856
  0
LINE
  8
_0-5_躯体
  6
CONTINUOUS
 62
    3
 10
3676.9393688086502
 20
338.59960333612878
 11
3696.0787414925308
 21
344.40343080319951
  0
LINE
  8
_0-5_躯体
  6
CONTINUOUS
 62
    3
 10
3677.8029930488847
 20
335.75161616103469
 11
3696.9423657327652
 21
341.55544362810542
  0
LINE
  8
_0-5_躯体
  6
CONTINUOUS
 62
    3
 10
3696.0787414925308
 20
344.40343080319951
 11
3696.9423657327643
 21
341.55544362810531
  0
LINE
  8
_0-5_躯体
  6
CONTINUOUS
 62
    3
 10
3676.9393688086502
 20
338.59960333612878
 11
3677.8029930488838
 21
335.75161616103458
  0
LINE
  8
_0-3_文字
  6
CONTINUOUS
 62
    7
 10
3738.8465309251451
 20
351.2047699266534
 11
3738.8022309474241
 21
351.2182034613773
  0
LINE
  8
_0-5_躯体
  6
CONTINUOUS
 62
    3
 10
3755.3529881099403
 20
350.20727679723348
 11
3759.7058587102438
 21
364.56180631014388
  0
LINE
  8
_0-5_躯体
  6
CONTINUOUS
 62
    3
 10
4022.5697401563179
 20
261.02362855339175
 11
3737.6511880450512
 21
347.42239126609519
  0
LINE
  8
_0-5_躯体
  6
CONTINUOUS
 62
    3
 10
4023.7207830586908
 20
264.81944074867374
 11
3738.8465309251451
 21
351.2047699266534
  0
LINE
  8
_0-5_躯体
  6
CONTINUOUS
 62
    3
 10
3755.3529881099403
 20
350.20727679723348
 11
4024.8338010026346
 21
268.4898574466813
  0
LINE
  8
_0-5_躯体
  6
CONTINUOUS
 62
    3
 10
3759.7058587102438
 20
364.56180631014388
 11
4029.1866716029376
 21
282.84438695959159
  0
LINE
  8
_0-5_躯体
  6
CONTINUOUS
 62
    3
 10
4021.4185737951566
 20
257.22740922613309
 11
3736.5000216838898
 21
343.62617193883665
  0
LINE
  8
_0-5_躯体
  6
CONTINUOUS
 62
    3
 10
3793.6738402124565
 20
338.5996125996104
 11
3774.5344675285764
 21
344.40344006668113
  0
LINE
  8
_0-5_躯体
  6
CONTINUOUS
 62
    3
 10
3792.8102159722225
 20
335.75162542451636
 11
3773.670843288342
 21
341.55545289158709
  0
LINE
  8
_0-5_躯体
  6
CONTINUOUS
 62
    3
 10
3774.5344675285764
 20
344.40344006668113
 11
3773.6708432883424
 21
341.55545289158692
  0
LINE
  8
_0-5_躯体
  6
CONTINUOUS
 62
    3
 10
3793.6738402124565
 20
338.5996125996104
 11
3792.810215972223
 21
335.75162542451619
  0
LINE
  8
_0-5_躯体
  6
CONTINUOUS
 62
    3
 10
4020.2672633552911
 20
253.43071477473472
 11
3735.3487112458179
 21
339.8294774868944
  0
LINE
  8
_0-5_躯体
  6
CONTINUOUS
 62
    3
 10
3738.8465309251451
 20
351.2047699266534
 11
3735.3276681712218
 21
339.87626748872771
  0
TEXT
  8
_0-3_文字
 62
    7
 10
3130.5618296512853
 20
687.39926611925034
 40
15
 41
1
 50
0
  1
30.322
  0
INSERT
  2
-023-用紙枠A4横_1_
  8
_0-0_用紙枠
 10
0
 20
1050
 41
1
 42
1
 50
0
  0
INSERT
  2
-023-用紙枠A4横_1_
  8
_0-0_用紙枠
 10
1485
 20
1050
 41
1
 42
1
 50
0
  0
INSERT
  2
-023-用紙枠A4横_1_
  8
_0-0_用紙枠
 10
2970
 20
1050
 41
1
 42
1
 50
0
  0
INSERT
  2
-023-用紙枠A4横_1_
  8
_0-0_用紙枠
 10
-1485
 20
1050
 41
1
 42
1
 50
0
  0
INSERT
  2
-024-TS桟瓦_右_
  8
_0-7_瓦
 10
834.69978502038714
 20
372.10161344007645
 41
1
 42
1
 50
0
  0
INSERT
  2
-024-TS桟瓦_右_
  8
_0-7_瓦
 10
2319.699785020387
 20
372.10161344007645
 41
1
 42
1
 50
0
  0
INSERT
  2
-022-コ__ススッレッド38mm
  8
_0-6_副資材
 10
3764.5454987697826
 20
344.97905369863076
 41
0.2
 42
0.2
 50
-16.868352959999999
  0
INSERT
  2
-022-コ__ススッレッド38mm
  8
_0-6_副資材
 10
3812.4022756499662
 20
330.49703358262838
 41
0.2
 42
0.2
 50
-16.868352959999999
  0
INSERT
  2
-020-eスクリング釘65mm
  8
_0-6_副資材
 10
2310.1128481476881
 20
375.00454743456686
 41
0.2
 42
0.2
 50
-18
  0
INSERT
  2
-022-コ__ススッレッド38mm
  8
_0-6_副資材
 10
839.76399331273933
 20
322.89165742037756
 41
0.2
 42
0.2
 50
-24.22774532
  0
INSERT
  2
-022-コ__ススッレッド38mm
  8
_0-6_副資材
 10
794.02884787307289
 20
343.09800473038257
 41
0.2
 42
0.2
 50
-24.22774532
  0
INSERT
  2
-020-eスクリング釘65mm
  8
_0-6_副資材
 10
825.11284814768817
 20
375.00454743456686
 41
0.2
 42
0.2
 50
-18
  0
TEXT
  8
_0-3_文字
 62
    7
 10
876.49722772059681
 20
707.32305661199632
 40
17.5
 41
1
 50
0
  1
パッキン付きステンレスビス 55mm
  0
TEXT
  8
_0-3_文字
 62
    7
 10
876.82984631610952
 20
664.74787638636849
 40
17.5
 41
1
 50
0
  1
パッキン付きステンレスビス 180mm
  0
TEXT
  8
_0-3_文字
 62
    7
 10
877.0758768079636
 20
637.02946979803835
 40
17.5
 41
1
 50
0
  1
押え木(防腐処理) 15×40以上
  0
TEXT
  8
_0-3_文字
 62
    7
 10
2360.9726677528297
 20
706.77672120783188
 40
17.5
 41
1
 50
0
  1
パッキン付きステンレスビス 55mm
  0
TEXT
  8
_0-3_文字
 62
    7
 10
2361.2779539713374
 20
664.61172465624759
 40
17.5
 41
1
 50
0
  1
パッキン付きステンレスビス 180mm
  0
TEXT
  8
_0-3_文字
 62
    7
 10
2362.0758768079636
 20
637.02946979803835
 40
17.5
 41
1
 50
0
  1
押え木(防腐処理) 15×40以上
  0
TEXT
  8
_0-3_文字
 62
    7
 10
3891.9768599334329
 20
694.84354356356573
 40
17.5
 41
1
 50
0
  1
パッキン付きステンレスビス 55mm
  0
TEXT
  8
_0-3_文字
 62
    7
 10
3886.4547883821865
 20
648.06375533686287
 40
17.5
 41
1
 50
0
  1
パッキン付きステンレスビス 125mm
  0
TEXT
  8
_0-3_文字
 62
    7
 10
3879.7802985448702
 20
615.01178906372127
 40
17.5
 41
1
 50
0
  1
押え木(防腐処理) 15×40以上
  0
ENDSEC
  0
EOF
